  0
SECTION
  2
HEADER
  9
$ACADVER
  1
AC1018
  9
$ACADMAINTVER
 70
   104
  9
$DWGCODEPAGE
  3
ANSI_1252
  9
$LASTSAVEDBY
  1
HP
  9
$INSBASE
 10
0.0
 20
0.0
 30
0.0
  9
$EXTMIN
 10
393245.8158054444
 20
604568.9709038885
 30
0.0
  9
$EXTMAX
 10
393607.5496287201
 20
604878.3416924166
 30
0.0
  9
$LIMMIN
 10
0.0
 20
0.0
  9
$LIMMAX
 10
420.0
 20
297.0
  9
$ORTHOMODE
 70
     0
  9
$REGENMODE
 70
     1
  9
$FILLMODE
 70
     1
  9
$QTEXTMODE
 70
     0
  9
$MIRRTEXT
 70
     0
  9
$LTSCALE
 40
2.0
  9
$ATTMODE
 70
     1
  9
$TEXTSIZE
 40
2.5
  9
$TRACEWID
 40
1.0
  9
$TEXTSTYLE
  7
Standard
  9
$CLAYER
  8
0
  9
$CELTYPE
  6
ByLayer
  9
$CECOLOR
 62
   256
  9
$CELTSCALE
 40
1.0
  9
$DISPSILH
 70
     0
  9
$DIMSCALE
 40
1.0
  9
$DIMASZ
 40
2.5
  9
$DIMEXO
 40
0.625
  9
$DIMDLI
 40
3.75
  9
$DIMRND
 40
0.0
  9
$DIMDLE
 40
0.0
  9
$DIMEXE
 40
1.25
  9
$DIMTP
 40
0.0
  9
$DIMTM
 40
0.0
  9
$DIMTXT
 40
2.5
  9
$DIMCEN
 40
2.5
  9
$DIMTSZ
 40
0.0
  9
$DIMTOL
 70
     0
  9
$DIMLIM
 70
     0
  9
$DIMTIH
 70
     0
  9
$DIMTOH
 70
     0
  9
$DIMSE1
 70
     0
  9
$DIMSE2
 70
     0
  9
$DIMTAD
 70
     1
  9
$DIMZIN
 70
     8
  9
$DIMBLK
  1

  9
$DIMASO
 70
     1
  9
$DIMSHO
 70
     1
  9
$DIMPOST
  1

  9
$DIMAPOST
  1

  9
$DIMALT
 70
     0
  9
$DIMALTD
 70
     3
  9
$DIMALTF
 40
0.03937007874016
  9
$DIMLFAC
 40
1.0
  9
$DIMTOFL
 70
     1
  9
$DIMTVP
 40
0.0
  9
$DIMTIX
 70
     0
  9
$DIMSOXD
 70
     0
  9
$DIMSAH
 70
     0
  9
$DIMBLK1
  1

  9
$DIMBLK2
  1

  9
$DIMSTYLE
  2
ISO-25
  9
$DIMCLRD
 70
     0
  9
$DIMCLRE
 70
     0
  9
$DIMCLRT
 70
     0
  9
$DIMTFAC
 40
1.0
  9
$DIMGAP
 40
0.625
  9
$DIMJUST
 70
     0
  9
$DIMSD1
 70
     0
  9
$DIMSD2
 70
     0
  9
$DIMTOLJ
 70
     0
  9
$DIMTZIN
 70
     8
  9
$DIMALTZ
 70
     0
  9
$DIMALTTZ
 70
     0
  9
$DIMUPT
 70
     0
  9
$DIMDEC
 70
     2
  9
$DIMTDEC
 70
     2
  9
$DIMALTU
 70
     2
  9
$DIMALTTD
 70
     3
  9
$DIMTXSTY
  7
Standard
  9
$DIMAUNIT
 70
     0
  9
$DIMADEC
 70
     0
  9
$DIMALTRND
 40
0.0
  9
$DIMAZIN
 70
     0
  9
$DIMDSEP
 70
    44
  9
$DIMATFIT
 70
     3
  9
$DIMFRAC
 70
     0
  9
$DIMLDRBLK
  1

  9
$DIMLUNIT
 70
     2
  9
$DIMLWD
 70
    -2
  9
$DIMLWE
 70
    -2
  9
$DIMTMOVE
 70
     0
  9
$LUNITS
 70
     2
  9
$LUPREC
 70
     4
  9
$SKETCHINC
 40
1.0
  9
$FILLETRAD
 40
0.0
  9
$AUNITS
 70
     2
  9
$AUPREC
 70
     4
  9
$MENU
  1
.
  9
$ELEVATION
 40
0.0
  9
$PELEVATION
 40
0.0
  9
$THICKNESS
 40
0.0
  9
$LIMCHECK
 70
     0
  9
$CHAMFERA
 40
0.0
  9
$CHAMFERB
 40
0.0
  9
$CHAMFERC
 40
0.0
  9
$CHAMFERD
 40
0.0
  9
$SKPOLY
 70
     0
  9
$TDCREATE
 40
2461295.666724537
  9
$TDUCREATE
 40
2461295.666724537
  9
$TDUPDATE
 40
2461295.667418982
  9
$TDUUPDATE
 40
2461295.667418982
  9
$TDINDWG
 40
0.0006944444
  9
$TDUSRTIMER
 40
0.0006944444
  9
$USRTIMER
 70
     1
  9
$ANGBASE
 50
90.0
  9
$ANGDIR
 70
     1
  9
$PDMODE
 70
     0
  9
$PDSIZE
 40
0.0
  9
$PLINEWID
 40
0.0
  9
$SPLFRAME
 70
     0
  9
$SPLINETYPE
 70
     6
  9
$SPLINESEGS
 70
     8
  9
$HANDSEED
  5
606
  9
$SURFTAB1
 70
     6
  9
$SURFTAB2
 70
     6
  9
$SURFTYPE
 70
     6
  9
$SURFU
 70
     6
  9
$SURFV
 70
     6
  9
$UCSBASE
  2

  9
$UCSNAME
  2

  9
$UCSORG
 10
0.0
 20
0.0
 30
0.0
  9
$UCSXDIR
 10
1.0
 20
0.0
 30
0.0
  9
$UCSYDIR
 10
0.0
 20
1.0
 30
0.0
  9
$UCSORTHOREF
  2

  9
$UCSORTHOVIEW
 70
     0
  9
$UCSORGTOP
 10
0.0
 20
0.0
 30
0.0
  9
$UCSORGBOTTOM
 10
0.0
 20
0.0
 30
0.0
  9
$UCSORGLEFT
 10
0.0
 20
0.0
 30
0.0
  9
$UCSORGRIGHT
 10
0.0
 20
0.0
 30
0.0
  9
$UCSORGFRONT
 10
0.0
 20
0.0
 30
0.0
  9
$UCSORGBACK
 10
0.0
 20
0.0
 30
0.0
  9
$PUCSBASE
  2

  9
$PUCSNAME
  2

  9
$PUCSORG
 10
0.0
 20
0.0
 30
0.0
  9
$PUCSXDIR
 10
1.0
 20
0.0
 30
0.0
  9
$PUCSYDIR
 10
0.0
 20
1.0
 30
0.0
  9
$PUCSORTHOREF
  2

  9
$PUCSORTHOVIEW
 70
     0
  9
$PUCSORGTOP
 10
0.0
 20
0.0
 30
0.0
  9
$PUCSORGBOTTOM
 10
0.0
 20
0.0
 30
0.0
  9
$PUCSORGLEFT
 10
0.0
 20
0.0
 30
0.0
  9
$PUCSORGRIGHT
 10
0.0
 20
0.0
 30
0.0
  9
$PUCSORGFRONT
 10
0.0
 20
0.0
 30
0.0
  9
$PUCSORGBACK
 10
0.0
 20
0.0
 30
0.0
  9
$USERI1
 70
   200
  9
$USERI2
 70
     0
  9
$USERI3
 70
     0
  9
$USERI4
 70
     0
  9
$USERI5
 70
     0
  9
$USERR1
 40
0.0
  9
$USERR2
 40
0.0
  9
$USERR3
 40
0.0
  9
$USERR4
 40
0.0
  9
$USERR5
 40
0.0
  9
$WORLDVIEW
 70
     1
  9
$SHADEDGE
 70
     3
  9
$SHADEDIF
 70
    70
  9
$TILEMODE
 70
     1
  9
$MAXACTVP
 70
    64
  9
$PINSBASE
 10
0.0
 20
0.0
 30
0.0
  9
$PLIMCHECK
 70
     0
  9
$PEXTMIN
 10
0.0
 20
0.0
 30
0.0
  9
$PEXTMAX
 10
0.0
 20
0.0
 30
0.0
  9
$PLIMMIN
 10
0.0
 20
0.0
  9
$PLIMMAX
 10
12.0
 20
9.0
  9
$UNITMODE
 70
     0
  9
$VISRETAIN
 70
     1
  9
$PLINEGEN
 70
     1
  9
$PSLTSCALE
 70
     1
  9
$TREEDEPTH
 70
  3020
  9
$CMLSTYLE
  2
Standard
  9
$CMLJUST
 70
     0
  9
$CMLSCALE
 40
20.0
  9
$PROXYGRAPHICS
 70
     1
  9
$MEASUREMENT
 70
     1
  9
$CELWEIGHT
370
    -1
  9
$ENDCAPS
280
     0
  9
$JOINSTYLE
280
     0
  9
$LWDISPLAY
290
     0
  9
$INSUNITS
 70
     4
  9
$HYPERLINKBASE
  1

  9
$STYLESHEET
  1

  9
$XEDIT
290
     1
  9
$CEPSNTYPE
380
     0
  9
$PSTYLEMODE
290
     1
  9
$FINGERPRINTGUID
  2
{89E2D5FB-4D6C-6D49-B175-CEBA4F630AC6}
  9
$VERSIONGUID
  2
{E09CBCEB-3CE7-384D-99F5-AE305D34244A}
  9
$EXTNAMES
290
     1
  9
$PSVPSCALE
 40
0.0
  9
$OLESTARTUP
290
     0
  9
$SORTENTS
280
   127
  9
$INDEXCTL
280
     0
  9
$HIDETEXT
280
     1
  9
$XCLIPFRAME
290
     0
  9
$HALOGAP
280
     0
  9
$OBSCOLOR
 70
   257
  9
$OBSLTYPE
280
     0
  9
$INTERSECTIONDISPLAY
280
     0
  9
$INTERSECTIONCOLOR
 70
   257
  9
$DIMASSOC
280
     2
  9
$PROJECTNAME
  1

  0
ENDSEC
  0
SECTION
  2
CLASSES
  0
CLASS
  1
ACDBDICTIONARYWDFLT
  2
AcDbDictionaryWithDefault
  3
ObjectDBX Classes
 90
        0
 91
        1
280
     0
281
     0
  0
CLASS
  1
DICTIONARYVAR
  2
AcDbDictionaryVar
  3
ObjectDBX Classes
 90
        0
 91
       16
280
     0
281
     0
  0
CLASS
  1
TABLESTYLE
  2
AcDbTableStyle
  3
ObjectDBX Classes
 90
     4095
 91
        1
280
     0
281
     0
  0
CLASS
  1
MATERIAL
  2
AcDbMaterial
  3
ObjectDBX Classes
 90
     1153
 91
        3
280
     0
281
     0
  0
CLASS
  1
VISUALSTYLE
  2
AcDbVisualStyle
  3
ObjectDBX Classes
 90
     4095
 91
       24
280
     0
281
     0
  0
CLASS
  1
SCALE
  2
AcDbScale
  3
ObjectDBX Classes
 90
     1153
 91
       17
280
     0
281
     0
  0
CLASS
  1
MLEADERSTYLE
  2
AcDbMLeaderStyle
  3
ACDB_MLEADERSTYLE_CLASS
 90
     4095
 91
        2
280
     0
281
     0
  0
CLASS
  1
CELLSTYLEMAP
  2
AcDbCellStyleMap
  3
ObjectDBX Classes
 90
     1152
 91
        1
280
     0
281
     0
  0
CLASS
  1
EXACXREFPANELOBJECT
  2
ExAcXREFPanelObject
  3
EXAC_ESW
 90
     1025
 91
        1
280
     0
281
     0
  0
CLASS
  1
NPOCOLLECTION
  2
AcDbImpNonPersistentObjectsCollection
  3
ObjectDBX Classes
 90
     1153
 91
        1
280
     0
281
     0
  0
CLASS
  1
LAYER_INDEX
  2
AcDbLayerIndex
  3
ObjectDBX Classes
 90
        0
 91
        0
280
     0
281
     0
  0
CLASS
  1
SPATIAL_INDEX
  2
AcDbSpatialIndex
  3
ObjectDBX Classes
 90
        0
 91
        0
280
     0
281
     0
  0
CLASS
  1
IDBUFFER
  2
AcDbIdBuffer
  3
ObjectDBX Classes
 90
        0
 91
        0
280
     0
281
     0
  0
CLASS
  1
ACDBSECTIONVIEWSTYLE
  2
AcDbSectionViewStyle
  3
ObjectDBX Classes
 90
     1025
 91
        1
280
     0
281
     0
  0
CLASS
  1
ACDBDETAILVIEWSTYLE
  2
AcDbDetailViewStyle
  3
ObjectDBX Classes
 90
     1025
 91
        1
280
     0
281
     0
  0
CLASS
  1
SORTENTSTABLE
  2
AcDbSortentsTable
  3
ObjectDBX Classes
 90
        0
 91
        4
280
     0
281
     0
  0
ENDSEC
  0
SECTION
  2
TABLES
  0
TABLE
  2
VPORT
  5
8
330
0
100
AcDbSymbolTable
 70
     1
  0
VPORT
  5
EA
330
8
100
AcDbSymbolTableRecord
100
AcDbViewportTableRecord
  2
*Active
 70
     0
 10
0.0
 20
0.0
 11
1.0
 21
1.0
 12
393501.2195347937
 22
604675.2211960747
 13
0.0
 23
0.0
 14
10.0
 24
10.0
 15
10.0
 25
10.0
 16
0.0
 26
0.0
 36
1.0
 17
0.0
 27
0.0
 37
0.0
 40
502.2578409360997
 41
1.487468671679198
 42
50.0
 43
0.0
 44
0.0
 50
0.0
 51
0.0
 71
     0
 72
  1000
 73
     1
 74
     3
 75
     0
 76
     1
 77
     0
 78
     0
281
     0
 65
     1
110
0.0
120
0.0
130
0.0
111
1.0
121
0.0
131
0.0
112
0.0
122
1.0
132
0.0
 79
     0
146
0.0
1001
ACAD_NAV_VCDISPLAY
1070
     3
  0
ENDTAB
  0
TABLE
  2
LTYPE
  5
5
330
0
100
AcDbSymbolTable
 70
     3
  0
LTYPE
  5
14
330
5
100
AcDbSymbolTableRecord
100
AcDbLinetypeTableRecord
  2
ByBlock
 70
     0
  3

 72
    65
 73
     0
 40
0.0
  0
LTYPE
  5
15
330
5
100
AcDbSymbolTableRecord
100
AcDbLinetypeTableRecord
  2
ByLayer
 70
     0
  3

 72
    65
 73
     0
 40
0.0
  0
LTYPE
  5
16
330
5
100
AcDbSymbolTableRecord
100
AcDbLinetypeTableRecord
  2
Continuous
 70
     0
  3
Solid line
 72
    65
 73
     0
 40
0.0
  0
LTYPE
  5
2B5
330
5
100
AcDbSymbolTableRecord
100
AcDbLinetypeTableRecord
  2
ACAD_ISO10W100
 70
     0
  3
ISO tiret point __ . __ . __ . __ . __ . __ . __ .
 72
    65
 73
     4
 40
18.0
 49
12.0
 74
     0
 49
-3.0
 74
     0
 49
0.0
 74
     0
 49
-3.0
 74
     0
  0
LTYPE
  5
2B6
330
5
100
AcDbSymbolTableRecord
100
AcDbLinetypeTableRecord
  2
CACHEX2
 70
     0
  3
Caché (x2) ____ ____ ____ ____ ____ ____ ____
 72
    65
 73
     2
 40
19.05
 49
12.7
 74
     0
 49
-6.349999999999999
 74
     0
  0
ENDTAB
  0
TABLE
  2
LAYER
  5
2
102
{ACAD_XDICTIONARY
360
1FF
102
}
330
0
100
AcDbSymbolTable
 70
    13
  0
LAYER
  5
10
102
{ACAD_XDICTIONARY
360
13C
102
}
330
2
100
AcDbSymbolTableRecord
100
AcDbLayerTableRecord
  2
0
 70
     0
 62
     7
  6
Continuous
370
    -3
390
F
  0
LAYER
  5
2B7
330
2
100
AcDbSymbolTableRecord
100
AcDbLayerTableRecord
  2
ILOTS
 70
     2
 62
   152
  6
Continuous
370
    -3
390
F
1001
AcAecLayerStandard
1000

1000

1001
AcCmTransparency
1071
        0
  0
LAYER
  5
2B8
330
2
100
AcDbSymbolTableRecord
100
AcDbLayerTableRecord
  2
003 lot
 70
     2
 62
     7
  6
Continuous
370
    -3
390
F
1001
AcAecLayerStandard
1000

1000

1001
AcCmTransparency
1071
        0
  0
LAYER
  5
2B9
330
2
100
AcDbSymbolTableRecord
100
AcDbLayerTableRecord
  2
009 axe 10
 70
     2
 62
     7
  6
Continuous
370
    -3
390
F
1001
AcAecLayerStandard
1000

1000

1001
AcCmTransparency
1071
        0
  0
LAYER
  5
2BA
330
2
100
AcDbSymbolTableRecord
100
AcDbLayerTableRecord
  2
AXES 8m
 70
     0
 62
     7
  6
Continuous
370
    30
390
F
1001
AcAecLayerStandard
1000

1000

1001
AcCmTransparency
1071
        0
  0
LAYER
  5
2BB
330
2
100
AcDbSymbolTableRecord
100
AcDbLayerTableRecord
  2
cn lot
 70
     2
 62
   253
  6
Continuous
370
    -3
390
F
1001
AcAecLayerStandard
1000

1000

1001
AcCmTransparency
1071
        0
  0
LAYER
  5
2BC
330
2
100
AcDbSymbolTableRecord
100
AcDbLayerTableRecord
  2
004 EV
 70
     2
 62
     7
  6
Continuous
370
    -3
390
F
1001
AcAecLayerStandard
1000

1000

1001
AcCmTransparency
1071
        0
  0
LAYER
  5
2BD
330
2
100
AcDbSymbolTableRecord
100
AcDbLayerTableRecord
  2
NUM LOTS
 70
     2
 62
    30
  6
Continuous
370
    -3
390
F
1001
AcAecLayerStandard
1000

1000

1001
AcCmTransparency
1071
        0
  0
LAYER
  5
2BE
330
2
100
AcDbSymbolTableRecord
100
AcDbLayerTableRecord
  2
NUM ILOTS
 70
     2
 62
    20
  6
Continuous
370
    -3
390
F
1001
AcAecLayerStandard
1000

1000

1001
AcCmTransparency
1071
        0
  0
LAYER
  5
2BF
330
2
100
AcDbSymbolTableRecord
100
AcDbLayerTableRecord
  2
NOM PROMOTEUR LETTRE D'AFFECTATION
 70
     0
 62
     7
  6
Continuous
370
    -3
390
F
1001
AcAecLayerStandard
1000

1000

1001
AcCmTransparency
1071
        0
  0
LAYER
  5
2C0
330
2
100
AcDbSymbolTableRecord
100
AcDbLayerTableRecord
  2
AB_PUD_PROJ_hachure zone verte projetée
 70
     0
 62
     3
  6
Continuous
370
    -3
390
F
1001
AcAecLayerStandard
1000

1000

  0
LAYER
  5
2C1
330
2
100
AcDbSymbolTableRecord
100
AcDbLayerTableRecord
  2
Cotation Surface lots
 70
     0
 62
   116
  6
Continuous
370
    -3
390
F
  0
LAYER
  5
2C2
330
2
100
AcDbSymbolTableRecord
100
AcDbLayerTableRecord
  2
RENSEIGNEMENTS
 70
     0
 62
     7
  6
Continuous
370
    -3
390
F
  0
ENDTAB
  0
TABLE
  2
STYLE
  5
3
330
0
100
AcDbSymbolTable
 70
     5
  0
STYLE
  5
11
330
3
100
AcDbSymbolTableRecord
100
AcDbTextStyleTableRecord
  2
Standard
 70
     0
 40
0.0
 41
1.0
 50
0.0
 71
     0
 42
2.5
  3
arial.ttf
  4

1001
ACAD
1000
Arial
1071
       34
  0
STYLE
  5
132
330
3
100
AcDbSymbolTableRecord
100
AcDbTextStyleTableRecord
  2
Annotatif
 70
     0
 40
0.0
 41
1.0
 50
0.0
 71
     0
 42
2.5
  3
arial.ttf
  4

1001
AcadAnnotative
1000
AnnotativeData
1002
{
1070
     1
1070
     1
1002
}
1001
ACAD
1000
Arial
1071
       34
  0
STYLE
  5
2C3
330
3
100
AcDbSymbolTableRecord
100
AcDbTextStyleTableRecord
  2
RMT
 70
     0
 40
0.0
 41
1.0
 50
0.0
 71
     0
 42
15.0
  3
romant.shx
  4

  0
STYLE
  5
2C4
330
3
100
AcDbSymbolTableRecord
100
AcDbTextStyleTableRecord
  2
ROMANS
 70
     0
 40
0.0
 41
1.0
 50
0.0
 71
     0
 42
0.2865
  3
ROMANC
  4

  0
STYLE
  5
2C5
330
3
100
AcDbSymbolTableRecord
100
AcDbTextStyleTableRecord
  2
DUTCHI
 70
     0
 40
0.0
 41
1.0
 50
0.0
 71
     0
 42
0.2
  3
dutchi.ttf
  4

1001
ACAD
1000
Dutch801 Rm BT
1071
 16777234
  0
ENDTAB
  0
TABLE
  2
VIEW
  5
6
330
0
100
AcDbSymbolTable
 70
     0
  0
ENDTAB
  0
TABLE
  2
UCS
  5
7
330
0
100
AcDbSymbolTable
 70
     0
  0
ENDTAB
  0
TABLE
  2
APPID
  5
9
330
0
100
AcDbSymbolTable
 70
    13
  0
APPID
  5
12
330
9
100
AcDbSymbolTableRecord
100
AcDbRegAppTableRecord
  2
ACAD
 70
     0
  0
APPID
  5
9E
330
9
100
AcDbSymbolTableRecord
100
AcDbRegAppTableRecord
  2
ACAD_PSEXT
 70
     0
  0
APPID
  5
133
330
9
100
AcDbSymbolTableRecord
100
AcDbRegAppTableRecord
  2
AcadAnnoPO
 70
     0
  0
APPID
  5
134
330
9
100
AcDbSymbolTableRecord
100
AcDbRegAppTableRecord
  2
AcadAnnotative
 70
     0
  0
APPID
  5
135
330
9
100
AcDbSymbolTableRecord
100
AcDbRegAppTableRecord
  2
ACAD_DSTYLE_DIMJAG
 70
     0
  0
APPID
  5
136
330
9
100
AcDbSymbolTableRecord
100
AcDbRegAppTableRecord
  2
ACAD_DSTYLE_DIMTALN
 70
     0
  0
APPID
  5
165
330
9
100
AcDbSymbolTableRecord
100
AcDbRegAppTableRecord
  2
ACAD_MLEADERVER
 70
     0
  0
APPID
  5
217
330
9
100
AcDbSymbolTableRecord
100
AcDbRegAppTableRecord
  2
ACAD_NAV_VCDISPLAY
 70
     0
  0
APPID
  5
28E
330
9
100
AcDbSymbolTableRecord
100
AcDbRegAppTableRecord
  2
COVADIS_ECHELLE
 70
     0
  0
APPID
  5
2C6
330
9
100
AcDbSymbolTableRecord
100
AcDbRegAppTableRecord
  2
AcAecLayerStandard
 70
     0
  0
APPID
  5
2C7
330
9
100
AcDbSymbolTableRecord
100
AcDbRegAppTableRecord
  2
AcCmTransparency
 70
     0
  0
APPID
  5
2C8
330
9
100
AcDbSymbolTableRecord
100
AcDbRegAppTableRecord
  2
GradientColor1ACI
 70
     0
  0
APPID
  5
2C9
330
9
100
AcDbSymbolTableRecord
100
AcDbRegAppTableRecord
  2
GradientColor2ACI
 70
     0
  0
ENDTAB
  0
TABLE
  2
DIMSTYLE
  5
A
330
0
100
AcDbSymbolTable
 70
     3
100
AcDbDimStyleTable
 71
     2
340
27
340
137
  0
DIMSTYLE
105
1B0
330
A
100
AcDbSymbolTableRecord
100
AcDbDimStyleTableRecord
  2
Standard
 70
     0
340
11
  0
DIMSTYLE
105
137
330
A
100
AcDbSymbolTableRecord
100
AcDbDimStyleTableRecord
  2
Annotatif
 70
     0
 40
0.0
 41
2.5
 42
0.625
 43
3.75
 44
1.25
 73
     0
 74
     0
 77
     1
 78
     8
140
2.5
141
2.5
143
0.03937007874016
147
0.625
171
     3
172
     1
271
     2
272
     2
274
     3
278
    44
283
     0
284
     8
340
11
1001
AcadAnnotative
1000
AnnotativeData
1002
{
1070
     1
1070
     1
1002
}
1001
ACAD_DSTYLE_DIMJAG
1070
   388
1040
1.5
1001
ACAD_DSTYLE_DIMTALN
1070
   392
1070
     0
  0
DIMSTYLE
105
27
330
A
100
AcDbSymbolTableRecord
100
AcDbDimStyleTableRecord
  2
ISO-25
 70
     0
 41
2.5
 42
0.625
 43
3.75
 44
1.25
 73
     0
 74
     0
 77
     1
 78
     8
140
2.5
141
2.5
143
0.03937007874016
147
0.625
171
     3
172
     1
271
     2
272
     2
274
     3
278
    44
283
     0
284
     8
340
11
  0
ENDTAB
  0
TABLE
  2
BLOCK_RECORD
  5
1
330
0
100
AcDbSymbolTable
 70
     6
  0
BLOCK_RECORD
  5
1F
102
{ACAD_XDICTIONARY
360
1CE
102
}
330
1
100
AcDbSymbolTableRecord
100
AcDbBlockTableRecord
  2
*Model_Space
340
22
1001
COVADIS_ECHELLE
1040
200.0
  0
BLOCK_RECORD
  5
D2
330
1
100
AcDbSymbolTableRecord
100
AcDbBlockTableRecord
  2
*Paper_Space
340
D3
  0
BLOCK_RECORD
  5
D6
330
1
100
AcDbSymbolTableRecord
100
AcDbBlockTableRecord
  2
*Paper_Space0
340
D7
  0
BLOCK_RECORD
  5
28F
330
1
100
AcDbSymbolTableRecord
100
AcDbBlockTableRecord
  2
Y003
340
0
102
{BLKREFS
331
2A7
102
}
  0
BLOCK_RECORD
  5
2A3
102
{ACAD_XDICTIONARY
360
2A4
102
}
330
1
100
AcDbSymbolTableRecord
100
AcDbBlockTableRecord
  2
A$C4384197B
340
0
102
{BLKREFS
331
2AD
102
}
1001
ACAD
1000
DesignCenter Data
1002
{
1070
     1
1070
     4
1002
}
  0
BLOCK_RECORD
  5
2A9
102
{ACAD_XDICTIONARY
360
2AA
102
}
330
1
100
AcDbSymbolTableRecord
100
AcDbBlockTableRecord
  2
A$C7E1D5F30
340
0
102
{BLKREFS
331
2B3
102
}
1001
ACAD
1000
DesignCenter Data
1002
{
1070
     1
1070
     4
1002
}
  0
BLOCK_RECORD
  5
2AF
102
{ACAD_XDICTIONARY
360
2B0
102
}
330
1
100
AcDbSymbolTableRecord
100
AcDbBlockTableRecord
  2
A$C0CD24B28
340
0
102
{BLKREFS
102
}
1001
ACAD
1000
DesignCenter Data
1002
{
1070
     1
1070
     4
1002
}
  0
ENDTAB
  0
ENDSEC
  0
SECTION
  2
BLOCKS
  0
BLOCK
  5
20
330
1F
100
AcDbEntity
  8
0
100
AcDbBlockBegin
  2
*Model_Space
 70
     0
 10
0.0
 20
0.0
 30
0.0
  3
*Model_Space
  1

  0
ENDBLK
  5
21
330
1F
100
AcDbEntity
  8
0
100
AcDbBlockEnd
  0
BLOCK
  5
D4
330
D2
100
AcDbEntity
 67
     1
  8
0
100
AcDbBlockBegin
  2
*Paper_Space
 70
     0
 10
0.0
 20
0.0
 30
0.0
  3
*Paper_Space
  1

  0
ENDBLK
  5
D5
330
D2
100
AcDbEntity
 67
     1
  8
0
100
AcDbBlockEnd
  0
BLOCK
  5
D8
330
D6
100
AcDbEntity
 67
     1
  8
0
100
AcDbBlockBegin
  2
*Paper_Space0
 70
     0
 10
0.0
 20
0.0
 30
0.0
  3
*Paper_Space0
  1

  0
ENDBLK
  5
D9
330
D6
100
AcDbEntity
 67
     1
  8
0
100
AcDbBlockEnd
  0
BLOCK
  5
290
330
28F
100
AcDbEntity
  8
0
100
AcDbBlockBegin
  2
Y003
 70
     0
 10
0.0
 20
0.0
 30
0.0
  3
Y003
  1

  0
TEXT
  5
291
330
28F
100
AcDbEntity
  8
0
 62
     0
100
AcDbText
 10
-0.7291710000000001
 20
0.313815
 30
0.0
 40
1.279388999999999
  1
N
  7
ROMANS
100
AcDbText
  0
SOLID
  5
292
330
28F
100
AcDbEntity
  8
0
 62
     0
100
AcDbTrace
 10
3.103451999999999
 20
-3.103451999999999
 30
0.0
 11
1.034483999999999
 21
-5.172419999999999
 31
0.0
 12
0.9127799999999998
 22
-4.5639
 32
0.0
 13
0.9127799999999998
 23
-4.5639
 33
0.0
  0
LINE
  5
293
330
28F
100
AcDbEntity
  8
0
 62
     0
100
AcDbLine
 10
3.103451999999999
 20
-3.103451999999999
 30
0.0
 11
1.773400999999999
 21
-5.320203
 31
0.0
  0
LINE
  5
294
330
28F
100
AcDbEntity
  8
0
 62
     0
100
AcDbLine
 10
1.034483999999999
 20
-7.241388
 30
0.0
 11
6.206903999999999
 21
-6.206903999999999
 31
0.0
  0
SOLID
  5
295
330
28F
100
AcDbEntity
  8
0
 62
     0
100
AcDbTrace
 10
3.103451999999999
 20
-9.310356
 30
0.0
 11
1.034483999999999
 21
-7.241388
 31
0.0
 12
1.643004
 22
-7.119683999999999
 32
0.0
 13
1.643004
 23
-7.119683999999999
 33
0.0
  0
LINE
  5
296
330
28F
100
AcDbEntity
  8
0
 62
     0
100
AcDbLine
 10
3.103451999999999
 20
-9.310356
 30
0.0
 11
0.886701
 21
-7.980305
 31
0.0
  0
SOLID
  5
297
330
28F
100
AcDbEntity
  8
0
 62
     0
100
AcDbTrace
 10
-3.103451999999999
 20
-3.103451999999999
 30
0.0
 11
-1.034483999999999
 21
-5.172419999999999
 31
0.0
 12
-0.9127799999999998
 22
-4.5639
 32
0.0
 13
-0.9127799999999998
 23
-4.5639
 33
0.0
  0
LINE
  5
298
330
28F
100
AcDbEntity
  8
0
 62
     0
100
AcDbLine
 10
-3.103451999999999
 20
-3.103451999999999
 30
0.0
 11
-1.773400999999999
 21
-5.320203
 31
0.0
  0
LINE
  5
299
330
28F
100
AcDbEntity
  8
0
 62
     0
100
AcDbLine
 10
-6.206903999999999
 20
-6.206903999999999
 30
0.0
 11
-1.034483999999999
 21
-7.241388
 31
0.0
  0
SOLID
  5
29A
330
28F
100
AcDbEntity
  8
0
 62
     0
100
AcDbTrace
 10
-6.206903999999999
 20
-6.206903999999999
 30
0.0
 11
-1.034483999999999
 21
-5.172419999999999
 31
0.0
 12
0.0
 22
-6.206903999999999
 32
0.0
 13
0.0
 23
-6.206903999999999
 33
0.0
  0
SOLID
  5
29B
330
28F
100
AcDbEntity
  8
0
 62
     0
100
AcDbTrace
 10
-3.103451999999999
 20
-9.310356
 30
0.0
 11
-1.034483999999999
 21
-7.241388
 31
0.0
 12
-1.643004
 22
-7.119683999999999
 32
0.0
 13
-1.643004
 23
-7.119683999999999
 33
0.0
  0
LINE
  5
29C
330
28F
100
AcDbEntity
  8
0
 62
     0
100
AcDbLine
 10
-3.103451999999999
 20
-9.310356
 30
0.0
 11
-0.886701
 21
-7.980305
 31
0.0
  0
SOLID
  5
29D
330
28F
100
AcDbEntity
  8
0
 62
     0
100
AcDbTrace
 10
0.0
 20
-6.206903999999999
 30
0.0
 11
0.0
 21
-12.413808
 31
0.0
 12
-1.034483999999999
 22
-7.241388
 32
0.0
 13
-1.034483999999999
 23
-7.241388
 33
0.0
  0
SOLID
  5
29E
330
28F
100
AcDbEntity
  8
0
 62
     0
100
AcDbTrace
 10
0.0
 20
-6.206903999999999
 30
0.0
 11
6.206903999999999
 21
-6.206903999999999
 31
0.0
 12
1.034483999999999
 22
-5.172419999999999
 32
0.0
 13
1.034483999999999
 23
-5.172419999999999
 33
0.0
  0
LWPOLYLINE
  5
29F
330
28F
100
AcDbEntity
  8
0
 62
     0
100
AcDbPolyline
 90
        3
 70
     0
 43
0.0
 10
0.0
 20
-12.413808
 10
1.034483999999999
 20
-7.241388
 10
0.0
 20
-6.206903999999999
  0
LINE
  5
2A0
330
28F
100
AcDbEntity
  8
0
 62
     0
100
AcDbLine
 10
0.0
 20
0.0
 30
0.0
 11
1.034483999999999
 21
-5.172419999999999
 31
0.0
  0
SOLID
  5
2A1
330
28F
100
AcDbEntity
  8
0
 62
     0
100
AcDbTrace
 10
0.0
 20
-6.206903999999999
 30
0.0
 11
0.0
 21
-6.206903999999999
 31
0.0
 12
0.0
 22
0.0
 32
0.0
 13
-1.034483999999999
 23
-5.172419999999999
 33
0.0
  0
ENDBLK
  5
2A2
330
28F
100
AcDbEntity
  8
0
100
AcDbBlockEnd
  0
BLOCK
  5
2A6
330
2A3
100
AcDbEntity
  8
0
100
AcDbBlockBegin
  2
A$C4384197B
 70
     0
 10
0.0
 20
0.0
 30
0.0
  3
A$C4384197B
  1

  0
INSERT
  5
2A7
330
2A3
100
AcDbEntity
  8
0
 62
     0
100
AcDbBlockReference
  2
Y003
 10
0.0
 20
223.4485440000426
 30
0.0
 41
36.0
 42
36.0
 43
36.0
  0
ENDBLK
  5
2A8
330
2A3
100
AcDbEntity
  8
0
100
AcDbBlockEnd
  0
BLOCK
  5
2AC
330
2A9
100
AcDbEntity
  8
0
100
AcDbBlockBegin
  2
A$C7E1D5F30
 70
     0
 10
0.0
 20
0.0
 30
0.0
  3
A$C7E1D5F30
  1

  0
INSERT
  5
2AD
330
2A9
100
AcDbEntity
  8
0
 62
    18
420
        0
100
AcDbBlockReference
  2
A$C4384197B
 10
0.0
 20
0.0
 30
0.0
 41
0.4828229512578704
 42
0.4828229512578704
 43
0.4828229512578704
  0
ENDBLK
  5
2AE
330
2A9
100
AcDbEntity
  8
0
100
AcDbBlockEnd
  0
BLOCK
  5
2B2
330
2AF
100
AcDbEntity
  8
0
100
AcDbBlockBegin
  2
A$C0CD24B28
 70
     0
 10
0.0
 20
0.0
 30
0.0
  3
A$C0CD24B28
  1

  0
INSERT
  5
2B3
330
2AF
100
AcDbEntity
  8
0
100
AcDbBlockReference
  2
A$C7E1D5F30
 10
0.0
 20
0.0
 30
0.0
 41
0.2373623848486727
 42
0.2373623848486727
 43
0.2373623848486727
  0
ENDBLK
  5
2B4
330
2AF
100
AcDbEntity
  8
0
100
AcDbBlockEnd
  0
ENDSEC
  0
SECTION
  2
ENTITIES
  0
LWPOLYLINE
  5
449
330
1F
100
AcDbEntity
  8
ILOTS
 62
   217
420
  9643919
100
AcDbPolyline
 90
        6
 70
   128
 43
2.0
 10
393526.573
 20
604828.0479999999
 10
393571.4220000001
 20
604741.475
 10
393364.938
 20
604632.283
 10
393354.61
 20
604636.244
 10
393320.9960000001
 20
604727.7660000001
 10
393526.573
 20
604828.0479999999
  0
LWPOLYLINE
  5
44B
330
1F
100
AcDbEntity
  8
ILOTS
  6
Continuous
 62
    81
420
 10485631
100
AcDbPolyline
 90
        2
 70
     0
 43
0.0
 10
393339.3343874165
 20
604619.8232908186
 10
393267.0170528388
 20
604816.7293302483
  0
LWPOLYLINE
  5
44C
330
1F
100
AcDbEntity
  8
ILOTS
  6
Continuous
 62
    81
420
 10485631
100
AcDbPolyline
 90
        2
 70
     0
 43
0.0
 10
393339.3343874165
 20
604619.8232908186
 10
393271.8581533592
 20
604581.369350615
  0
LWPOLYLINE
  5
44D
330
1F
100
AcDbEntity
  8
ILOTS
  6
Continuous
100
AcDbPolyline
 90
        4
 70
     0
 43
1.0
 10
393288.8324736683
 20
604569.4129067271
 10
393345.7728549927
 20
604599.5238795754
 10
393351.9166680658
 20
604597.1678004317
 10
393362.1103122418
 20
604569.4129067271
  0
LWPOLYLINE
  5
44E
330
1F
100
AcDbEntity
  8
ILOTS
  6
Continuous
100
AcDbPolyline
 90
        4
 70
     0
 43
1.0
 10
393607.3158906389
 20
604737.8319671185
 10
393368.8858198893
 20
604611.746380413
 10
393366.189576189
 20
604604.7155396454
 10
393379.1553069273
 20
604569.4129067271
  0
LWPOLYLINE
  5
44F
330
1F
100
AcDbEntity
  8
ILOTS
 62
    18
420
        0
100
AcDbPolyline
 90
        2
 70
   128
 43
0.0
 10
393267.0170528388
 20
604851.5342232029
 10
393370.6328095844
 20
604569.4129067271
  0
LWPOLYLINE
  5
450
330
1F
100
AcDbEntity
  8
ILOTS
  6
Continuous
100
AcDbPolyline
 90
        4
 70
     0
 43
1.0
 10
393246.0495435256
 20
604569.4129067271
 10
393338.8149187814
 20
604618.4687021153
 10
393341.5111624817
 20
604625.4995428831
 10
393267.0170528388
 20
604828.3294689694
  0
LWPOLYLINE
  5
451
330
1F
100
AcDbEntity
  8
ILOTS
  6
Continuous
100
AcDbPolyline
 90
        2
 70
     0
 43
1.0
 10
393571.4220000001
 20
604741.475
 10
393607.3158906389
 20
604760.456256207
  0
LWPOLYLINE
  5
452
330
1F
100
AcDbEntity
  8
ILOTS
 62
    18
420
        0
100
AcDbPolyline
 90
        2
 70
   128
 43
0.0
 10
393267.441008597
 20
604569.4129067271
 10
393607.3158906389
 20
604749.1441116628
  0
LWPOLYLINE
  5
453
330
1F
100
AcDbEntity
  8
ILOTS
  6
Continuous
100
AcDbPolyline
 90
        2
 70
     0
 43
1.0
 10
393339.983635476
 20
604768.8859839467
 10
393349.9062690589
 20
604741.8686457326
  0
LWPOLYLINE
  5
454
330
1F
100
AcDbEntity
  8
ILOTS
  6
Continuous
100
AcDbPolyline
 90
        2
 70
     0
 43
1.0
 10
393349.9062547726
 20
604741.8686387636
 10
393386.0537093902
 20
604643.4493205852
  0
LWPOLYLINE
  5
455
330
1F
100
AcDbEntity
  8
ILOTS
  6
ACAD_ISO10W100
 62
    40
420
 16308017
100
AcDbPolyline
 90
        2
 70
   128
 43
0.0
 10
393344.4809358643
 20
604771.143002796
 10
393393.9930080192
 20
604636.3356025337
  0
LWPOLYLINE
  5
456
330
1F
100
AcDbEntity
  8
ILOTS
  6
Continuous
100
AcDbPolyline
 90
        2
 70
     0
 43
1.0
 10
393348.9787751862
 20
604773.4002921151
 10
393357.2080333898
 20
604750.9936749319
  0
LWPOLYLINE
  5
457
330
1F
100
AcDbEntity
  8
ILOTS
  6
Continuous
100
AcDbPolyline
 90
        2
 70
     0
 43
1.0
 10
393360.6735511112
 20
604741.5578326635
 10
393366.2184868502
 20
604726.4605374169
  0
HATCH
  5
458
330
1F
100
AcDbEntity
  8
ILOTS
 62
   244
420
 10033950
100
AcDbHatch
 10
0.0
 20
0.0
 30
0.0
210
0.0
220
0.0
230
1.0
  2
ANSI31
 70
     0
 71
     1
 91
        1
 92
        7
 72
     0
 73
     1
 93
        4
 10
393387.4758440789
 20
604727.9289572416
 10
393368.9909547197
 20
604718.9118897938
 10
393377.5791792625
 20
604695.5285779451
 10
393398.7025946904
 20
604706.6989736047
 97
        4
330
47C
330
459
330
473
330
4BC
 75
     1
 76
     1
 52
0.0
 41
1.0
 77
     0
 78
     1
 53
45.0
 43
0.0
 44
0.0
 45
-2.245064030267288
 46
2.245064030267288
 79
     0
 47
0.2183950397614669
 98
        1
 10
393387.2946933214
 20
604713.1806052374
1001
GradientColor1ACI
1070
     5
1001
GradientColor2ACI
1070
     2
1001
ACAD
1010
0.0
1020
0.0
1030
0.0
  0
LWPOLYLINE
  5
459
102
{ACAD_REACTORS
330
458
102
}
330
1F
100
AcDbEntity
  8
ILOTS
  6
Continuous
100
AcDbPolyline
 90
        2
 70
     0
 43
1.0
 10
393368.9909547197
 20
604718.9118897937
 10
393377.5791792625
 20
604695.5285779451
  0
LWPOLYLINE
  5
45A
330
1F
100
AcDbEntity
  8
ILOTS
  6
Continuous
100
AcDbPolyline
 90
        2
 70
     0
 43
1.0
 10
393380.3623938209
 20
604687.9506701208
 10
393385.9288229377
 20
604672.794854472
  0
LWPOLYLINE
  5
45B
330
1F
100
AcDbEntity
  8
ILOTS
  6
Continuous
100
AcDbPolyline
 90
        2
 70
     0
 43
1.0
 10
393389.4078411357
 20
604663.3224696915
 10
393394.9742702525
 20
604648.1666540429
  0
LWPOLYLINE
  5
45C
330
1F
100
AcDbEntity
  8
ILOTS
  6
Continuous
100
AcDbPolyline
 90
        2
 70
     0
 43
1.0
 10
393494.7003579197
 20
604854.7900525795
 10
393511.569427244
 20
604822.2269834813
  0
LWPOLYLINE
  5
45D
330
1F
100
AcDbEntity
  8
ILOTS
  6
Continuous
100
AcDbPolyline
 90
        2
 70
     0
 43
1.0
 10
393511.569427244
 20
604822.2269834813
 10
393549.917331186
 20
604748.2024227996
  0
LWPOLYLINE
  5
45E
330
1F
100
AcDbEntity
  8
ILOTS
  6
ACAD_ISO10W100
 62
    40
420
 16308017
100
AcDbPolyline
 90
        2
 70
   128
 43
0.0
 10
393490.2075283689
 20
604852.592814273
 10
393543.1971407491
 20
604750.3047522433
  0
LWPOLYLINE
  5
45F
330
1F
100
AcDbEntity
  8
ILOTS
  6
Continuous
100
AcDbPolyline
 90
        2
 70
     0
 43
1.0
 10
393485.7146988181
 20
604850.3955759665
 10
393500.8979581919
 20
604821.086696228
  0
LWPOLYLINE
  5
460
330
1F
100
AcDbEntity
  8
ILOTS
  6
Continuous
100
AcDbPolyline
 90
        2
 70
     0
 43
1.0
 10
393486.513489816
 20
604814.0698448406
 10
393486.6911258936
 20
604813.7269465008
  0
LWPOLYLINE
  5
461
330
1F
100
AcDbEntity
  8
ILOTS
  6
Continuous
100
AcDbPolyline
 90
        2
 70
     0
 43
1.0
 10
393505.4991414053
 20
604812.2048400906
 10
393512.8610345467
 20
604797.9938702707
  0
LWPOLYLINE
  5
462
330
1F
100
AcDbEntity
  8
ILOTS
  6
Continuous
100
AcDbPolyline
 90
        2
 70
     0
 43
1.0
 10
393516.5419811174
 20
604790.8883853607
 10
393536.4769503122
 20
604752.407081687
  0
LWPOLYLINE
  5
463
330
1F
100
AcDbEntity
  8
ILOTS
  6
Continuous
100
AcDbPolyline
 90
        2
 70
     0
 43
1.0
 10
393487.7730443658
 20
604776.854682586
 10
393508.1877572413
 20
604737.4473096476
  0
LWPOLYLINE
  5
464
330
1F
100
AcDbEntity
  8
ILOTS
  6
CACHEX2
 62
     6
 48
0.4
100
AcDbPolyline
 90
        2
 70
     0
 43
0.0
 10
393482.3364539866
 20
604778.6532121941
 10
393506.951612127
 20
604731.1375443178
  0
LWPOLYLINE
  5
465
330
1F
100
AcDbEntity
  8
ILOTS
  6
Continuous
100
AcDbPolyline
 90
        2
 70
     0
 43
1.0
 10
393480.5808101778
 20
604773.3462568923
 10
393501.1154589735
 20
604733.7073666376
  0
LWPOLYLINE
  5
466
330
1F
100
AcDbEntity
  8
ILOTS
  6
Continuous
100
AcDbPolyline
 90
        2
 70
     0
 43
1.0
 10
393451.8118734262
 20
604759.3125541176
 10
393472.8262659026
 20
604718.7475945984
  0
LWPOLYLINE
  5
467
330
1F
100
AcDbEntity
  8
ILOTS
  6
CACHEX2
 62
     6
 48
0.4
100
AcDbPolyline
 90
        2
 70
     0
 43
0.0
 10
393446.375283047
 20
604761.1110837257
 10
393471.5901207884
 20
604712.4378292684
  0
LWPOLYLINE
  5
468
330
1F
100
AcDbEntity
  8
ILOTS
  6
Continuous
100
AcDbPolyline
 90
        2
 70
     0
 43
1.0
 10
393444.6196392383
 20
604755.804128424
 10
393465.7539676349
 20
604715.0076515884
  0
LWPOLYLINE
  5
469
330
1F
100
AcDbEntity
  8
ILOTS
  6
Continuous
100
AcDbPolyline
 90
        2
 70
     0
 43
1.0
 10
393415.8507024867
 20
604741.7704256492
 10
393437.464774564
 20
604700.047879549
  0
LWPOLYLINE
  5
46A
330
1F
100
AcDbEntity
  8
ILOTS
  6
CACHEX2
 62
     6
 48
0.4
100
AcDbPolyline
 90
        2
 70
     0
 43
0.0
 10
393410.4141121075
 20
604743.5689552572
 10
393436.2286294499
 20
604693.7381142191
  0
HATCH
  5
46B
330
1F
100
AcDbEntity
  8
ILOTS
 62
   114
420
  1284936
100
AcDbHatch
 10
0.0
 20
0.0
 30
0.0
210
0.0
220
0.0
230
1.0
  2
ALEA
 70
     0
 71
     1
 91
        1
 92
        7
 72
     0
 73
     1
 93
        4
 10
393408.6584682987
 20
604738.2619999556
 10
393390.1735789395
 20
604729.2449325078
 10
393401.3546117224
 20
604708.101402092
 10
393419.3524570022
 20
604717.6189468983
 97
        4
330
47D
330
4BB
330
474
330
46C
 75
     1
 76
     1
 52
0.0
 41
0.21
 77
     0
 78
    11
 53
312.0
 43
0.2100000000209548
 44
0.0
 45
2.464931953004393
 46
0.5239374601000942
 79
     2
 49
0.0
 49
-1.574999999999999
 53
67.0
 43
-0.1049999999813735
 44
0.1818653340451419
 45
-2.501216301089714
 46
-0.3071107458251492
 79
     2
 49
0.0
 49
-2.624999999999999
 53
153.0
 43
-0.1049999999813735
 44
0.1818653340451419
 45
0.1318866102483079
 46
-2.516546426568642
 79
     2
 49
0.0
 49
-2.099999999999999
 53
180.0
 43
-0.1049999999813735
 44
-0.1818653340451419
 45
1.259999999999999
 46
-2.182384016399999
 79
     2
 49
0.0
 49
-2.099999999999999
 53
74.0
 43
-0.8400000000256113
 44
0.0
 45
-2.445145229122762
 46
-0.6096431772245033
 79
     2
 49
0.0
 49
-2.099999999999999
 53
286.0
 43
-0.8400000000256113
 44
0.0
 45
2.445145229122762
 46
-0.6096431772245026
 79
     2
 49
0.0
 49
-2.099999999999998
 53
52.0
 43
0.4199999999837019
 44
-0.7274613380432129
 45
-2.495475532332957
 46
0.3507162137194897
 79
     2
 49
0.0
 49
-2.624999999999999
 53
300.0
 43
0.4199999999837019
 44
0.7274613380432129
 45
2.519999999015515
 46
-0.0000000005683926
 79
     2
 49
0.0
 49
-2.099999999999999
 53
175.0
 43
0.4199999999837019
 44
0.7274613380432129
 45
1.064998019685639
 46
-2.283895622199898
 79
     2
 49
0.0
 49
-2.099999999999999
 53
114.0
 43
0.1049999999813735
 44
0.5455960041144863
 45
-2.506195175289543
 46
0.2634117278968589
 79
     2
 49
0.0
 49
-1.049999999999999
 53
248.0
 43
0.1049999999813735
 44
-0.5455960041144863
 45
1.551466916766648
 46
-1.985787098663091
 79
     2
 49
0.0
 49
-1.301999999999999
 47
0.2183950397614669
 98
        1
 10
393405.729060771
 20
604724.0029561781
1001
GradientColor1ACI
1070
     5
1001
GradientColor2ACI
1070
     2
1001
ACAD
1010
0.0
1020
0.0
1030
0.0
  0
LWPOLYLINE
  5
46C
102
{ACAD_REACTORS
330
46B
102
}
330
1F
100
AcDbEntity
  8
ILOTS
  6
Continuous
100
AcDbPolyline
 90
        2
 70
     0
 43
1.0
 10
393408.6584682987
 20
604738.2619999556
 10
393419.3524570022
 20
604717.6189468983
  0
LWPOLYLINE
  5
46D
330
1F
100
AcDbEntity
  8
ILOTS
  6
Continuous
100
AcDbPolyline
 90
        2
 70
     0
 43
1.0
 10
393389.4078411357
 20
604663.3224696915
 10
393499.9085508034
 20
604721.7569899935
  0
LWPOLYLINE
  5
46E
330
1F
100
AcDbEntity
  8
ILOTS
  6
Continuous
100
AcDbPolyline
 90
        2
 70
     0
 43
1.0
 10
393502.5605678355
 20
604723.1594184808
 10
393549.917331186
 20
604748.2024227996
  0
LWPOLYLINE
  5
46F
330
1F
100
AcDbEntity
  8
ILOTS
  6
ACAD_ISO10W100
 62
    40
420
 16308017
100
AcDbPolyline
 90
        2
 70
   128
 43
0.0
 10
393383.2080516057
 20
604665.6999953529
 10
393543.1971407491
 20
604750.3047522433
  0
LWPOLYLINE
  5
470
330
1F
100
AcDbEntity
  8
ILOTS
  6
Continuous
100
AcDbPolyline
 90
        2
 70
     0
 43
1.0
 10
393385.9288229377
 20
604672.7948544722
 10
393430.3924762962
 20
604696.3079365392
  0
LWPOLYLINE
  5
471
330
1F
100
AcDbEntity
  8
ILOTS
  6
Continuous
100
AcDbPolyline
 90
        2
 70
     0
 43
1.0
 10
393380.3623938209
 20
604687.9506701208
 10
393423.0324634335
 20
604710.5152767787
  0
LWPOLYLINE
  5
472
330
1F
100
AcDbEntity
  8
ILOTS
  6
CACHEX2
 62
     6
 48
0.4
100
AcDbPolyline
 90
        2
 70
     0
 43
0.0
 10
393374.5105061108
 20
604689.3809573042
 10
393424.7286093517
 20
604715.9370833433
  0
LWPOLYLINE
  5
473
102
{ACAD_REACTORS
330
458
102
}
330
1F
100
AcDbEntity
  8
ILOTS
  6
Continuous
100
AcDbPolyline
 90
        2
 70
     0
 43
1.0
 10
393377.5791792625
 20
604695.5285779451
 10
393398.7025946904
 20
604706.6989736047
  0
LWPOLYLINE
  5
474
102
{ACAD_REACTORS
330
46B
102
}
330
1F
100
AcDbEntity
  8
ILOTS
  6
Continuous
100
AcDbPolyline
 90
        2
 70
     0
 43
1.0
 10
393401.3546117224
 20
604708.101402092
 10
393419.3524570022
 20
604717.6189468983
  0
LWPOLYLINE
  5
475
330
1F
100
AcDbEntity
  8
ILOTS
  6
Continuous
100
AcDbPolyline
 90
        2
 70
     0
 43
1.0
 10
393508.1877572413
 20
604737.4473096476
 10
393536.4769503122
 20
604752.407081687
  0
LWPOLYLINE
  5
476
330
1F
100
AcDbEntity
  8
ILOTS
  6
ACAD_ISO10W100
 62
    40
420
 16308017
100
AcDbPolyline
 90
        2
 70
   128
 43
0.0
 10
393354.4235254833
 20
604744.0721972425
 10
393507.6936961661
 20
604818.8385342179
  0
LWPOLYLINE
  5
477
330
1F
100
AcDbEntity
  8
ILOTS
  6
Continuous
100
AcDbPolyline
 90
        2
 70
     0
 43
1.0
 10
393357.2080333898
 20
604750.9936749319
 10
393385.9731577326
 20
604765.0255179851
  0
LWPOLYLINE
  5
478
330
1F
100
AcDbEntity
  8
ILOTS
  6
Continuous
100
AcDbPolyline
 90
        2
 70
     0
 43
1.0
 10
393385.9731577327
 20
604765.025517985
 10
393500.8979581919
 20
604821.086696228
  0
LWPOLYLINE
  5
479
330
1F
100
AcDbEntity
  8
ILOTS
  6
Continuous
100
AcDbPolyline
 90
        2
 70
     0
 43
1.0
 10
393360.6735511112
 20
604741.5578326635
 10
393505.4991414053
 20
604812.2048400906
  0
LWPOLYLINE
  5
47A
330
1F
100
AcDbEntity
  8
ILOTS
  6
Continuous
100
AcDbPolyline
 90
        2
 70
     0
 43
1.0
 10
393366.2184868502
 20
604726.4605374169
 10
393512.8610345467
 20
604797.9938702707
  0
LWPOLYLINE
  5
47B
330
1F
100
AcDbEntity
  8
ILOTS
  6
CACHEX2
 62
     6
 48
0.4
100
AcDbPolyline
 90
        2
 70
     0
 43
0.0
 10
393363.0874688249
 20
604720.482664273
 10
393519.1966541995
 20
604796.6338938742
  0
LWPOLYLINE
  5
47C
102
{ACAD_REACTORS
330
458
102
}
330
1F
100
AcDbEntity
  8
ILOTS
  6
Continuous
100
AcDbPolyline
 90
        2
 70
     0
 43
1.0
 10
393368.9909547197
 20
604718.9118897938
 10
393387.4758440789
 20
604727.9289572416
  0
LWPOLYLINE
  5
47D
102
{ACAD_REACTORS
330
46B
102
}
330
1F
100
AcDbEntity
  8
ILOTS
  6
Continuous
100
AcDbPolyline
 90
        2
 70
     0
 43
1.0
 10
393390.1735789395
 20
604729.2449325078
 10
393408.6584682987
 20
604738.2619999556
  0
LWPOLYLINE
  5
47E
330
1F
100
AcDbEntity
  8
ILOTS
  6
Continuous
100
AcDbPolyline
 90
        2
 70
     0
 43
1.0
 10
393415.8507024867
 20
604741.7704256492
 10
393444.6196392383
 20
604755.804128424
  0
LWPOLYLINE
  5
47F
330
1F
100
AcDbEntity
  8
ILOTS
  6
Continuous
100
AcDbPolyline
 90
        2
 70
     0
 43
1.0
 10
393451.8118734262
 20
604759.3125541176
 10
393480.5808101778
 20
604773.3462568923
  0
LWPOLYLINE
  5
480
330
1F
100
AcDbEntity
  8
ILOTS
  6
Continuous
100
AcDbPolyline
 90
        2
 70
     0
 43
1.0
 10
393487.7730443658
 20
604776.854682586
 10
393516.5419811174
 20
604790.8883853607
  0
LWPOLYLINE
  5
481
330
1F
100
AcDbEntity
  8
ILOTS
  6
Continuous
100
AcDbPolyline
 90
        2
 70
     0
 43
1.0
 10
393499.9085508034
 20
604721.7569899935
 10
393507.3881694021
 20
604707.6128991561
  0
LWPOLYLINE
  5
482
330
1F
100
AcDbEntity
  8
ILOTS
  6
Continuous
100
AcDbPolyline
 90
        2
 70
     0
 43
1.0
 10
393502.5605678355
 20
604723.1594184808
 10
393510.0401864342
 20
604709.0153276433
  0
TEXT
  5
483
330
1F
100
AcDbEntity
  8
ILOTS
 62
    18
420
        0
100
AcDbText
 10
393401.5799251481
 20
604716.044288
 30
0.0
 40
3.0
  1
482m²
  7
DUTCHI
100
AcDbText
  0
TEXT
  5
484
330
1F
100
AcDbEntity
  8
ILOTS
100
AcDbText
 10
393494.4374944233
 20
604708.6722642545
 30
0.0
 40
2.018726263521664
  1
200 m2
 50
27.87084
 72
     1
 11
393498.1233246194
 21
604711.7632185597
 31
0.0
100
AcDbText
 73
     2
  0
TEXT
  5
485
330
1F
100
AcDbEntity
  8
ILOTS
100
AcDbText
 10
393483.3874234565
 20
604702.8288122242
 30
0.0
 40
2.018726263521664
  1
200 m2
 50
27.87084
 72
     1
 11
393487.0732536526
 21
604705.9197665294
 31
0.0
100
AcDbText
 73
     2
  0
TEXT
  5
486
330
1F
100
AcDbEntity
  8
ILOTS
100
AcDbText
 10
393472.3373524897
 20
604696.9853601941
 30
0.0
 40
2.018726263521664
  1
200 m2
 50
27.87084
 72
     1
 11
393476.0231826859
 21
604700.0763144994
 31
0.0
100
AcDbText
 73
     2
  0
TEXT
  5
487
330
1F
100
AcDbEntity
  8
ILOTS
100
AcDbText
 10
393461.2872815229
 20
604691.1419081638
 30
0.0
 40
2.018726263521664
  1
200 m2
 50
27.87084
 72
     1
 11
393464.9731117191
 21
604694.2328624691
 31
0.0
100
AcDbText
 73
     2
  0
TEXT
  5
488
330
1F
100
AcDbEntity
  8
ILOTS
100
AcDbText
 10
393450.2372105562
 20
604685.2984561337
 30
0.0
 40
2.018726263521664
  1
200 m2
 50
27.87084
 72
     1
 11
393453.9230407524
 21
604688.3894104389
 31
0.0
100
AcDbText
 73
     2
  0
TEXT
  5
489
330
1F
100
AcDbEntity
  8
ILOTS
100
AcDbText
 10
393439.1871395894
 20
604679.4550041036
 30
0.0
 40
2.018726263521664
  1
200 m2
 50
27.87084
 72
     1
 11
393442.8729697856
 21
604682.5459584089
 31
0.0
100
AcDbText
 73
     2
  0
TEXT
  5
48A
330
1F
100
AcDbEntity
  8
ILOTS
100
AcDbText
 10
393428.1370686226
 20
604673.6115520733
 30
0.0
 40
2.018726263521664
  1
200 m2
 50
27.87084
 72
     1
 11
393431.8228988188
 21
604676.7025063786
 31
0.0
100
AcDbText
 73
     2
  0
TEXT
  5
48B
330
1F
100
AcDbEntity
  8
ILOTS
100
AcDbText
 10
393417.0869976558
 20
604667.7681000431
 30
0.0
 40
2.018726263521664
  1
200 m2
 50
27.87084
 72
     1
 11
393420.772827852
 21
604670.8590543484
 31
0.0
100
AcDbText
 73
     2
  0
TEXT
  5
48C
330
1F
100
AcDbEntity
  8
ILOTS
100
AcDbText
 10
393406.0369266891
 20
604661.9246480129
 30
0.0
 40
2.018726263521664
  1
200 m2
 50
27.87084
 72
     1
 11
393409.7227568852
 21
604665.0156023181
 31
0.0
100
AcDbText
 73
     2
  0
TEXT
  5
48D
330
1F
100
AcDbEntity
  8
ILOTS
100
AcDbText
 10
393394.5085583519
 20
604655.8282647799
 30
0.0
 40
2.018726263521664
  1
200 m2
 50
27.87084
 72
     1
 11
393398.194388548
 21
604658.9192190851
 31
0.0
100
AcDbText
 73
     2
  0
TEXT
  5
48E
330
1F
100
AcDbEntity
  8
ILOTS
100
AcDbText
 10
393508.5815852607
 20
604716.1518828531
 30
0.0
 40
2.018726263521664
  1
200 m2
 50
27.87084
 72
     1
 11
393512.2674154569
 21
604719.2428371584
 31
0.0
100
AcDbText
 73
     2
  0
TEXT
  5
48F
330
1F
100
AcDbEntity
  8
ILOTS
100
AcDbText
 10
393421.0612603075
 20
604760.821352458
 30
0.0
 40
2.018726263521664
  1
200 m2
 50
27.87084
 72
     1
 11
393424.7470905037
 21
604763.9123067632
 31
0.0
100
AcDbText
 73
     2
  0
TEXT
  5
490
330
1F
100
AcDbEntity
  8
ILOTS
100
AcDbText
 10
393432.2958543232
 20
604766.3016715456
 30
0.0
 40
2.018726263521664
  1
200 m2
 50
27.87084
 72
     1
 11
393435.9816845193
 21
604769.3926258509
 31
0.0
100
AcDbText
 73
     2
  0
TEXT
  5
491
330
1F
100
AcDbEntity
  8
ILOTS
100
AcDbText
 10
393443.5304483389
 20
604771.7819906332
 30
0.0
 40
2.018726263521664
  1
200 m2
 50
27.87084
 72
     1
 11
393447.216278535
 21
604774.8729449384
 31
0.0
100
AcDbText
 73
     2
  0
TEXT
  5
492
330
1F
100
AcDbEntity
  8
ILOTS
100
AcDbText
 10
393454.7650423546
 20
604777.2623097209
 30
0.0
 40
2.018726263521664
  1
200 m2
 50
27.87084
 72
     1
 11
393458.4508725507
 21
604780.3532640261
 31
0.0
100
AcDbText
 73
     2
  0
TEXT
  5
493
330
1F
100
AcDbEntity
  8
ILOTS
100
AcDbText
 10
393488.4688244017
 20
604793.7032669839
 30
0.0
 40
2.018726263521664
  1
200 m2
 50
27.87084
 72
     1
 11
393492.1546545979
 21
604796.7942212891
 31
0.0
100
AcDbText
 73
     2
  0
TEXT
  5
494
330
1F
100
AcDbEntity
  8
ILOTS
100
AcDbText
 10
393500.1365113693
 20
604799.4090560346
 30
0.0
 40
2.018726263521664
  1
200m2
 50
27.87084
 72
     1
 11
393503.4760197908
 21
604802.3168680067
 31
0.0
100
AcDbText
 73
     2
  0
LWPOLYLINE
  5
495
330
1F
100
AcDbEntity
  8
ILOTS
  6
Continuous
100
AcDbPolyline
 90
        4
 70
     0
 43
1.0
 10
393288.3271908203
 20
604816.7160532218
 10
393317.3848839269
 20
604737.5977913375
 10
393318.4191431836
 20
604734.7817111202
 10
393320.9960000001
 20
604727.7660000001
  0
TEXT
  5
496
330
1F
100
AcDbEntity
  8
ILOTS
 62
    30
420
 16292126
100
AcDbText
 10
393353.9777597598
 20
604680.115468064
 30
0.0
 40
4.0
  1
1
 72
     1
 11
393355.5316478908
 21
604682.115468064
 31
0.0
100
AcDbText
 73
     2
  0
CIRCLE
  5
497
330
1F
100
AcDbEntity
  8
ILOTS
 62
    18
420
        0
100
AcDbCircle
 10
393355.3229166493
 20
604682.1236536029
 30
0.0
 40
2.139049751108662
  0
TEXT
  5
498
330
1F
100
AcDbEntity
  8
ILOTS
 62
    30
420
 16292126
100
AcDbText
 10
393428.8401549483
 20
604764.6543197321
 30
0.0
 40
4.0
  1
2
 72
     1
 11
393430.3940430793
 21
604766.6543197321
 31
0.0
100
AcDbText
 73
     2
  0
CIRCLE
  5
499
330
1F
100
AcDbEntity
  8
ILOTS
 62
    18
420
        0
100
AcDbCircle
 10
393430.3285587682
 20
604766.6625052709
 30
0.0
 40
2.405747454465013
  0
TEXT
  5
49A
330
1F
100
AcDbEntity
  8
ILOTS
 62
    30
420
 16292126
100
AcDbText
 10
393404.1560534704
 20
604721.2321059272
 30
0.0
 40
4.0
  1
4
 72
     1
 11
393405.7099416013
 21
604723.2321059272
 31
0.0
100
AcDbText
 73
     2
  0
CIRCLE
  5
49B
330
1F
100
AcDbEntity
  8
ILOTS
 62
    18
420
        0
100
AcDbCircle
 10
393405.6103508783
 20
604723.2321059272
 30
0.0
 40
2.431804683576438
  0
TEXT
  5
49C
330
1F
100
AcDbEntity
  8
ILOTS
 62
    30
420
 16292126
100
AcDbText
 10
393403.054347031
 20
604689.7860941399
 30
0.0
 40
4.0
  1
5
 72
     1
 11
393404.608235162
 21
604691.7860941399
 31
0.0
100
AcDbText
 73
     2
  0
CIRCLE
  5
49D
330
1F
100
AcDbEntity
  8
ILOTS
 62
    18
420
        0
100
AcDbCircle
 10
393404.6123279313
 20
604691.7247025984
 30
0.0
 40
2.405360600663318
  0
TEXT
  5
49E
330
1F
100
AcDbEntity
  8
ILOTS
 62
    30
420
 16292126
100
AcDbText
 10
393438.1190820218
 20
604728.6397889266
 30
0.0
 40
4.0
  1
6
 72
     1
 11
393439.6729701528
 21
604730.6397889266
 31
0.0
100
AcDbText
 73
     2
  0
CIRCLE
  5
49F
330
1F
100
AcDbEntity
  8
ILOTS
 62
    18
420
        0
100
AcDbCircle
 10
393439.6497777926
 20
604730.6138680535
 30
0.0
 40
2.432065273255533
  0
TEXT
  5
4A0
330
1F
100
AcDbEntity
  8
ILOTS
 62
    30
420
 16292126
100
AcDbText
 10
393473.3694358116
 20
604747.3687929855
 30
0.0
 40
4.0
  1
7
 72
     1
 11
393474.9233239426
 21
604749.3687929854
 31
0.0
100
AcDbText
 73
     2
  0
CIRCLE
  5
4A1
330
1F
100
AcDbEntity
  8
ILOTS
 62
    18
420
        0
100
AcDbCircle
 10
393474.9287809685
 20
604749.3428721124
 30
0.0
 40
2.360759019359693
  0
TEXT
  5
4A2
330
1F
100
AcDbEntity
  8
ILOTS
 62
    30
420
 16292126
100
AcDbText
 10
393509.5298768567
 20
604765.0626781297
 30
0.0
 40
4.0
  1
8
 72
     1
 11
393511.0837649876
 21
604767.0626781297
 31
0.0
100
AcDbText
 73
     2
  0
CIRCLE
  5
4A3
330
1F
100
AcDbEntity
  8
ILOTS
 62
    18
420
        0
100
AcDbCircle
 10
393511.0742151922
 20
604767.0367572565
 30
0.0
 40
2.430584783173906
  0
TEXT
  5
4A4
330
1F
100
AcDbEntity
  8
ILOTS
 62
    30
420
 16292126
100
AcDbText
 10
393541.4393126081
 20
604779.5689334107
 30
0.0
 40
4.0
  1
9
 72
     1
 11
393542.9932007391
 21
604781.5689334107
 31
0.0
100
AcDbText
 73
     2
  0
CIRCLE
  5
4A5
330
1F
100
AcDbEntity
  8
ILOTS
 62
    18
420
        0
100
AcDbCircle
 10
393542.9863794567
 20
604781.5430125375
 30
0.0
 40
2.429106455620421
  0
TEXT
  5
4A6
330
1F
100
AcDbEntity
  8
ILOTS
100
AcDbText
 10
393373.9006346473
 20
604643.7986302936
 30
0.0
 40
2.018726263521664
  1
200 m2
 50
27.87084
 72
     1
 11
393377.5864648434
 21
604646.8895845989
 31
0.0
100
AcDbText
 73
     2
  0
TEXT
  5
4A7
330
1F
100
AcDbEntity
  8
ILOTS
100
AcDbText
 10
393358.5483400726
 20
604638.0061408164
 30
0.0
 40
2.018726263521664
  1
200 m2
 50
27.87084
 72
     1
 11
393362.2341702688
 21
604641.0970951217
 31
0.0
100
AcDbText
 73
     2
  0
TEXT
  5
4A8
330
1F
100
AcDbEntity
  8
ILOTS
100
AcDbText
 10
393366.2769930854
 20
604656.5911525807
 30
0.0
 40
2.018726263521664
  1
200 m2
 50
27.87084
 72
     1
 11
393369.9628232815
 21
604659.682106886
 31
0.0
100
AcDbText
 73
     2
  0
TEXT
  5
4A9
330
1F
100
AcDbEntity
  8
ILOTS
100
AcDbText
 10
393353.0767459418
 20
604651.1894407316
 30
0.0
 40
2.018726263521664
  1
200 m2
 50
27.87084
 72
     1
 11
393356.7625761379
 21
604654.2803950369
 31
0.0
100
AcDbText
 73
     2
  0
TEXT
  5
4AA
330
1F
100
AcDbEntity
  8
ILOTS
100
AcDbText
 10
393348.4252307296
 20
604663.2490762565
 30
0.0
 40
2.018726263521664
  1
200 m2
 50
27.87084
 72
     1
 11
393352.1110609257
 21
604666.3400305618
 31
0.0
100
AcDbText
 73
     2
  0
TEXT
  5
4AB
330
1F
100
AcDbEntity
  8
ILOTS
100
AcDbText
 10
393363.2597944102
 20
604667.143334355
 30
0.0
 40
2.018726263521664
  1
200 m2
 50
27.87084
 72
     1
 11
393366.9456246064
 21
604670.2342886603
 31
0.0
100
AcDbText
 73
     2
  0
TEXT
  5
4AC
330
1F
100
AcDbEntity
  8
ILOTS
100
AcDbText
 10
393358.2311275998
 20
604679.3285913938
 30
0.0
 40
2.018726263521664
  1
200 m2
 50
27.87084
 72
     1
 11
393361.9169577959
 21
604682.4195456991
 31
0.0
100
AcDbText
 73
     2
  0
TEXT
  5
4AD
330
1F
100
AcDbEntity
  8
ILOTS
100
AcDbText
 10
393343.8994303649
 20
604674.4293633923
 30
0.0
 40
2.018726263521664
  1
200 m2
 50
27.87084
 72
     1
 11
393347.585260561
 21
604677.5203176975
 31
0.0
100
AcDbText
 73
     2
  0
TEXT
  5
4AE
330
1F
100
AcDbEntity
  8
ILOTS
100
AcDbText
 10
393341.1336660887
 20
604686.4890000213
 30
0.0
 40
2.018726263521664
  1
200 m2
 50
27.87084
 72
     1
 11
393344.8194962848
 21
604689.5799543265
 31
0.0
100
AcDbText
 73
     2
  0
TEXT
  5
4AF
330
1F
100
AcDbEntity
  8
ILOTS
100
AcDbText
 10
393355.591078171
 20
604690.8857419672
 30
0.0
 40
2.018726263521664
  1
200 m2
 50
27.87084
 72
     1
 11
393359.2769083671
 21
604693.9766962724
 31
0.0
100
AcDbText
 73
     2
  0
TEXT
  5
4B0
330
1F
100
AcDbEntity
  8
ILOTS
100
AcDbText
 10
393336.7103690352
 20
604697.8441334124
 30
0.0
 40
2.018726263521664
  1
200 m2
 50
27.87084
 72
     1
 11
393340.3961992313
 21
604700.9350877176
 31
0.0
100
AcDbText
 73
     2
  0
TEXT
  5
4B1
330
1F
100
AcDbEntity
  8
ILOTS
100
AcDbText
 10
393348.4479295377
 20
604702.7625999889
 30
0.0
 40
2.018726263521664
  1
200 m2
 50
27.87084
 72
     1
 11
393352.1337597338
 21
604705.8535542941
 31
0.0
100
AcDbText
 73
     2
  0
TEXT
  5
4B2
330
1F
100
AcDbEntity
  8
ILOTS
100
AcDbText
 10
393344.7620993416
 20
604716.0046251326
 30
0.0
 40
2.018726263521664
  1
200 m2
 50
27.87084
 72
     1
 11
393348.4479295377
 21
604719.0955794378
 31
0.0
100
AcDbText
 73
     2
  0
TEXT
  5
4B3
330
1F
100
AcDbEntity
  8
ILOTS
100
AcDbText
 10
393331.3406368156
 20
604709.7922975908
 30
0.0
 40
2.018726263521664
  1
200 m2
 50
27.87084
 72
     1
 11
393335.0264670117
 21
604712.8832518961
 31
0.0
100
AcDbText
 73
     2
  0
TEXT
  5
4B4
330
1F
100
AcDbEntity
  8
ILOTS
100
AcDbText
 10
393341.7615676643
 20
604728.2488630983
 30
0.0
 40
2.018726263521664
  1
200 m2
 50
27.87084
 72
     1
 11
393345.4473978605
 21
604731.3398174036
 31
0.0
100
AcDbText
 73
     2
  0
TEXT
  5
4B5
330
1F
100
AcDbEntity
  8
ILOTS
100
AcDbText
 10
393327.0636766332
 20
604721.665153556
 30
0.0
 40
2.018726263521664
  1
200 m2
 50
27.87084
 72
     1
 11
393330.7495068294
 21
604724.7561078613
 31
0.0
100
AcDbText
 73
     2
  0
TEXT
  5
4B6
330
1F
100
AcDbEntity
  8
ILOTS
100
AcDbText
 10
393410.0170883194
 20
604755.7649758305
 30
0.0
 40
2.018726263521664
  1
200 m2
 50
27.87084
 72
     1
 11
393413.7029185155
 21
604758.8559301357
 31
0.0
100
AcDbText
 73
     2
  0
TEXT
  5
4B7
330
1F
100
AcDbEntity
  8
ILOTS
100
AcDbText
 10
393398.7118000522
 20
604749.6635466511
 30
0.0
 40
2.018726263521664
  1
200 m2
 50
27.87084
 72
     1
 11
393402.3976302484
 21
604752.7545009563
 31
0.0
100
AcDbText
 73
     2
  0
TEXT
  5
4B8
330
1F
100
AcDbEntity
  8
ILOTS
100
AcDbText
 10
393387.2251424047
 20
604743.8037566681
 30
0.0
 40
2.018726263521664
  1
200 m2
 50
27.87084
 72
     1
 11
393390.9109726008
 21
604746.8947109734
 31
0.0
100
AcDbText
 73
     2
  0
TEXT
  5
4B9
330
1F
100
AcDbEntity
  8
ILOTS
100
AcDbText
 10
393376.3928200603
 20
604738.7703940888
 30
0.0
 40
2.018726263521664
  1
200 m2
 50
27.87084
 72
     1
 11
393380.0786502564
 21
604741.8613483941
 31
0.0
100
AcDbText
 73
     2
  0
TEXT
  5
4BA
330
1F
100
AcDbEntity
  8
ILOTS
100
AcDbText
 10
393365.5044715726
 20
604733.5005657299
 30
0.0
 40
2.018726263521664
  1
200 m2
 50
27.87084
 72
     1
 11
393369.1903017687
 21
604736.5915200352
 31
0.0
100
AcDbText
 73
     2
  0
LWPOLYLINE
  5
4BB
102
{ACAD_REACTORS
330
46B
102
}
330
1F
100
AcDbEntity
  8
ILOTS
  6
Continuous
100
AcDbPolyline
 90
        2
 70
     0
 43
1.0
 10
393390.1507200252
 20
604729.2881591182
 10
393401.3546117224
 20
604708.101402092
  0
LWPOLYLINE
  5
4BC
102
{ACAD_REACTORS
330
458
102
}
330
1F
100
AcDbEntity
  8
ILOTS
  6
Continuous
100
AcDbPolyline
 90
        2
 70
     0
 43
1.0
 10
393387.4758440789
 20
604727.9289572416
 10
393398.7025946904
 20
604706.6989736047
  0
LWPOLYLINE
  5
4BD
330
1F
100
AcDbEntity
  8
ILOTS
  6
Continuous
100
AcDbPolyline
 90
        2
 70
     0
 43
1.0
 10
393472.8262659027
 20
604718.7475945985
 10
393501.1154589735
 20
604733.7073666379
  0
LWPOLYLINE
  5
4BE
330
1F
100
AcDbEntity
  8
ILOTS
  6
Continuous
100
AcDbPolyline
 90
        2
 70
     0
 43
1.0
 10
393437.4647745642
 20
604700.047879549
 10
393465.7539676349
 20
604715.0076515884
  0
LWPOLYLINE
  5
4BF
330
1F
100
AcDbEntity
  8
ILOTS
  6
Continuous
100
AcDbPolyline
 90
        2
 70
     0
 43
1.0
 10
393423.0324634335
 20
604710.5152767785
 10
393430.3924762963
 20
604696.307936539
  0
TEXT
  5
4C0
330
1F
100
AcDbEntity
  8
ILOTS
100
AcDbText
 10
393384.8649391044
 20
604680.1725715408
 30
0.0
 40
2.018726263521664
  1
200 m2
 50
27.87084
 72
     1
 11
393388.5507693005
 21
604683.263525846
 31
0.0
100
AcDbText
 73
     2
  0
TEXT
  5
4C1
330
1F
100
AcDbEntity
  8
ILOTS
100
AcDbText
 10
393395.6125672118
 20
604686.1886625258
 30
0.0
 40
2.018726263521664
  1
200 m2
 50
27.87084
 72
     1
 11
393399.298397408
 21
604689.279616831
 31
0.0
100
AcDbText
 73
     2
  0
TEXT
  5
4C2
330
1F
100
AcDbEntity
  8
ILOTS
100
AcDbText
 10
393406.8747016367
 20
604692.3275675131
 30
0.0
 40
2.018726263521664
  1
200 m2
 50
27.87084
 72
     1
 11
393410.5605318329
 21
604695.4185218184
 31
0.0
100
AcDbText
 73
     2
  0
TEXT
  5
4C3
330
1F
100
AcDbEntity
  8
ILOTS
100
AcDbText
 10
393416.6661621496
 20
604697.8957130191
 30
0.0
 40
2.018726263521664
  1
200 m2
 50
27.87084
 72
     1
 11
393420.3519923458
 21
604700.9866673243
 31
0.0
100
AcDbText
 73
     2
  0
TEXT
  5
4C4
330
1F
100
AcDbEntity
  8
ILOTS
100
AcDbText
 10
393422.3097876759
 20
604730.8134040143
 30
0.0
 40
2.018726263521664
  1
200 m2
 50
27.87084
 72
     1
 11
393425.9956178721
 21
604733.9043583196
 31
0.0
100
AcDbText
 73
     2
  0
TEXT
  5
4C5
330
1F
100
AcDbEntity
  8
ILOTS
100
AcDbText
 10
393432.0905585106
 20
604736.2600073438
 30
0.0
 40
2.018726263521664
  1
200 m2
 50
27.87084
 72
     1
 11
393435.7763887068
 21
604739.3509616491
 31
0.0
100
AcDbText
 73
     2
  0
TEXT
  5
4C6
330
1F
100
AcDbEntity
  8
ILOTS
100
AcDbText
 10
393440.5693406699
 20
604740.9031854338
 30
0.0
 40
2.018726263521664
  1
200 m2
 50
27.87084
 72
     1
 11
393444.255170866
 21
604743.9941397391
 31
0.0
100
AcDbText
 73
     2
  0
TEXT
  5
4C7
330
1F
100
AcDbEntity
  8
ILOTS
100
AcDbText
 10
393430.747182318
 20
604718.3396897914
 30
0.0
 40
2.018726263521664
  1
200 m2
 50
27.87084
 72
     1
 11
393434.4330125142
 21
604721.4306440967
 31
0.0
100
AcDbText
 73
     2
  0
TEXT
  5
4C8
330
1F
100
AcDbEntity
  8
ILOTS
100
AcDbText
 10
393444.5456986382
 20
604725.1680535967
 30
0.0
 40
2.018726263521664
  1
200 m2
 50
27.87084
 72
     1
 11
393448.2315288344
 21
604728.2590079019
 31
0.0
100
AcDbText
 73
     2
  0
TEXT
  5
4C9
330
1F
100
AcDbEntity
  8
ILOTS
100
AcDbText
 10
393437.1864915021
 20
604707.1779412849
 30
0.0
 40
2.018726263521664
  1
200 m2
 50
27.87084
 72
     1
 11
393440.8723216983
 21
604710.2688955901
 31
0.0
100
AcDbText
 73
     2
  0
TEXT
  5
4CA
330
1F
100
AcDbEntity
  8
ILOTS
100
AcDbText
 10
393452.0363217835
 20
604714.5315636746
 30
0.0
 40
2.018726263521664
  1
200 m2
 50
27.87084
 72
     1
 11
393455.7221519796
 21
604717.6225179798
 31
0.0
100
AcDbText
 73
     2
  0
TEXT
  5
4CB
330
1F
100
AcDbEntity
  8
ILOTS
100
AcDbText
 10
393467.4343643838
 20
604736.603762459
 30
0.0
 40
2.018726263521664
  1
200 m2
 50
27.87084
 72
     1
 11
393471.1201945799
 21
604739.6947167642
 31
0.0
100
AcDbText
 73
     2
  0
TEXT
  5
4CC
330
1F
100
AcDbEntity
  8
ILOTS
100
AcDbText
 10
393472.8647561164
 20
604726.9423534268
 30
0.0
 40
2.018726263521664
  1
200 m2
 50
27.87084
 72
     1
 11
393476.5505863125
 21
604730.0333077321
 31
0.0
100
AcDbText
 73
     2
  0
TEXT
  5
4CD
330
1F
100
AcDbEntity
  8
ILOTS
100
AcDbText
 10
393486.639411758
 20
604733.6921047005
 30
0.0
 40
2.018726263521664
  1
200 m2
 50
27.87084
 72
     1
 11
393490.3252419541
 21
604736.7830590058
 31
0.0
100
AcDbText
 73
     2
  0
TEXT
  5
4CE
330
1F
100
AcDbEntity
  8
ILOTS
100
AcDbText
 10
393480.811674461
 20
604744.5446460506
 30
0.0
 40
2.018726263521664
  1
200 m2
 50
27.87084
 72
     1
 11
393484.4975046571
 21
604747.6356003558
 31
0.0
100
AcDbText
 73
     2
  0
TEXT
  5
4CF
330
1F
100
AcDbEntity
  8
ILOTS
100
AcDbText
 10
393467.0176185501
 20
604754.6867322537
 30
0.0
 40
2.018726263521664
  1
200 m2
 50
27.87084
 72
     1
 11
393470.7034487462
 21
604757.777686559
 31
0.0
100
AcDbText
 73
     2
  0
TEXT
  5
4D0
330
1F
100
AcDbEntity
  8
ILOTS
100
AcDbText
 10
393476.2049359465
 20
604759.411808587
 30
0.0
 40
2.018726263521664
  1
200 m2
 50
27.87084
 72
     1
 11
393479.8907661427
 21
604762.5027628922
 31
0.0
100
AcDbText
 73
     2
  0
TEXT
  5
4D1
330
1F
100
AcDbEntity
  8
ILOTS
100
AcDbText
 10
393457.8370820492
 20
604750.2763779573
 30
0.0
 40
2.018726263521664
  1
200 m2
 50
27.87084
 72
     1
 11
393461.5229122453
 21
604753.3673322625
 31
0.0
100
AcDbText
 73
     2
  0
TEXT
  5
4D2
330
1F
100
AcDbEntity
  8
ILOTS
100
AcDbText
 10
393502.9311279076
 20
604772.4685026395
 30
0.0
 40
2.018726263521664
  1
200 m2
 50
27.87084
 72
     1
 11
393506.6169581038
 21
604775.5594569448
 31
0.0
100
AcDbText
 73
     2
  0
TEXT
  5
4D3
330
1F
100
AcDbEntity
  8
ILOTS
100
AcDbText
 10
393493.7324141591
 20
604767.3736563298
 30
0.0
 40
2.018726263521664
  1
200 m2
 50
27.87084
 72
     1
 11
393497.4182443551
 21
604770.4646106351
 31
0.0
100
AcDbText
 73
     2
  0
TEXT
  5
4D4
330
1F
100
AcDbEntity
  8
ILOTS
100
AcDbText
 10
393511.8704293942
 20
604777.2099060974
 30
0.0
 40
2.018726263521664
  1
200 m2
 50
27.87084
 72
     1
 11
393515.5562595904
 21
604780.3008604027
 31
0.0
100
AcDbText
 73
     2
  0
TEXT
  5
4D5
330
1F
100
AcDbEntity
  8
ILOTS
100
AcDbText
 10
393502.9036828355
 20
604755.3633890686
 30
0.0
 40
2.018726263521664
  1
200 m2
 50
27.87084
 72
     1
 11
393506.5895130315
 21
604758.4543433738
 31
0.0
100
AcDbText
 73
     2
  0
TEXT
  5
4D6
330
1F
100
AcDbEntity
  8
ILOTS
100
AcDbText
 10
393517.0581430912
 20
604762.2235154013
 30
0.0
 40
2.018726263521664
  1
200 m2
 50
27.87084
 72
     1
 11
393520.7439732874
 21
604765.3144697065
 31
0.0
100
AcDbText
 73
     2
  0
TEXT
  5
4D7
330
1F
100
AcDbEntity
  8
ILOTS
100
AcDbText
 10
393508.4226095628
 20
604744.644116748
 30
0.0
 40
2.018726263521664
  1
200 m2
 50
27.87084
 72
     1
 11
393512.1084397589
 21
604747.7350710533
 31
0.0
100
AcDbText
 73
     2
  0
TEXT
  5
4D8
330
1F
100
AcDbEntity
  8
ILOTS
100
AcDbText
 10
393522.7738845489
 20
604751.3021508255
 30
0.0
 40
2.018726263521664
  1
200 m2
 50
27.87084
 72
     1
 11
393526.4597147451
 21
604754.3931051308
 31
0.0
100
AcDbText
 73
     2
  0
TEXT
  5
4D9
330
1F
100
AcDbEntity
  8
ILOTS
100
AcDbText
 10
393521.0415693596
 20
604723.6242450771
 30
0.0
 40
2.018726263521664
  1
200 m2
 50
27.87084
 72
     1
 11
393524.7273995558
 21
604726.7151993823
 31
0.0
100
AcDbText
 73
     2
  0
TEXT
  5
4DA
330
1F
100
AcDbEntity
  8
ILOTS
100
AcDbText
 10
393534.0072937368
 20
604729.9820233448
 30
0.0
 40
2.018726263521664
  1
200 m2
 50
27.87084
 72
     1
 11
393537.693123933
 21
604733.0729776501
 31
0.0
100
AcDbText
 73
     2
  0
TEXT
  5
4DB
330
1F
100
AcDbEntity
  8
ILOTS
100
AcDbText
 10
393545.6733235133
 20
604735.9388350096
 30
0.0
 40
2.018726263521664
  1
200 m2
 50
27.87084
 72
     1
 11
393549.3591537094
 21
604739.0297893148
 31
0.0
100
AcDbText
 73
     2
  0
TEXT
  5
4DC
330
1F
100
AcDbEntity
  8
ILOTS
100
AcDbText
 10
393557.7790702578
 20
604742.2975467701
 30
0.0
 40
2.018726263521664
  1
200 m2
 50
27.87084
 72
     1
 11
393561.464900454
 21
604745.3885010753
 31
0.0
100
AcDbText
 73
     2
  0
TEXT
  5
4DD
330
1F
100
AcDbEntity
  8
ILOTS
100
AcDbText
 10
393550.2516003385
 20
604754.6728436272
 30
0.0
 40
2.018726263521664
  1
200 m2
 50
27.87084
 72
     1
 11
393553.9374305347
 21
604757.7637979324
 31
0.0
100
AcDbText
 73
     2
  0
TEXT
  5
4DE
330
1F
100
AcDbEntity
  8
ILOTS
100
AcDbText
 10
393544.0281699338
 20
604767.4435385951
 30
0.0
 40
2.018726263521664
  1
200 m2
 50
27.87084
 72
     1
 11
393547.71400013
 21
604770.5344929004
 31
0.0
100
AcDbText
 73
     2
  0
TEXT
  5
4DF
330
1F
100
AcDbEntity
  8
ILOTS
100
AcDbText
 10
393536.8714428049
 20
604778.4520582323
 30
0.0
 40
2.018726263521664
  1
200 m2
 50
27.87084
 72
     1
 11
393540.557273001
 21
604781.5430125375
 31
0.0
100
AcDbText
 73
     2
  0
TEXT
  5
4E0
330
1F
100
AcDbEntity
  8
ILOTS
100
AcDbText
 10
393531.3448907394
 20
604790.4762338673
 30
0.0
 40
2.018726263521664
  1
200 m2
 50
27.87084
 72
     1
 11
393535.0307209355
 21
604793.5671881725
 31
0.0
100
AcDbText
 73
     2
  0
TEXT
  5
4E1
330
1F
100
AcDbEntity
  8
ILOTS
100
AcDbText
 10
393524.0866875567
 20
604804.7071920522
 30
0.0
 40
2.018726263521664
  1
200 m2
 50
27.87084
 72
     1
 11
393527.7725177529
 21
604807.7981463574
 31
0.0
100
AcDbText
 73
     2
  0
TEXT
  5
4E2
330
1F
100
AcDbEntity
  8
ILOTS
100
AcDbText
 10
393518.0273970156
 20
604815.3879375418
 30
0.0
 40
2.018726263521664
  1
200 m2
 50
27.87084
 72
     1
 11
393521.7132272118
 21
604818.4788918471
 31
0.0
100
AcDbText
 73
     2
  0
TEXT
  5
4E3
330
1F
100
AcDbEntity
  8
ILOTS
 62
    30
420
 16292126
100
AcDbText
 10
393445.2970502894
 20
604683.493605297
 30
0.0
 40
4.0
  1
10
 72
     1
 11
393448.4048265513
 21
604685.4936052969
 31
0.0
100
AcDbText
 73
     2
  0
CIRCLE
  5
4E4
330
1F
100
AcDbEntity
  8
ILOTS
 62
    18
420
        0
100
AcDbCircle
 10
393448.3980052689
 20
604685.4676844238
 30
0.0
 40
2.429106455620421
  0
LWPOLYLINE
  5
4E5
330
1F
100
AcDbEntity
  8
ILOTS
 62
     9
420
 13093066
100
AcDbPolyline
 90
        2
 70
   128
 43
0.0
 10
393340.429915128
 20
604721.2612321001
 10
393371.7808120104
 20
604635.901587053
  0
LWPOLYLINE
  5
4E6
330
1F
100
AcDbEntity
  8
ILOTS
 62
     9
420
 13093066
100
AcDbPolyline
 90
        2
 70
   128
 43
0.0
 10
393335.9027736964
 20
604735.0376358338
 10
393340.8992601644
 20
604721.4336131805
  0
LWPOLYLINE
  5
4E7
330
1F
100
AcDbEntity
  8
ILOTS
 62
     9
420
 13093066
100
AcDbPolyline
 90
        2
 70
   128
 43
0.0
 10
393400.4579121025
 20
604669.1659217217
 10
393407.9375307011
 20
604655.0218308843
  0
LWPOLYLINE
  5
4E8
330
1F
100
AcDbEntity
  8
ILOTS
 62
     9
420
 13093066
100
AcDbPolyline
 90
        2
 70
   128
 43
0.0
 10
393411.5079830693
 20
604675.009373752
 10
393418.9876016679
 20
604660.8652829145
  0
LWPOLYLINE
  5
4E9
330
1F
100
AcDbEntity
  8
ILOTS
 62
     9
420
 13093066
100
AcDbPolyline
 90
        2
 70
   128
 43
0.0
 10
393422.558054036
 20
604680.8528257821
 10
393430.0376726347
 20
604666.7087349447
  0
LWPOLYLINE
  5
4EA
330
1F
100
AcDbEntity
  8
ILOTS
 62
     9
420
 13093066
100
AcDbPolyline
 90
        2
 70
   128
 43
0.0
 10
393433.6081250028
 20
604686.6962778124
 10
393441.0877436015
 20
604672.5521869749
  0
LWPOLYLINE
  5
4EB
330
1F
100
AcDbEntity
  8
ILOTS
 62
     9
420
 13093066
100
AcDbPolyline
 90
        2
 70
   128
 43
0.0
 10
393444.6581959696
 20
604692.5397298426
 10
393452.1378145682
 20
604678.3956390051
  0
LWPOLYLINE
  5
4EC
330
1F
100
AcDbEntity
  8
ILOTS
 62
     9
420
 13093066
100
AcDbPolyline
 90
        2
 70
   128
 43
0.0
 10
393455.7082669363
 20
604698.3831818728
 10
393463.187885535
 20
604684.2390910353
  0
LWPOLYLINE
  5
4ED
330
1F
100
AcDbEntity
  8
ILOTS
 62
     9
420
 13093066
100
AcDbPolyline
 90
        2
 70
   128
 43
0.0
 10
393466.7583379031
 20
604704.226633903
 10
393474.2379565017
 20
604690.0825430656
  0
LWPOLYLINE
  5
4EE
330
1F
100
AcDbEntity
  8
ILOTS
 62
     9
420
 13093066
100
AcDbPolyline
 90
        2
 70
   128
 43
0.0
 10
393477.8084088699
 20
604710.0700859332
 10
393485.2880274686
 20
604695.9259950957
  0
LWPOLYLINE
  5
4EF
330
1F
100
AcDbEntity
  8
ILOTS
 62
     9
420
 13093066
100
AcDbPolyline
 90
        2
 70
   128
 43
0.0
 10
393488.8584798367
 20
604715.9135379633
 10
393496.3380984353
 20
604701.7694471258
  0
LWPOLYLINE
  5
4F0
330
1F
100
AcDbEntity
  8
ILOTS
 62
     9
420
 13093066
100
AcDbPolyline
 90
        2
 70
   128
 43
0.0
 10
393515.2902495893
 20
604729.8910752195
 10
393522.769868188
 20
604715.7469843821
  0
LWPOLYLINE
  5
4F1
330
1F
100
AcDbEntity
  8
ILOTS
 62
     9
420
 13093066
100
AcDbPolyline
 90
        2
 70
   128
 43
0.0
 10
393527.7547296398
 20
604736.4824891096
 10
393535.2343482384
 20
604722.3383982721
  0
LWPOLYLINE
  5
4F2
330
1F
100
AcDbEntity
  8
ILOTS
 62
     9
420
 13093066
100
AcDbPolyline
 90
        2
 70
   128
 43
0.0
 10
393539.9540079871
 20
604742.933660151
 10
393547.4336265857
 20
604728.7895693135
  0
LWPOLYLINE
  5
4F3
330
1F
100
AcDbEntity
  8
ILOTS
 62
     9
420
 13093066
100
AcDbPolyline
 90
        2
 70
   128
 43
0.0
 10
393550.9877182253
 20
604748.7452778174
 10
393558.4577565975
 20
604734.6193033572
  0
LWPOLYLINE
  5
4F4
330
1F
100
AcDbEntity
  8
ILOTS
 62
     9
420
 13093066
100
AcDbPolyline
 90
        2
 70
   128
 43
0.0
 10
393494.3993625177
 20
604806.790284832
 10
393501.4141709499
 20
604792.4100044919
  0
LWPOLYLINE
  5
4F5
330
1F
100
AcDbEntity
  8
ILOTS
 62
     9
420
 13093066
100
AcDbPolyline
 90
        2
 70
   128
 43
0.0
 10
393483.164768502
 20
604801.3099657444
 10
393490.1795769342
 20
604786.9296854043
  0
LWPOLYLINE
  5
4F6
330
1F
100
AcDbEntity
  8
ILOTS
 62
     9
420
 13093066
100
AcDbPolyline
 90
        2
 70
   128
 43
0.0
 10
393460.6955804706
 20
604790.3493275692
 10
393467.7103889028
 20
604775.9690472291
  0
LWPOLYLINE
  5
4F7
330
1F
100
AcDbEntity
  8
ILOTS
 62
     9
420
 13093066
100
AcDbPolyline
 90
        2
 70
   128
 43
0.0
 10
393449.4609864549
 20
604784.8690084816
 10
393456.4757948871
 20
604770.4887281414
  0
LWPOLYLINE
  5
4F8
330
1F
100
AcDbEntity
  8
ILOTS
 62
     9
420
 13093066
100
AcDbPolyline
 90
        2
 70
   128
 43
0.0
 10
393438.2263924393
 20
604779.3886893939
 10
393445.2412008715
 20
604765.0084090538
  0
LWPOLYLINE
  5
4F9
330
1F
100
AcDbEntity
  8
ILOTS
 62
     9
420
 13093066
100
AcDbPolyline
 90
        2
 70
   128
 43
0.0
 10
393426.9917984236
 20
604773.9083703063
 10
393434.0066068557
 20
604759.5280899662
  0
LWPOLYLINE
  5
4FA
330
1F
100
AcDbEntity
  8
ILOTS
 62
     9
420
 13093066
100
AcDbPolyline
 90
        2
 70
   128
 43
0.0
 10
393415.7572044079
 20
604768.4280512186
 10
393422.7720128401
 20
604754.0477708785
  0
LWPOLYLINE
  5
4FB
330
1F
100
AcDbEntity
  8
ILOTS
 62
     9
420
 13093066
100
AcDbPolyline
 90
        2
 70
   128
 43
0.0
 10
393404.5226103922
 20
604762.9477321311
 10
393411.5374188244
 20
604748.5674517909
  0
LWPOLYLINE
  5
4FC
330
1F
100
AcDbEntity
  8
ILOTS
 62
     9
420
 13093066
100
AcDbPolyline
 90
        2
 70
   128
 43
0.0
 10
393393.2880163765
 20
604757.4674130434
 10
393400.3028248087
 20
604743.0871327033
  0
LWPOLYLINE
  5
4FD
330
1F
100
AcDbEntity
  8
ILOTS
 62
     9
420
 13093066
100
AcDbPolyline
 90
        2
 70
   128
 43
0.0
 10
393382.0534223607
 20
604751.9870939558
 10
393389.068230793
 20
604737.6068136157
  0
LWPOLYLINE
  5
4FE
330
1F
100
AcDbEntity
  8
ILOTS
 62
     9
420
 13093066
100
AcDbPolyline
 90
        2
 70
   128
 43
0.0
 10
393371.0435202254
 20
604746.6163812498
 10
393378.0583286575
 20
604732.2361009098
  0
LWPOLYLINE
  5
4FF
330
1F
100
AcDbEntity
  8
ILOTS
 62
     9
420
 13093066
100
AcDbPolyline
 90
        2
 70
   128
 43
0.0
 10
393510.8327448278
 20
604767.1253711333
 10
393522.3323537767
 20
604744.9271956673
  0
LWPOLYLINE
  5
500
330
1F
100
AcDbEntity
  8
ILOTS
 62
     9
420
 13093066
100
AcDbPolyline
 90
        2
 70
   128
 43
0.0
 10
393475.011269131
 20
604749.3135831029
 10
393486.970862438
 20
604726.2274806179
  0
LWPOLYLINE
  5
501
330
1F
100
AcDbEntity
  8
ILOTS
 62
     9
420
 13093066
100
AcDbPolyline
 90
        2
 70
   128
 43
0.0
 10
393351.7334582793
 20
604644.0760480336
 10
393381.7715472676
 20
604655.108439627
  0
LWPOLYLINE
  5
502
330
1F
100
AcDbEntity
  8
ILOTS
 62
     9
420
 13093066
100
AcDbPolyline
 90
        2
 70
   128
 43
0.0
 10
393347.3894550531
 20
604655.9035429488
 10
393377.4275440414
 20
604666.9359345422
  0
LWPOLYLINE
  5
503
330
1F
100
AcDbEntity
  8
ILOTS
 62
     9
420
 13093066
100
AcDbPolyline
 90
        2
 70
   128
 43
0.0
 10
393343.0454518269
 20
604667.731037864
 10
393373.0835408152
 20
604678.7634294574
  0
LWPOLYLINE
  5
504
330
1F
100
AcDbEntity
  8
ILOTS
 62
     9
420
 13093066
100
AcDbPolyline
 90
        2
 70
   128
 43
0.0
 10
393338.7014486007
 20
604679.5585327792
 10
393368.739537589
 20
604690.5909243727
  0
LWPOLYLINE
  5
505
330
1F
100
AcDbEntity
  8
ILOTS
 62
     9
420
 13093066
100
AcDbPolyline
 90
        2
 70
   128
 43
0.0
 10
393334.2712548343
 20
604691.6207002126
 10
393364.3093438226
 20
604702.6530918061
  0
LWPOLYLINE
  5
506
330
1F
100
AcDbEntity
  8
ILOTS
 62
     9
420
 13093066
100
AcDbPolyline
 90
        2
 70
   128
 43
0.0
 10
393329.9272516081
 20
604703.4481951278
 10
393359.9653405963
 20
604714.4805867214
  0
LWPOLYLINE
  5
507
330
1F
100
AcDbEntity
  8
ILOTS
 62
     9
420
 13093066
100
AcDbPolyline
 90
        2
 70
   128
 43
0.0
 10
393325.4108673015
 20
604715.7450350795
 10
393355.4489562898
 20
604726.7774266728
  0
LWPOLYLINE
  5
508
330
1F
100
AcDbEntity
  8
ILOTS
 62
     9
420
 13093066
100
AcDbPolyline
 90
        2
 70
   128
 43
0.0
 10
393502.4379527668
 20
604748.5463973806
 10
393530.7271458377
 20
604763.50616942
  0
LWPOLYLINE
  5
509
330
1F
100
AcDbEntity
  8
ILOTS
 62
     9
420
 13093066
100
AcDbPolyline
 90
        2
 70
   128
 43
0.0
 10
393496.6881482923
 20
604759.6454851136
 10
393524.9773413632
 20
604774.6052571531
  0
LWPOLYLINE
  5
50A
330
1F
100
AcDbEntity
  8
ILOTS
 62
     9
420
 13093066
100
AcDbPolyline
 90
        2
 70
   128
 43
0.0
 10
393497.1121280435
 20
604781.4049198009
 10
393506.0115948676
 20
604764.5758708987
  0
LWPOLYLINE
  5
50B
330
1F
100
AcDbEntity
  8
ILOTS
 62
     9
420
 13093066
100
AcDbPolyline
 90
        2
 70
   128
 43
0.0
 10
393506.727454592
 20
604786.1189116153
 10
393515.4737105785
 20
604769.5795871124
  0
LWPOLYLINE
  5
50C
330
1F
100
AcDbEntity
  8
ILOTS
 62
     9
420
 13093066
100
AcDbPolyline
 90
        2
 70
   128
 43
0.0
 10
393466.8464692492
 20
604730.2906458408
 10
393495.1356623201
 20
604745.2504178803
  0
LWPOLYLINE
  5
50D
330
1F
100
AcDbEntity
  8
ILOTS
 62
     9
420
 13093066
100
AcDbPolyline
 90
        2
 70
   128
 43
0.0
 10
393460.8666725957
 20
604741.8336970832
 10
393489.1558656666
 20
604756.7934691226
  0
LWPOLYLINE
  5
50E
330
1F
100
AcDbEntity
  8
ILOTS
 62
     9
420
 13093066
100
AcDbPolyline
 90
        2
 70
   128
 43
0.0
 10
393470.9027390832
 20
604768.6252213412
 10
393479.7811574795
 20
604751.8359753877
  0
LWPOLYLINE
  5
50F
330
1F
100
AcDbEntity
  8
ILOTS
 62
     9
420
 13093066
100
AcDbPolyline
 90
        2
 70
   128
 43
0.0
 10
393411.9823924667
 20
604704.6718247482
 10
393419.3424053295
 20
604690.4644845088
  0
LWPOLYLINE
  5
510
330
1F
100
AcDbEntity
  8
ILOTS
 62
     9
420
 13093066
100
AcDbPolyline
 90
        2
 70
   128
 43
0.0
 10
393400.9323215
 20
604698.8283727181
 10
393408.2923343627
 20
604684.6210324785
  0
LWPOLYLINE
  5
511
330
1F
100
AcDbEntity
  8
ILOTS
 62
     9
420
 13093066
100
AcDbPolyline
 90
        2
 70
   128
 43
0.0
 10
393389.8822505332
 20
604692.9849206879
 10
393397.2422633959
 20
604678.7775804483
  0
LWPOLYLINE
  5
512
330
1F
100
AcDbEntity
  8
ILOTS
 62
     9
420
 13093066
100
AcDbPolyline
 90
        2
 70
   128
 43
0.0
 10
393461.4298299583
 20
604764.0042653351
 10
393470.4687833434
 20
604746.9114448833
  0
LWPOLYLINE
  5
513
330
1F
100
AcDbEntity
  8
ILOTS
 62
   252
420
  9672088
100
AcDbPolyline
 90
        4
 70
   129
 43
0.2
 10
393377.4275440413
 20
604666.9359345422
 10
393373.0835408152
 20
604678.7634294574
 10
393358.0644996531
 20
604673.2472348845
 10
393362.4085028793
 20
604661.4197399693
  0
LWPOLYLINE
  5
514
330
1F
100
AcDbEntity
  8
ILOTS
 62
   252
420
  9672088
100
AcDbPolyline
 90
        4
 70
   129
 43
0.2
 10
393358.0644996531
 20
604673.2472348845
 10
393343.0455027295
 20
604667.7310565595
 10
393347.3894823759
 20
604655.9035529838
 10
393362.4085028793
 20
604661.4197399693
  0
LWPOLYLINE
  5
515
330
1F
100
AcDbEntity
  8
ILOTS
 62
   252
420
  9672088
100
AcDbPolyline
 90
        4
 70
   129
 43
0.2
 10
393373.0835408152
 20
604678.7634294574
 10
393368.7395375889
 20
604690.5909243727
 10
393353.7204964271
 20
604685.0747297998
 10
393358.0644996531
 20
604673.2472348845
  0
LWPOLYLINE
  5
516
330
1F
100
AcDbEntity
  8
ILOTS
 62
   252
420
  9672088
100
AcDbPolyline
 90
        4
 70
   129
 43
0.2
 10
393353.7204964271
 20
604685.0747297998
 10
393338.7015230831
 20
604679.5585601352
 10
393343.0455027295
 20
604667.7310565595
 10
393358.0644996531
 20
604673.2472348845
  0
LWPOLYLINE
  5
517
330
1F
100
AcDbEntity
  8
ILOTS
 62
   252
420
  9672088
100
AcDbPolyline
 90
        4
 70
   129
 43
0.2
 10
393368.7395375889
 20
604690.5909243727
 10
393364.3093438225
 20
604702.6530918061
 10
393349.2903026607
 20
604697.1368972333
 10
393353.7204964271
 20
604685.0747297998
  0
LWPOLYLINE
  5
518
330
1F
100
AcDbEntity
  8
ILOTS
 62
   252
420
  9672088
100
AcDbPolyline
 90
        4
 70
   129
 43
0.2
 10
393349.2903026607
 20
604697.1368972333
 10
393334.2713533645
 20
604691.6207364009
 10
393338.7015230831
 20
604679.5585601352
 10
393353.7204964271
 20
604685.0747297998
  0
LWPOLYLINE
  5
519
330
1F
100
AcDbEntity
  8
ILOTS
 62
   252
420
  9672088
100
AcDbPolyline
 90
        4
 70
   129
 43
0.2
 10
393364.3093438225
 20
604702.6530918061
 10
393359.9653405963
 20
604714.4805867214
 10
393344.9462994346
 20
604708.9643921485
 10
393349.2903026607
 20
604697.1368972333
  0
LWPOLYLINE
  5
51A
330
1F
100
AcDbEntity
  8
ILOTS
 62
   252
420
  9672088
100
AcDbPolyline
 90
        4
 70
   129
 43
0.2
 10
393344.9462994346
 20
604708.9643921485
 10
393329.9273737182
 20
604703.4482399766
 10
393334.2713533645
 20
604691.6207364009
 10
393349.2903026607
 20
604697.1368972333
  0
LWPOLYLINE
  5
51B
330
1F
100
AcDbEntity
  8
ILOTS
 62
   252
420
  9672088
100
AcDbPolyline
 90
        4
 70
   129
 43
0.2
 10
393359.9653405963
 20
604714.4805867214
 10
393355.4489562897
 20
604726.7774266728
 10
393340.429915128
 20
604721.2612321001
 10
393344.9462994346
 20
604708.9643921485
  0
LWPOLYLINE
  5
51C
330
1F
100
AcDbEntity
  8
ILOTS
 62
   252
420
  9672088
100
AcDbPolyline
 90
        4
 70
   129
 43
0.2
 10
393340.429915128
 20
604721.2612321001
 10
393325.4110139272
 20
604715.7450889321
 10
393329.9273737182
 20
604703.4482399766
 10
393344.9462994346
 20
604708.9643921485
  0
LWPOLYLINE
  5
51D
330
1F
100
AcDbEntity
  8
ILOTS
 62
   252
420
  9672088
100
AcDbPolyline
 90
        4
 70
   129
 43
0.2
 10
393355.4489562897
 20
604726.7774266728
 10
393349.9062547726
 20
604741.8686387636
 10
393335.9027736964
 20
604735.0376358338
 10
393340.8992601644
 20
604721.4336131805
  0
LWPOLYLINE
  5
51E
330
1F
100
AcDbEntity
  8
ILOTS
 62
   252
420
  9672088
100
AcDbPolyline
 90
        4
 70
   129
 43
0.2
 10
393335.9027736964
 20
604735.0376358338
 10
393320.9960000001
 20
604727.7660000001
 10
393325.4110139272
 20
604715.7450889321
 10
393340.8992601644
 20
604721.4336131805
  0
LWPOLYLINE
  5
51F
330
1F
100
AcDbEntity
  8
ILOTS
 62
   252
420
  9672088
100
AcDbPolyline
 90
        4
 70
   129
 43
0.2
 10
393386.0537093902
 20
604643.4493205852
 10
393381.7715472675
 20
604655.108439627
 10
393366.7525061054
 20
604649.592245054
 10
393371.7808120104
 20
604635.9015870528
  0
LWPOLYLINE
  5
520
330
1F
100
AcDbEntity
  8
ILOTS
 62
   252
420
  9672088
100
AcDbPolyline
 90
        5
 70
   129
 43
0.2
 10
393366.7525061054
 20
604649.592245054
 10
393351.7334620222
 20
604644.0760494082
 10
393354.61
 20
604636.244
 10
393364.938
 20
604632.283
 10
393371.7808120104
 20
604635.9015870528
  0
LWPOLYLINE
  5
521
330
1F
100
AcDbEntity
  8
ILOTS
 62
   252
420
  9672088
100
AcDbPolyline
 90
        4
 70
   129
 43
0.2
 10
393381.7715472675
 20
604655.108439627
 10
393377.4275440413
 20
604666.9359345422
 10
393362.4085028793
 20
604661.4197399693
 10
393366.7525061054
 20
604649.592245054
  0
LWPOLYLINE
  5
522
330
1F
100
AcDbEntity
  8
ILOTS
 62
   252
420
  9672088
100
AcDbPolyline
 90
        4
 70
   129
 43
0.2
 10
393362.4085028793
 20
604661.4197399693
 10
393347.3894823759
 20
604655.9035529838
 10
393351.7334620222
 20
604644.0760494082
 10
393366.7525061054
 20
604649.592245054
  0
LWPOLYLINE
  5
523
330
1F
100
AcDbEntity
  8
ILOTS
 62
   252
420
  9672088
100
AcDbPolyline
 90
        4
 70
   129
 43
0.2
 10
393483.164768502
 20
604801.3099657444
 10
393471.9301744864
 20
604795.8296466567
 10
393478.9449829186
 20
604781.4493663166
 10
393490.1795769343
 20
604786.9296854042
  0
LWPOLYLINE
  5
524
330
1F
100
AcDbEntity
  8
ILOTS
 62
   252
420
  9672088
100
AcDbPolyline
 90
        4
 70
   129
 43
0.2
 10
393471.9301744864
 20
604795.8296466567
 10
393460.6955804707
 20
604790.349327569
 10
393467.7103889029
 20
604775.969047229
 10
393478.9449829186
 20
604781.4493663166
  0
LWPOLYLINE
  5
525
330
1F
100
AcDbEntity
  8
ILOTS
 62
   252
420
  9672088
100
AcDbPolyline
 90
        4
 70
   129
 43
0.2
 10
393460.6955804707
 20
604790.349327569
 10
393449.460986455
 20
604784.8690084814
 10
393456.4757948872
 20
604770.4887281413
 10
393467.7103889029
 20
604775.969047229
  0
LWPOLYLINE
  5
526
330
1F
100
AcDbEntity
  8
ILOTS
 62
   252
420
  9672088
100
AcDbPolyline
 90
        4
 70
   129
 43
0.2
 10
393449.460986455
 20
604784.8690084814
 10
393438.2263924393
 20
604779.3886893938
 10
393445.2412008715
 20
604765.0084090537
 10
393456.4757948872
 20
604770.4887281413
  0
LWPOLYLINE
  5
527
330
1F
100
AcDbEntity
  8
ILOTS
 62
   252
420
  9672088
100
AcDbPolyline
 90
        4
 70
   129
 43
0.2
 10
393438.2263924393
 20
604779.3886893938
 10
393426.9917984236
 20
604773.9083703062
 10
393434.0066068558
 20
604759.5280899661
 10
393445.2412008715
 20
604765.0084090537
  0
LWPOLYLINE
  5
528
330
1F
100
AcDbEntity
  8
ILOTS
 62
   252
420
  9672088
100
AcDbPolyline
 90
        4
 70
   129
 43
0.2
 10
393426.9917984236
 20
604773.9083703062
 10
393415.7572044079
 20
604768.4280512186
 10
393422.7720128401
 20
604754.0477708785
 10
393434.0066068558
 20
604759.5280899661
  0
LWPOLYLINE
  5
529
330
1F
100
AcDbEntity
  8
ILOTS
 62
   252
420
  9672088
100
AcDbPolyline
 90
        4
 70
   129
 43
0.2
 10
393415.7572044079
 20
604768.4280512186
 10
393404.5226103922
 20
604762.9477321309
 10
393411.5374188245
 20
604748.5674517907
 10
393422.7720128401
 20
604754.0477708785
  0
LWPOLYLINE
  5
52A
330
1F
100
AcDbEntity
  8
ILOTS
 62
   252
420
  9672088
100
AcDbPolyline
 90
        4
 70
   129
 43
0.2
 10
393404.5226103922
 20
604762.9477321309
 10
393393.2880163765
 20
604757.4674130432
 10
393400.3028248088
 20
604743.0871327031
 10
393411.5374188245
 20
604748.5674517907
  0
LWPOLYLINE
  5
52B
330
1F
100
AcDbEntity
  8
ILOTS
 62
   252
420
  9672088
100
AcDbPolyline
 90
        4
 70
   129
 43
0.2
 10
393393.2880163765
 20
604757.4674130432
 10
393382.0534223609
 20
604751.9870939556
 10
393389.0682307931
 20
604737.6068136155
 10
393400.3028248088
 20
604743.0871327031
  0
LWPOLYLINE
  5
52C
330
1F
100
AcDbEntity
  8
ILOTS
 62
   252
420
  9672088
100
AcDbPolyline
 90
        4
 70
   129
 43
0.2
 10
393382.0534223609
 20
604751.9870939556
 10
393371.0435202255
 20
604746.6163812496
 10
393378.0583286577
 20
604732.2361009095
 10
393389.0682307931
 20
604737.6068136155
  0
LWPOLYLINE
  5
52D
330
1F
100
AcDbEntity
  8
ILOTS
 62
   252
420
  9672088
100
AcDbPolyline
 90
        4
 70
   129
 43
0.2
 10
393371.0435202255
 20
604746.6163812496
 10
393360.6735511112
 20
604741.5578326635
 10
393366.2184868502
 20
604726.4605374169
 10
393378.0583286577
 20
604732.2361009095
  0
LWPOLYLINE
  5
52E
330
1F
100
AcDbEntity
  8
ILOTS
 62
   252
420
  9672088
100
AcDbPolyline
 90
        4
 70
   129
 43
0.2
 10
393505.4991414053
 20
604812.2048400906
 10
393494.3993625177
 20
604806.790284832
 10
393501.4141709499
 20
604792.4100044919
 10
393512.8610345467
 20
604797.9938702707
  0
LWPOLYLINE
  5
52F
330
1F
100
AcDbEntity
  8
ILOTS
 62
   252
420
  9672088
100
AcDbPolyline
 90
        4
 70
   129
 43
0.2
 10
393494.3993625177
 20
604806.790284832
 10
393483.164768502
 20
604801.3099657444
 10
393490.1795769343
 20
604786.9296854042
 10
393501.4141709499
 20
604792.4100044919
  0
LWPOLYLINE
  5
530
330
1F
100
AcDbEntity
  8
ILOTS
 62
   252
420
  9672088
100
AcDbPolyline
 90
        4
 70
   129
 43
0.2
 10
393423.0324634334
 20
604710.5152767787
 10
393411.9823924667
 20
604704.6718247484
 10
393419.3424053294
 20
604690.4644845089
 10
393430.3924762961
 20
604696.3079365392
  0
LWPOLYLINE
  5
531
330
1F
100
AcDbEntity
  8
ILOTS
 62
   252
420
  9672088
100
AcDbPolyline
 90
        4
 70
   129
 43
0.2
 10
393411.9823924667
 20
604704.6718247484
 10
393400.9323214999
 20
604698.8283727182
 10
393408.2923343626
 20
604684.6210324788
 10
393419.3424053294
 20
604690.4644845089
  0
LWPOLYLINE
  5
532
330
1F
100
AcDbEntity
  8
ILOTS
 62
   252
420
  9672088
100
AcDbPolyline
 90
        4
 70
   129
 43
0.2
 10
393400.9323214999
 20
604698.8283727182
 10
393389.8822505332
 20
604692.984920688
 10
393397.2422633959
 20
604678.7775804485
 10
393408.2923343626
 20
604684.6210324788
  0
LWPOLYLINE
  5
533
330
1F
100
AcDbEntity
  8
ILOTS
 62
   252
420
  9672088
100
AcDbPolyline
 90
        4
 70
   129
 43
0.2
 10
393389.8822505332
 20
604692.984920688
 10
393380.3623938209
 20
604687.9506701208
 10
393385.9288229376
 20
604672.7948544722
 10
393397.2422633959
 20
604678.7775804485
  0
LWPOLYLINE
  5
534
330
1F
100
AcDbEntity
  8
ILOTS
 62
   252
420
  9672088
100
AcDbPolyline
 90
        4
 70
   129
 43
0.2
 10
393510.8327448278
 20
604767.1253711333
 10
393496.6881482923
 20
604759.6454851136
 10
393502.4379527668
 20
604748.5463973806
 10
393516.5825493023
 20
604756.0262834003
  0
LWPOLYLINE
  5
535
330
1F
100
AcDbEntity
  8
ILOTS
 62
   252
420
  9672088
100
AcDbPolyline
 90
        4
 70
   129
 43
0.2
 10
393499.9085508034
 20
604721.7569899935
 10
393488.8584798367
 20
604715.9135379633
 10
393496.3380984353
 20
604701.7694471258
 10
393507.3881694021
 20
604707.6128991561
  0
LWPOLYLINE
  5
536
330
1F
100
AcDbEntity
  8
ILOTS
 62
   252
420
  9672088
100
AcDbPolyline
 90
        4
 70
   129
 43
0.2
 10
393488.8584798367
 20
604715.9135379633
 10
393477.80840887
 20
604710.0700859331
 10
393485.2880274686
 20
604695.9259950957
 10
393496.3380984353
 20
604701.7694471258
  0
LWPOLYLINE
  5
537
330
1F
100
AcDbEntity
  8
ILOTS
 62
   252
420
  9672088
100
AcDbPolyline
 90
        4
 70
   129
 43
0.2
 10
393477.80840887
 20
604710.0700859331
 10
393466.7583379031
 20
604704.2266339029
 10
393474.2379565018
 20
604690.0825430654
 10
393485.2880274686
 20
604695.9259950957
  0
LWPOLYLINE
  5
538
330
1F
100
AcDbEntity
  8
ILOTS
 62
   252
420
  9672088
100
AcDbPolyline
 90
        4
 70
   129
 43
0.2
 10
393466.7583379031
 20
604704.2266339029
 10
393455.7082669364
 20
604698.3831818727
 10
393463.1878855351
 20
604684.2390910353
 10
393474.2379565018
 20
604690.0825430654
  0
LWPOLYLINE
  5
539
330
1F
100
AcDbEntity
  8
ILOTS
 62
   252
420
  9672088
100
AcDbPolyline
 90
        4
 70
   129
 43
0.2
 10
393506.7350742301
 20
604786.1045027451
 10
393497.109842152
 20
604781.4092424619
 10
393506.0115948676
 20
604764.5758708987
 10
393515.4737105784
 20
604769.5795871125
  0
LWPOLYLINE
  5
53A
330
1F
100
AcDbEntity
  8
ILOTS
 62
   252
420
  9672088
100
AcDbPolyline
 90
        4
 70
   129
 43
0.2
 10
393455.7082669364
 20
604698.3831818727
 10
393444.6581959696
 20
604692.5397298426
 10
393452.1378145682
 20
604678.3956390051
 10
393463.1878855351
 20
604684.2390910353
  0
LWPOLYLINE
  5
53B
330
1F
100
AcDbEntity
  8
ILOTS
 62
   252
420
  9672088
100
AcDbPolyline
 90
        4
 70
   129
 43
0.2
 10
393444.6581959696
 20
604692.5397298426
 10
393433.6081250028
 20
604686.6962778124
 10
393441.0877436015
 20
604672.5521869749
 10
393452.1378145682
 20
604678.3956390051
  0
LWPOLYLINE
  5
53C
330
1F
100
AcDbEntity
  8
ILOTS
 62
   252
420
  9672088
100
AcDbPolyline
 90
        4
 70
   129
 43
0.2
 10
393433.6081250028
 20
604686.6962778124
 10
393422.558054036
 20
604680.8528257821
 10
393430.0376726347
 20
604666.7087349447
 10
393441.0877436015
 20
604672.5521869749
  0
LWPOLYLINE
  5
53D
330
1F
100
AcDbEntity
  8
ILOTS
 62
   252
420
  9672088
100
AcDbPolyline
 90
        4
 70
   129
 43
0.2
 10
393422.558054036
 20
604680.8528257821
 10
393411.5079830693
 20
604675.009373752
 10
393418.9876016679
 20
604660.8652829145
 10
393430.0376726347
 20
604666.7087349447
  0
LWPOLYLINE
  5
53E
330
1F
100
AcDbEntity
  8
ILOTS
 62
   252
420
  9672088
100
AcDbPolyline
 90
        4
 70
   129
 43
0.2
 10
393411.5079830693
 20
604675.009373752
 10
393400.4579121025
 20
604669.1659217217
 10
393407.9375307011
 20
604655.0218308843
 10
393418.9876016679
 20
604660.8652829145
  0
LWPOLYLINE
  5
53F
330
1F
100
AcDbEntity
  8
ILOTS
 62
   252
420
  9672088
100
AcDbPolyline
 90
        4
 70
   129
 43
0.2
 10
393400.4579121025
 20
604669.1659217217
 10
393389.4078411357
 20
604663.3224696915
 10
393394.9742702525
 20
604648.1666540429
 10
393407.9375307011
 20
604655.0218308843
  0
LWPOLYLINE
  5
540
330
1F
100
AcDbEntity
  8
ILOTS
 62
   252
420
  9672088
100
AcDbPolyline
 90
        4
 70
   129
 43
0.2
 10
393495.1356623199
 20
604745.2504178801
 10
393480.9910657845
 20
604737.7705318605
 10
393486.9708624379
 20
604726.2274806182
 10
393501.1154589734
 20
604733.7073666379
  0
LWPOLYLINE
  5
541
330
1F
100
AcDbEntity
  8
ILOTS
 62
   252
420
  9672088
100
AcDbPolyline
 90
        4
 70
   129
 43
0.2
 10
393480.9910657845
 20
604737.7705318605
 10
393466.8464692491
 20
604730.2906458408
 10
393472.8262659025
 20
604718.7475945985
 10
393486.9708624379
 20
604726.2274806182
  0
LWPOLYLINE
  5
542
330
1F
100
AcDbEntity
  8
ILOTS
 62
   252
420
  9672088
100
AcDbPolyline
 90
        4
 70
   129
 43
0.2
 10
393475.011269131
 20
604749.3135831029
 10
393460.8666725956
 20
604741.8336970832
 10
393466.8464692491
 20
604730.2906458408
 10
393480.9910657845
 20
604737.7705318605
  0
LWPOLYLINE
  5
543
330
1F
100
AcDbEntity
  8
ILOTS
 62
   252
420
  9672088
100
AcDbPolyline
 90
        4
 70
   129
 43
0.2
 10
393489.1558656665
 20
604756.7934691226
 10
393475.011269131
 20
604749.3135831029
 10
393480.9910657845
 20
604737.7705318605
 10
393495.1356623199
 20
604745.2504178801
  0
LWPOLYLINE
  5
544
330
1F
100
AcDbEntity
  8
ILOTS
 62
   252
420
  9672088
100
AcDbPolyline
 90
        4
 70
   129
 43
0.2
 10
393480.5808101778
 20
604773.3462568923
 10
393470.9027390832
 20
604768.6252213412
 10
393479.7811574795
 20
604751.8359753877
 10
393489.1558656665
 20
604756.7934691226
  0
LWPOLYLINE
  5
545
330
1F
100
AcDbEntity
  8
ILOTS
 62
   252
420
  9672088
100
AcDbPolyline
 90
        4
 70
   129
 43
0.2
 10
393470.9027390832
 20
604768.6252213412
 10
393461.4298299583
 20
604764.0042653351
 10
393470.4687833434
 20
604746.9114448833
 10
393479.7811574795
 20
604751.8359753877
  0
LWPOLYLINE
  5
546
330
1F
100
AcDbEntity
  8
ILOTS
 62
   252
420
  9672088
100
AcDbPolyline
 90
        4
 70
   129
 43
0.2
 10
393461.4298299583
 20
604764.0042653351
 10
393451.8118734262
 20
604759.3125541176
 10
393460.8666725956
 20
604741.8336970832
 10
393470.4687833434
 20
604746.9114448833
  0
LWPOLYLINE
  5
547
330
1F
100
AcDbEntity
  8
ILOTS
 62
   252
420
  9672088
100
AcDbPolyline
 90
        4
 70
   129
 43
0.2
 10
393530.7271458377
 20
604763.50616942
 10
393516.5825493023
 20
604756.0262834003
 10
393522.3323537767
 20
604744.9271956673
 10
393536.4769503122
 20
604752.407081687
  0
LWPOLYLINE
  5
548
330
1F
100
AcDbEntity
  8
ILOTS
 62
   252
420
  9672088
100
AcDbPolyline
 90
        4
 70
   129
 43
0.2
 10
393516.5825493023
 20
604756.0262834003
 10
393502.4379527668
 20
604748.5463973806
 10
393508.1877572413
 20
604737.4473096476
 10
393522.3323537767
 20
604744.9271956673
  0
LWPOLYLINE
  5
549
330
1F
100
AcDbEntity
  8
ILOTS
 62
   252
420
  9672088
100
AcDbPolyline
 90
        4
 70
   129
 43
0.2
 10
393524.9773413632
 20
604774.6052571531
 10
393510.8327448278
 20
604767.1253711333
 10
393516.5825493023
 20
604756.0262834003
 10
393530.7271458377
 20
604763.50616942
  0
LWPOLYLINE
  5
54A
330
1F
100
AcDbEntity
  8
ILOTS
 62
   252
420
  9672088
100
AcDbPolyline
 90
        4
 70
   129
 43
0.2
 10
393516.5419811174
 20
604790.8883853607
 10
393506.7350742301
 20
604786.1045027451
 10
393515.4737105784
 20
604769.5795871125
 10
393524.9773413632
 20
604774.6052571531
  0
LWPOLYLINE
  5
54B
330
1F
100
AcDbEntity
  8
ILOTS
 62
   252
420
  9672088
100
AcDbPolyline
 90
        4
 70
   129
 43
0.2
 10
393497.109842152
 20
604781.4092424619
 10
393487.7730443658
 20
604776.854682586
 10
393496.6881482923
 20
604759.6454851136
 10
393506.0115948676
 20
604764.5758708987
  0
LWPOLYLINE
  5
54C
330
1F
100
AcDbEntity
  8
ILOTS
 62
   252
420
  9672088
100
AcDbPolyline
 90
        2
 70
   128
 43
0.2
 10
393371.7808120105
 20
604635.9015870528
 10
393340.429915128
 20
604721.2612321001
  0
LWPOLYLINE
  5
54D
330
1F
100
AcDbEntity
  8
ILOTS
 62
     9
420
 13093066
100
AcDbPolyline
 90
        2
 70
   128
 43
0.0
 10
393549.9155195153
 20
604748.2058487011
 10
393564.2095887855
 20
604755.3972742104
  0
LWPOLYLINE
  5
54E
330
1F
100
AcDbEntity
  8
ILOTS
 62
     9
420
 13093066
100
AcDbPolyline
 90
        2
 70
   128
 43
0.0
 10
393543.7061956713
 20
604760.1920371085
 10
393557.999321567
 20
604767.3850880729
  0
LWPOLYLINE
  5
54F
330
1F
100
AcDbEntity
  8
ILOTS
 62
     9
420
 13093066
100
AcDbPolyline
 90
        2
 70
   128
 43
0.0
 10
393537.5840499053
 20
604772.0098707882
 10
393551.790781349
 20
604779.3695682686
  0
LWPOLYLINE
  5
550
330
1F
100
AcDbEntity
  8
ILOTS
 62
     9
420
 13093066
100
AcDbPolyline
 90
        2
 70
   128
 43
0.0
 10
393531.3746969636
 20
604783.9960441218
 10
393545.5813776306
 20
604791.3557152977
  0
LWPOLYLINE
  5
551
330
1F
100
AcDbEntity
  8
ILOTS
 62
     9
420
 13093066
100
AcDbPolyline
 90
        2
 70
   128
 43
0.0
 10
393525.1653440218
 20
604795.9822174553
 10
393539.3719739123
 20
604803.3418623267
  0
LWPOLYLINE
  5
552
330
1F
100
AcDbEntity
  8
ILOTS
 62
     9
420
 13093066
100
AcDbPolyline
 90
        2
 70
   128
 43
0.0
 10
393518.9559910801
 20
604807.9683907889
 10
393533.162570194
 20
604815.3280093558
  0
LWPOLYLINE
  5
553
330
1F
100
AcDbEntity
  8
ILOTS
 62
   252
420
  9672088
100
AcDbPolyline
 90
        4
 70
   129
 43
0.2
 10
393545.5813776306
 20
604791.3557152977
 10
393531.3746969636
 20
604783.9960441218
 10
393537.5840499053
 20
604772.0098707882
 10
393551.790781349
 20
604779.3695682686
  0
LWPOLYLINE
  5
554
330
1F
100
AcDbEntity
  8
ILOTS
 62
   252
420
  9672088
100
AcDbPolyline
 90
        4
 70
   129
 43
0.2
 10
393551.790781349
 20
604779.3695682686
 10
393537.5840499053
 20
604772.0098707882
 10
393543.7061956713
 20
604760.1920371085
 10
393557.999321567
 20
604767.3850880729
  0
LWPOLYLINE
  5
555
330
1F
100
AcDbEntity
  8
ILOTS
 62
   252
420
  9672088
100
AcDbPolyline
 90
        4
 70
   129
 43
0.2
 10
393557.999321567
 20
604767.3850880729
 10
393543.7061956713
 20
604760.1920371085
 10
393549.9155487916
 20
604748.2058634302
 10
393564.2095887856
 20
604755.3972742105
  0
LWPOLYLINE
  5
556
330
1F
100
AcDbEntity
  8
ILOTS
 62
   252
420
  9672088
100
AcDbPolyline
 90
        4
 70
   129
 43
0.2
 10
393564.2095887856
 20
604755.3972742105
 10
393550.9877182253
 20
604748.7452778174
 10
393558.4577565975
 20
604734.6193033571
 10
393571.4220000001
 20
604741.475
  0
LWPOLYLINE
  5
557
330
1F
100
AcDbEntity
  8
ILOTS
 62
   252
420
  9672088
100
AcDbPolyline
 90
        6
 70
   129
 43
0.2
 10
393550.9877182253
 20
604748.7452778174
 10
393549.9155487916
 20
604748.2058634302
 10
393549.917331186
 20
604748.2024227996
 10
393539.9540079871
 20
604742.933660151
 10
393547.4336265857
 20
604728.7895693135
 10
393558.4577565975
 20
604734.6193033571
  0
LWPOLYLINE
  5
558
330
1F
100
AcDbEntity
  8
ILOTS
 62
   252
420
  9672088
100
AcDbPolyline
 90
        4
 70
   129
 43
0.2
 10
393539.9540079871
 20
604742.933660151
 10
393527.7547296397
 20
604736.4824891097
 10
393535.2343482384
 20
604722.3383982721
 10
393547.4336265857
 20
604728.7895693135
  0
LWPOLYLINE
  5
559
330
1F
100
AcDbEntity
  8
ILOTS
 62
   252
420
  9672088
100
AcDbPolyline
 90
        4
 70
   129
 43
0.2
 10
393527.7547296397
 20
604736.4824891097
 10
393515.2902495892
 20
604729.8910752196
 10
393522.7698681879
 20
604715.7469843821
 10
393535.2343482384
 20
604722.3383982721
  0
LWPOLYLINE
  5
55A
330
1F
100
AcDbEntity
  8
ILOTS
 62
   252
420
  9672088
100
AcDbPolyline
 90
        4
 70
   129
 43
0.2
 10
393515.2902495892
 20
604729.8910752196
 10
393502.5605678355
 20
604723.1594184808
 10
393510.0401864341
 20
604709.0153276434
 10
393522.7698681879
 20
604715.7469843821
  0
LWPOLYLINE
  5
55B
330
1F
100
AcDbEntity
  8
ILOTS
 62
   252
420
  9672088
100
AcDbPolyline
 90
        4
 70
   129
 43
0.2
 10
393526.573
 20
604828.0479999999
 10
393512.1888425334
 20
604821.0313002765
 10
393518.9559910801
 20
604807.9683907889
 10
393533.162570194
 20
604815.3280093558
  0
LWPOLYLINE
  5
55C
330
1F
100
AcDbEntity
  8
ILOTS
 62
   252
420
  9672088
100
AcDbPolyline
 90
        4
 70
   129
 43
0.2
 10
393533.162570194
 20
604815.3280093558
 10
393518.9559910801
 20
604807.9683907889
 10
393525.1653440218
 20
604795.9822174553
 10
393539.3719739123
 20
604803.3418623267
  0
LWPOLYLINE
  5
55D
330
1F
100
AcDbEntity
  8
ILOTS
 62
   252
420
  9672088
100
AcDbPolyline
 90
        4
 70
   129
 43
0.2
 10
393539.3719739123
 20
604803.3418623267
 10
393525.1653440218
 20
604795.9822174553
 10
393531.3746969636
 20
604783.9960441218
 10
393545.5813776306
 20
604791.3557152977
  0
LWPOLYLINE
  5
55E
330
1F
100
AcDbEntity
  8
ILOTS
 62
   252
420
  9672088
100
AcDbPolyline
 90
        2
 70
   128
 43
0.0
 10
393494.3993625177
 20
604806.790284832
 10
393360.6735511112
 20
604741.5578326635
  0
LWPOLYLINE
  5
55F
330
1F
100
AcDbEntity
  8
ILOTS
 62
   252
420
  9672088
100
AcDbPolyline
 90
        2
 70
   128
 43
0.0
 10
393494.3993625177
 20
604806.790284832
 10
393505.4991414053
 20
604812.2048400906
  0
LWPOLYLINE
  5
560
330
1F
100
AcDbEntity
  8
ILOTS
 62
   252
420
  9672088
100
AcDbPolyline
 90
        2
 70
   128
 43
0.0
 10
393394.9742702525
 20
604648.1666540429
 10
393558.4577565977
 20
604734.6193033567
  0
LWPOLYLINE
  5
561
330
1F
100
AcDbEntity
  8
ILOTS
 62
   252
420
  9672088
100
AcDbPolyline
 90
        2
 70
   128
 43
0.0
 10
393385.9288229376
 20
604672.7948544722
 10
393430.3924762961
 20
604696.3079365392
  0
LWPOLYLINE
  5
562
330
1F
100
AcDbEntity
  8
ILOTS
 62
     9
420
 13093066
100
AcDbPolyline
 90
        2
 70
   128
 43
0.0
 10
393439.6497777925
 20
604730.6138680535
 10
393451.6093710994
 20
604707.5277655687
  0
LWPOLYLINE
  5
563
330
1F
100
AcDbEntity
  8
ILOTS
 62
     9
420
 13093066
100
AcDbPolyline
 90
        2
 70
   128
 43
0.0
 10
393431.4849779106
 20
604711.5909307914
 10
393459.7741709815
 20
604726.5507028308
  0
LWPOLYLINE
  5
564
330
1F
100
AcDbEntity
  8
ILOTS
 62
     9
420
 13093066
100
AcDbPolyline
 90
        2
 70
   128
 43
0.0
 10
393425.5051812572
 20
604723.1339820338
 10
393453.7943743281
 20
604738.0937540731
  0
LWPOLYLINE
  5
565
330
1F
100
AcDbEntity
  8
ILOTS
 62
     9
420
 13093066
100
AcDbPolyline
 90
        2
 70
   128
 43
0.0
 10
393425.3265253106
 20
604746.3746771928
 10
393434.9698217344
 20
604728.1390333839
  0
LWPOLYLINE
  5
566
330
1F
100
AcDbEntity
  8
ILOTS
 62
     9
420
 13093066
100
AcDbPolyline
 90
        2
 70
   128
 43
0.0
 10
393435.1600108989
 20
604751.1533993112
 10
393444.629171226
 20
604733.2470499358
  0
LWPOLYLINE
  5
567
330
1F
100
AcDbEntity
  8
ILOTS
 62
   252
420
  9672088
100
AcDbPolyline
 90
        4
 70
   129
 43
0.0
 10
393459.7741709814
 20
604726.5507028306
 10
393445.6295744459
 20
604719.0708168109
 10
393451.6093710994
 20
604707.5277655687
 10
393465.7539676349
 20
604715.0076515884
  0
LWPOLYLINE
  5
568
330
1F
100
AcDbEntity
  8
ILOTS
 62
   252
420
  9672088
100
AcDbPolyline
 90
        4
 70
   129
 43
0.0
 10
393445.6295744459
 20
604719.0708168109
 10
393431.4849779106
 20
604711.5909307912
 10
393437.464774564
 20
604700.047879549
 10
393451.6093710994
 20
604707.5277655687
  0
LWPOLYLINE
  5
569
330
1F
100
AcDbEntity
  8
ILOTS
 62
   252
420
  9672088
100
AcDbPolyline
 90
        4
 70
   129
 43
0.0
 10
393453.7943743279
 20
604738.0937540731
 10
393439.6497777925
 20
604730.6138680535
 10
393445.6295744459
 20
604719.0708168109
 10
393459.7741709814
 20
604726.5507028306
  0
LWPOLYLINE
  5
56A
330
1F
100
AcDbEntity
  8
ILOTS
 62
   252
420
  9672088
100
AcDbPolyline
 90
        4
 70
   129
 43
0.0
 10
393439.6497777925
 20
604730.6138680535
 10
393425.505181257
 20
604723.1339820338
 10
393431.4849779106
 20
604711.5909307912
 10
393445.6295744459
 20
604719.0708168109
  0
LWPOLYLINE
  5
56B
330
1F
100
AcDbEntity
  8
ILOTS
 62
   252
420
  9672088
100
AcDbPolyline
 90
        4
 70
   129
 43
0.0
 10
393444.6196392383
 20
604755.804128424
 10
393435.1447716227
 20
604751.1822170514
 10
393444.629171226
 20
604733.2470499358
 10
393453.7943743279
 20
604738.0937540731
  0
LWPOLYLINE
  5
56C
330
1F
100
AcDbEntity
  8
ILOTS
 62
   252
420
  9672088
100
AcDbPolyline
 90
        4
 70
   129
 43
0.0
 10
393435.1447716227
 20
604751.1822170514
 10
393425.3189056724
 20
604746.389086063
 10
393434.9698217344
 20
604728.1390333839
 10
393444.629171226
 20
604733.2470499358
  0
LWPOLYLINE
  5
56D
330
1F
100
AcDbEntity
  8
ILOTS
 62
   252
420
  9672088
100
AcDbPolyline
 90
        4
 70
   129
 43
0.0
 10
393425.3189056724
 20
604746.389086063
 10
393415.8507024867
 20
604741.7704256492
 10
393425.505181257
 20
604723.1339820338
 10
393434.9698217344
 20
604728.1390333839
  0
TEXT
  5
56E
330
1F
100
AcDbEntity
  8
ILOTS
 62
     4
100
AcDbText
 10
393328.3361675202
 20
604714.2947146188
 30
0.0
 40
1.0
  1
3
 72
     1
 11
393328.7246395529
 21
604714.7947146187
 31
0.0
100
AcDbText
 73
     2
  0
TEXT
  5
56F
330
1F
100
AcDbEntity
  8
ILOTS
 62
     4
100
AcDbText
 10
393334.9945222019
 20
604701.9603978158
 30
0.0
 40
1.0
  1
5
 72
     1
 11
393335.3829942346
 21
604702.4603978158
 31
0.0
100
AcDbText
 73
     2
  0
TEXT
  5
570
330
1F
100
AcDbEntity
  8
ILOTS
 62
     4
100
AcDbText
 10
393324.1989869321
 20
604726.0172688024
 30
0.0
 40
1.0
  1
1
 72
     1
 11
393324.5874589649
 21
604726.5172688025
 31
0.0
100
AcDbText
 73
     2
  0
TEXT
  5
571
330
1F
100
AcDbEntity
  8
ILOTS
 62
     4
100
AcDbText
 10
393347.2085154227
 20
604736.1541629818
 30
0.0
 40
1.0
  1
2
 72
     1
 11
393347.5969874555
 21
604736.6541629818
 31
0.0
100
AcDbText
 73
     2
  0
TEXT
  5
572
330
1F
100
AcDbEntity
  8
ILOTS
 62
     4
100
AcDbText
 10
393353.1592557523
 20
604723.6954103776
 30
0.0
 40
1.0
  1
4
 72
     1
 11
393353.547727785
 21
604724.1954103776
 31
0.0
100
AcDbText
 73
     2
  0
TEXT
  5
573
330
1F
100
AcDbEntity
  8
ILOTS
 62
     4
100
AcDbText
 10
393358.2972771461
 20
604710.5103833491
 30
0.0
 40
1.0
  1
6
 72
     1
 11
393358.6857491788
 21
604711.0103833491
 31
0.0
100
AcDbText
 73
     2
  0
TEXT
  5
574
330
1F
100
AcDbEntity
  8
ILOTS
 62
     4
100
AcDbText
 10
393337.6342870429
 20
604690.3178637834
 30
0.0
 40
1.0
  1
7
 72
     1
 11
393338.0227590756
 21
604690.8178637835
 31
0.0
100
AcDbText
 73
     2
  0
TEXT
  5
575
330
1F
100
AcDbEntity
  8
ILOTS
 62
     4
100
AcDbText
 10
393362.3024396221
 20
604698.6859351537
 30
0.0
 40
1.0
  1
8
 72
     1
 11
393362.6909116549
 21
604699.1859351536
 31
0.0
100
AcDbText
 73
     2
  0
TEXT
  5
576
330
1F
100
AcDbEntity
  8
ILOTS
 62
     4
100
AcDbText
 10
393342.3264206797
 20
604678.2881945528
 30
0.0
 40
1.0
  1
9
 72
     1
 11
393342.7148927124
 21
604678.7881945528
 31
0.0
100
AcDbText
 73
     2
  0
TEXT
  5
577
330
1F
100
AcDbEntity
  8
ILOTS
 62
     4
100
AcDbText
 10
393366.0018815798
 20
604686.9745480872
 30
0.0
 40
1.0
  1
10
 72
     1
 11
393366.7788256453
 21
604687.4745480873
 31
0.0
100
AcDbText
 73
     2
  0
TEXT
  5
578
330
1F
100
AcDbEntity
  8
ILOTS
 62
     4
100
AcDbText
 10
393345.5072403822
 20
604666.6680400197
 30
0.0
 40
1.0
  1
11
 72
     1
 11
393346.2841844477
 21
604667.1680400197
 31
0.0
100
AcDbText
 73
     2
  0
TEXT
  5
579
330
1F
100
AcDbEntity
  8
ILOTS
 62
     4
100
AcDbText
 10
393369.5136042832
 20
604675.3543924502
 30
0.0
 40
1.0
  1
12
 72
     1
 11
393370.2905483487
 21
604675.8543924502
 31
0.0
100
AcDbText
 73
     2
  0
TEXT
  5
57A
330
1F
100
AcDbEntity
  8
ILOTS
 62
     4
100
AcDbText
 10
393347.7855031309
 20
604654.8720557093
 30
0.0
 40
1.0
  1
13
 72
     1
 11
393348.5624471964
 21
604655.3720557092
 31
0.0
100
AcDbText
 73
     2
  0
TEXT
  5
57B
330
1F
100
AcDbEntity
  8
ILOTS
 62
     4
100
AcDbText
 10
393375.9611157614
 20
604665.3765983905
 30
0.0
 40
1.0
  1
14
 72
     1
 11
393376.7380598268
 21
604665.8765983906
 31
0.0
100
AcDbText
 73
     2
  0
TEXT
  5
57C
330
1F
100
AcDbEntity
  8
ILOTS
 62
     4
100
AcDbText
 10
393351.9585317036
 20
604643.112185671
 30
0.0
 40
1.0
  1
15
 72
     1
 11
393352.7354757691
 21
604643.612185671
 31
0.0
100
AcDbText
 73
     2
  0
TEXT
  5
57D
330
1F
100
AcDbEntity
  8
ILOTS
 62
     4
100
AcDbText
 10
393380.2916297506
 20
604653.4597675091
 30
0.0
 40
1.0
  1
16
 72
     1
 11
393381.0685738161
 21
604653.959767509
 31
0.0
100
AcDbText
 73
     2
  0
TEXT
  5
57E
330
1F
100
AcDbEntity
  8
ILOTS
 62
     4
100
AcDbText
 10
393361.3739645434
 20
604740.7147872965
 30
0.0
 40
1.0
  1
17
 72
     1
 11
393362.1509086088
 21
604741.2147872964
 31
0.0
100
AcDbText
 73
     2
  0
TEXT
  5
57F
330
1F
100
AcDbEntity
  8
ILOTS
 62
     4
100
AcDbText
 10
393371.6131354468
 20
604745.5586094681
 30
0.0
 40
1.0
  1
18
 72
     1
 11
393372.3900795122
 21
604746.0586094681
 31
0.0
100
AcDbText
 73
     2
  0
TEXT
  5
580
330
1F
100
AcDbEntity
  8
ILOTS
 62
     4
100
AcDbText
 10
393382.7158525062
 20
604751.0789208685
 30
0.0
 40
1.0
  1
19
 72
     1
 11
393383.4927965717
 21
604751.5789208684
 31
0.0
100
AcDbText
 73
     2
  0
TEXT
  5
581
330
1F
100
AcDbEntity
  8
ILOTS
 62
     4
100
AcDbText
 10
393396.3690084629
 20
604755.4198040805
 30
0.0
 40
1.0
  1
20
 72
     1
 11
393397.1459525283
 21
604755.9198040805
 31
0.0
100
AcDbText
 73
     2
  0
TEXT
  5
582
330
1F
100
AcDbEntity
  8
ILOTS
 62
     4
100
AcDbText
 10
393405.2747641508
 20
604761.9914546902
 30
0.0
 40
1.0
  1
21
 72
     1
 11
393406.0517082162
 21
604762.4914546901
 31
0.0
100
AcDbText
 73
     2
  0
TEXT
  5
583
330
1F
100
AcDbEntity
  8
ILOTS
 62
     4
100
AcDbText
 10
393416.4393041169
 20
604767.4380242394
 30
0.0
 40
1.0
  1
22
 72
     1
 11
393417.2162481824
 21
604767.9380242394
 31
0.0
100
AcDbText
 73
     2
  0
TEXT
  5
584
330
1F
100
AcDbEntity
  8
ILOTS
 62
     4
100
AcDbText
 10
393427.697929527
 20
604772.940216362
 30
0.0
 40
1.0
  1
23
 72
     1
 11
393428.4748735925
 21
604773.440216362
 31
0.0
100
AcDbText
 73
     2
  0
TEXT
  5
585
330
1F
100
AcDbEntity
  8
ILOTS
 62
     4
100
AcDbText
 10
393438.9200291933
 20
604778.4490823984
 30
0.0
 40
1.0
  1
24
 72
     1
 11
393439.6969732587
 21
604778.9490823983
 31
0.0
100
AcDbText
 73
     2
  0
TEXT
  5
586
330
1F
100
AcDbEntity
  8
ILOTS
 62
     4
100
AcDbText
 10
393495.0535424294
 20
604805.9236821114
 30
0.0
 40
1.0
  1
29
 72
     1
 11
393495.8304864949
 21
604806.4236821113
 31
0.0
100
AcDbText
 73
     2
  0
TEXT
  5
587
330
1F
100
AcDbEntity
  8
ILOTS
 62
     4
100
AcDbText
 10
393381.0667480264
 20
604687.0056679959
 30
0.0
 40
1.0
  1
30
 72
     1
 11
393381.8436920918
 21
604687.5056679959
 31
0.0
100
AcDbText
 73
     2
  0
TEXT
  5
588
330
1F
100
AcDbEntity
  8
ILOTS
 62
     4
100
AcDbText
 10
393390.5990985061
 20
604692.0534941489
 30
0.0
 40
1.0
  1
31
 72
     1
 11
393391.3760425716
 21
604692.553494149
 31
0.0
100
AcDbText
 73
     2
  0
TEXT
  5
589
330
1F
100
AcDbEntity
  8
ILOTS
 62
     4
100
AcDbText
 10
393402.0445421175
 20
604697.7984093509
 30
0.0
 40
1.0
  1
32
 72
     1
 11
393402.821486183
 21
604698.2984093509
 31
0.0
100
AcDbText
 73
     2
  0
TEXT
  5
58A
330
1F
100
AcDbEntity
  8
ILOTS
 62
     4
100
AcDbText
 10
393413.0094614409
 20
604703.675743012
 30
0.0
 40
1.0
  1
33
 72
     1
 11
393413.7864055063
 21
604704.175743012
 31
0.0
100
AcDbText
 73
     2
  0
TEXT
  5
58B
330
1F
100
AcDbEntity
  8
ILOTS
 62
     4
100
AcDbText
 10
393424.0621290958
 20
604744.4735556072
 30
0.0
 40
1.0
  1
34
 72
     1
 11
393424.8390731613
 21
604744.9735556071
 31
0.0
100
AcDbText
 73
     2
  0
TEXT
  5
58C
330
1F
100
AcDbEntity
  8
ILOTS
 62
     4
100
AcDbText
 10
393433.9476974623
 20
604749.0016285657
 30
0.0
 40
1.0
  1
35
 72
     1
 11
393434.7246415277
 21
604749.5016285657
 31
0.0
100
AcDbText
 73
     2
  0
TEXT
  5
58D
330
1F
100
AcDbEntity
  8
ILOTS
 62
     4
100
AcDbText
 10
393443.1560506503
 20
604753.6069194996
 30
0.0
 40
1.0
  1
36
 72
     1
 11
393443.9329947159
 21
604754.1069194996
 31
0.0
100
AcDbText
 73
     2
  0
TEXT
  5
58E
330
1F
100
AcDbEntity
  8
ILOTS
 62
     4
100
AcDbText
 10
393452.6873670919
 20
604736.5320312251
 30
0.0
 40
1.0
  1
38
 72
     1
 11
393453.4643111573
 21
604737.032031225
 31
0.0
100
AcDbText
 73
     2
  0
TEXT
  5
58F
330
1F
100
AcDbEntity
  8
ILOTS
 62
     4
100
AcDbText
 10
393431.7658043456
 20
604710.2814355458
 30
0.0
 40
1.0
  1
39
 72
     1
 11
393432.5427484111
 21
604710.7814355458
 31
0.0
100
AcDbText
 73
     2
  0
TEXT
  5
590
330
1F
100
AcDbEntity
  8
ILOTS
 62
     4
100
AcDbText
 10
393458.3510485849
 20
604724.4045607079
 30
0.0
 40
1.0
  1
40
 72
     1
 11
393459.1279926504
 21
604724.9045607078
 31
0.0
100
AcDbText
 73
     2
  0
TEXT
  5
591
330
1F
100
AcDbEntity
  8
ILOTS
 62
     4
100
AcDbText
 10
393460.2318855901
 20
604762.1510826519
 30
0.0
 40
1.0
  1
41
 72
     1
 11
393461.0088296556
 21
604762.6510826518
 31
0.0
100
AcDbText
 73
     2
  0
TEXT
  5
592
330
1F
100
AcDbEntity
  8
ILOTS
 62
     4
100
AcDbText
 10
393469.61756253
 20
604766.5886142769
 30
0.0
 40
1.0
  1
42
 72
     1
 11
393470.3945065955
 21
604767.0886142769
 31
0.0
100
AcDbText
 73
     2
  0
TEXT
  5
593
330
1F
100
AcDbEntity
  8
ILOTS
 62
     4
100
AcDbText
 10
393479.1092715085
 20
604771.0367119123
 30
0.0
 40
1.0
  1
43
 72
     1
 11
393479.886215574
 21
604771.5367119122
 31
0.0
100
AcDbText
 73
     2
  0
TEXT
  5
594
330
1F
100
AcDbEntity
  8
ILOTS
 62
     4
100
AcDbText
 10
393461.7250656923
 20
604741.2132815376
 30
0.0
 40
1.0
  1
44
 72
     1
 11
393462.5020097577
 21
604741.7132815375
 31
0.0
100
AcDbText
 73
     2
  0
TEXT
  5
595
330
1F
100
AcDbEntity
  8
ILOTS
 62
     4
100
AcDbText
 10
393487.4048272853
 20
604754.6430491696
 30
0.0
 40
1.0
  1
45
 72
     1
 11
393488.1817713507
 21
604755.1430491695
 31
0.0
100
AcDbText
 73
     2
  0
TEXT
  5
596
330
1F
100
AcDbEntity
  8
ILOTS
 62
     4
100
AcDbText
 10
393467.7761297344
 20
604729.593144653
 30
0.0
 40
1.0
  1
46
 72
     1
 11
393468.5530737998
 21
604730.093144653
 31
0.0
100
AcDbText
 73
     2
  0
TEXT
  5
597
330
1F
100
AcDbEntity
  8
ILOTS
 62
     4
100
AcDbText
 10
393493.7550690635
 20
604743.2189867884
 30
0.0
 40
1.0
  1
47
 72
     1
 11
393494.5320131289
 21
604743.7189867885
 31
0.0
100
AcDbText
 73
     2
  0
TEXT
  5
598
330
1F
100
AcDbEntity
  8
ILOTS
 62
     4
100
AcDbText
 10
393495.9183226715
 20
604779.525718931
 30
0.0
 40
1.0
  1
48
 72
     1
 11
393496.695266737
 21
604780.025718931
 31
0.0
100
AcDbText
 73
     2
  0
TEXT
  5
599
330
1F
100
AcDbEntity
  8
ILOTS
 62
     4
100
AcDbText
 10
393505.4082879024
 20
604784.1865636192
 30
0.0
 40
1.0
  1
49
 72
     1
 11
393506.1852319679
 21
604784.6865636191
 31
0.0
100
AcDbText
 73
     2
  0
TEXT
  5
59A
330
1F
100
AcDbEntity
  8
ILOTS
 62
     4
100
AcDbText
 10
393497.4436338887
 20
604758.8787316126
 30
0.0
 40
1.0
  1
51
 72
     1
 11
393498.2205779542
 21
604759.3787316126
 31
0.0
100
AcDbText
 73
     2
  0
TEXT
  5
59B
330
1F
100
AcDbEntity
  8
ILOTS
 62
     4
100
AcDbText
 10
393523.6331115161
 20
604772.7309347281
 30
0.0
 40
1.0
  1
52
 72
     1
 11
393524.4100555816
 21
604773.2309347281
 31
0.0
100
AcDbText
 73
     2
  0
TEXT
  5
59C
330
1F
100
AcDbEntity
  8
ILOTS
 62
     4
100
AcDbText
 10
393503.0617196154
 20
604747.7779762999
 30
0.0
 40
1.0
  1
53
 72
     1
 11
393503.8386636809
 21
604748.2779762999
 31
0.0
100
AcDbText
 73
     2
  0
TEXT
  5
59D
330
1F
100
AcDbEntity
  8
ILOTS
 62
     4
100
AcDbText
 10
393529.4550458326
 20
604761.5702885348
 30
0.0
 40
1.0
  1
54
 72
     1
 11
393530.2319898981
 21
604762.0702885348
 31
0.0
100
AcDbText
 73
     2
  0
TEXT
  5
59E
330
1F
100
AcDbEntity
  8
ILOTS
 62
     4
100
AcDbText
 10
393512.9975233007
 20
604820.1256417305
 30
0.0
 40
1.0
  1
55
 72
     1
 11
393513.7744673662
 21
604820.6256417305
 31
0.0
100
AcDbText
 73
     2
  0
TEXT
  5
59F
330
1F
100
AcDbEntity
  8
ILOTS
 62
     4
100
AcDbText
 10
393519.5866040172
 20
604807.2483606674
 30
0.0
 40
1.0
  1
56
 72
     1
 11
393520.3635480827
 21
604807.7483606674
 31
0.0
100
AcDbText
 73
     2
  0
TEXT
  5
5A0
330
1F
100
AcDbEntity
  8
ILOTS
 62
     4
100
AcDbText
 10
393526.1709407143
 20
604795.3190353145
 30
0.0
 40
1.0
  1
57
 72
     1
 11
393526.9478847798
 21
604795.8190353146
 31
0.0
100
AcDbText
 73
     2
  0
TEXT
  5
5A1
330
1F
100
AcDbEntity
  8
ILOTS
 62
     4
100
AcDbText
 10
393532.0665611915
 20
604783.143628515
 30
0.0
 40
1.0
  1
58
 72
     1
 11
393532.843505257
 21
604783.643628515
 31
0.0
100
AcDbText
 73
     2
  0
TEXT
  5
5A2
330
1F
100
AcDbEntity
  8
ILOTS
 62
     4
100
AcDbText
 10
393538.2609875762
 20
604771.250067631
 30
0.0
 40
1.0
  1
59
 72
     1
 11
393539.0379316417
 21
604771.750067631
 31
0.0
100
AcDbText
 73
     2
  0
TEXT
  5
5A3
330
1F
100
AcDbEntity
  8
ILOTS
 62
     4
100
AcDbText
 10
393544.5326004386
 20
604759.2285584645
 30
0.0
 40
1.0
  1
60
 72
     1
 11
393545.3095445041
 21
604759.7285584645
 31
0.0
100
AcDbText
 73
     2
  0
TEXT
  5
5A4
330
1F
100
AcDbEntity
  8
ILOTS
 62
     4
100
AcDbText
 10
393551.3311135839
 20
604747.9139427604
 30
0.0
 40
1.0
  1
61
 72
     1
 11
393552.1080576494
 21
604748.4139427605
 31
0.0
100
AcDbText
 73
     2
  0
TEXT
  5
5A5
330
1F
100
AcDbEntity
  8
ILOTS
 62
     4
100
AcDbText
 10
393540.8947517449
 20
604742.0124429257
 30
0.0
 40
1.0
  1
62
 72
     1
 11
393541.6716958103
 21
604742.5124429257
 31
0.0
100
AcDbText
 73
     2
  0
TEXT
  5
5A6
330
1F
100
AcDbEntity
  8
ILOTS
 62
     4
100
AcDbText
 10
393528.547018084
 20
604735.6065625315
 30
0.0
 40
1.0
  1
63
 72
     1
 11
393529.3239621495
 21
604736.1065625316
 31
0.0
100
AcDbText
 73
     2
  0
TEXT
  5
5A7
330
1F
100
AcDbEntity
  8
ILOTS
 62
     4
100
AcDbText
 10
393515.93532462
 20
604729.0069658317
 30
0.0
 40
1.0
  1
64
 72
     1
 11
393516.7122686855
 21
604729.5069658318
 31
0.0
100
AcDbText
 73
     2
  0
TEXT
  5
5A8
330
1F
100
AcDbEntity
  8
ILOTS
 62
     4
100
AcDbText
 10
393503.5777759677
 20
604722.3023589863
 30
0.0
 40
1.0
  1
65
 72
     1
 11
393504.3547200331
 21
604722.8023589862
 31
0.0
100
AcDbText
 73
     2
  0
TEXT
  5
5A9
330
1F
100
AcDbEntity
  8
ILOTS
 62
     4
100
AcDbText
 10
393498.2508319929
 20
604719.0598325716
 30
0.0
 40
1.0
  1
66
 72
     1
 11
393499.0277760583
 21
604719.5598325717
 31
0.0
100
AcDbText
 73
     2
  0
TEXT
  5
5AA
330
1F
100
AcDbEntity
  8
ILOTS
 62
     4
100
AcDbText
 10
393476.4829855812
 20
604707.8363561618
 30
0.0
 40
1.0
  1
68
 72
     1
 11
393477.2599296466
 21
604708.3363561618
 31
0.0
100
AcDbText
 73
     2
  0
TEXT
  5
5AB
330
1F
100
AcDbEntity
  8
ILOTS
 62
     4
100
AcDbText
 10
393454.4113969173
 20
604696.1855260039
 30
0.0
 40
1.0
  1
70
 72
     1
 11
393455.1883409828
 21
604696.6855260039
 31
0.0
100
AcDbText
 73
     2
  0
TEXT
  5
5AC
330
1F
100
AcDbEntity
  8
ILOTS
 62
     4
100
AcDbText
 10
393487.7369361922
 20
604713.9230258995
 30
0.0
 40
1.0
  1
67
 72
     1
 11
393488.5138802577
 21
604714.4230258995
 31
0.0
100
AcDbText
 73
     2
  0
TEXT
  5
5AD
330
1F
100
AcDbEntity
  8
ILOTS
 62
     4
100
AcDbText
 10
393465.3476565939
 20
604701.9739302252
 30
0.0
 40
1.0
  1
69
 72
     1
 11
393466.1246006593
 21
604702.4739302252
 31
0.0
100
AcDbText
 73
     2
  0
TEXT
  5
5AE
330
1F
100
AcDbEntity
  8
ILOTS
 62
     4
100
AcDbText
 10
393443.6701869568
 20
604690.5384438904
 30
0.0
 40
1.0
  1
71
 72
     1
 11
393444.4471310223
 21
604691.0384438905
 31
0.0
100
AcDbText
 73
     2
  0
TEXT
  5
5AF
330
1F
100
AcDbEntity
  8
ILOTS
 62
     4
100
AcDbText
 10
393410.2803585096
 20
604672.672888048
 30
0.0
 40
1.0
  1
74
 72
     1
 11
393411.057302575
 21
604673.172888048
 31
0.0
100
AcDbText
 73
     2
  0
TEXT
  5
5B0
330
1F
100
AcDbEntity
  8
ILOTS
 62
     4
100
AcDbText
 10
393432.3539249167
 20
604684.6248701447
 30
0.0
 40
1.0
  1
72
 72
     1
 11
393433.130868982
 21
604685.1248701447
 31
0.0
100
AcDbText
 73
     2
  0
TEXT
  5
5B1
330
1F
100
AcDbEntity
  8
ILOTS
 62
     4
100
AcDbText
 10
393421.218134349
 20
604678.6406712837
 30
0.0
 40
1.0
  1
73
 72
     1
 11
393421.9950784145
 21
604679.1406712838
 31
0.0
100
AcDbText
 73
     2
  0
TEXT
  5
5B2
330
1F
100
AcDbEntity
  8
ILOTS
 62
     4
100
AcDbText
 10
393515.2452845623
 20
604788.9217496487
 30
0.0
 40
1.0
  1
50
 72
     1
 11
393516.0222286278
 21
604789.4217496486
 31
0.0
100
AcDbText
 73
     2
  0
TEXT
  5
5B3
330
1F
100
AcDbEntity
  8
ILOTS
 62
     4
100
AcDbText
 10
393399.2082596077
 20
604666.8771676023
 30
0.0
 40
1.0
  1
75
 72
     1
 11
393399.9852036732
 21
604667.3771676023
 31
0.0
100
AcDbText
 73
     2
  0
TEXT
  5
5B4
330
1F
100
AcDbEntity
  8
ILOTS
 62
     4
100
AcDbText
 10
393426.1905590372
 20
604721.5856626396
 30
0.0
 40
1.0
  1
37
 72
     1
 11
393426.9675031026
 21
604722.0856626395
 31
0.0
100
AcDbText
 73
     2
  0
TEXT
  5
5B5
330
1F
100
AcDbEntity
  8
ILOTS
 62
    18
420
        0
100
AcDbText
 10
393395.1765260055
 20
604726.8385096341
 30
0.0
 40
3.0
  1
ev+aj
  7
DUTCHI
100
AcDbText
  0
TEXT
  5
5B8
330
1F
100
AcDbEntity
  8
ILOTS
 62
    18
420
        0
100
AcDbText
 10
393373.5937747291
 20
604717.1775154196
 30
0.0
 40
2.0
  1
Bureau de 
  7
DUTCHI
100
AcDbText
  0
TEXT
  5
5B9
330
1F
100
AcDbEntity
  8
ILOTS
 62
    18
420
        0
100
AcDbText
 10
393373.3023022767
 20
604713.5659428969
 30
0.0
 40
2.0
  1
syndique
  7
DUTCHI
100
AcDbText
  0
TEXT
  5
5BA
330
1F
100
AcDbEntity
  8
ILOTS
 62
    18
420
        0
100
AcDbText
 10
393379.1576186588
 20
604698.4245686803
 30
0.0
 40
2.0
  1
Terrain de sport
 50
31.71638839959531
  7
DUTCHI
100
AcDbText
  0
LWPOLYLINE
  5
5BB
330
1F
100
AcDbEntity
  8
ILOTS
  6
Continuous
100
AcDbPolyline
 90
        2
 70
     0
 43
1.0
 10
393373.2850669912
 20
604707.2202338694
 10
393393.0892193846
 20
604717.3139654232
  0
TEXT
  5
5BC
330
1F
100
AcDbEntity
  8
ILOTS
 62
    30
420
 16292126
100
AcDbText
 10
393380.944927341
 20
604709.9162744735
 30
0.0
 40
4.0
  1
3
 72
     1
 11
393382.4988154719
 21
604711.9162744735
 31
0.0
100
AcDbText
 73
     2
  0
CIRCLE
  5
5BD
330
1F
100
AcDbEntity
  8
ILOTS
 62
    18
420
        0
100
AcDbCircle
 10
393382.4988154719
 20
604711.9162744735
 30
0.0
 40
2.427304820375525
  0
TEXT
  5
5BE
330
1F
100
AcDbEntity
  8
ILOTS
 62
    18
420
        0
100
AcDbText
 10
393373.4143982464
 20
604711.4438016998
 30
0.0
 40
3.0
  1
541m²
 50
311.4698861802259
  7
DUTCHI
100
AcDbText
  0
ENDSEC
  0
SECTION
  2
OBJECTS
  0
DICTIONARY
  5
C
330
0
100
AcDbDictionary
281
     1
  3
ACAD_CIP_PREVIOUS_PRODUCT_INFO
350
216
  3
ACAD_COLOR
350
6B
  3
ACAD_DETAILVIEWSTYLE
350
21B
  3
ACAD_GROUP
350
D
  3
ACAD_LAYOUT
350
1A
  3
ACAD_MATERIAL
350
6A
  3
ACAD_MLEADERSTYLE
350
12D
  3
ACAD_MLINESTYLE
350
17
  3
ACAD_PLOTSETTINGS
350
19
  3
ACAD_PLOTSTYLENAME
350
E
  3
ACAD_SCALELIST
350
10C
  3
ACAD_SECTIONVIEWSTYLE
350
219
  3
ACAD_TABLESTYLE
350
7E
  3
ACAD_VISUALSTYLE
350
EF
  3
ACDB_RECOMPOSE_DATA
350
5C5
  3
AcDbVariableDictionary
350
5E
  3
AcDsDecomposeData
350
5CB
  0
DICTIONARY
  5
1FF
330
2
100
AcDbDictionary
280
     1
281
     1
  3
ACAD_LAYERSTATES
360
200
  0
DICTIONARY
  5
13C
330
10
100
AcDbDictionary
280
     1
281
     1
  0
DICTIONARY
  5
1CE
330
1F
100
AcDbDictionary
280
     1
281
     1
  0
DICTIONARY
  5
2A4
330
2A3
100
AcDbDictionary
280
     1
281
     1
  3
ACAD_SORTENTS
360
2A5
  0
DICTIONARY
  5
2AA
330
2A9
100
AcDbDictionary
280
     1
281
     1
  3
ACAD_SORTENTS
360
2AB
  0
DICTIONARY
  5
2B0
330
2AF
100
AcDbDictionary
280
     1
281
     1
  3
ACAD_SORTENTS
360
2B1
  0
XRECORD
  5
216
102
{ACAD_REACTORS
330
C
102
}
330
C
100
AcDbXrecord
280
     1
300
ACD
300
2020
300
ACD_F_S
  0
DICTIONARY
  5
6B
102
{ACAD_REACTORS
330
C
102
}
330
C
100
AcDbDictionary
281
     1
  0
DICTIONARY
  5
21B
102
{ACAD_REACTORS
330
C
102
}
330
C
100
AcDbDictionary
281
     1
  3
Metric50
350
21C
  0
DICTIONARY
  5
D
102
{ACAD_REACTORS
330
C
102
}
330
C
100
AcDbDictionary
281
     1
  0
DICTIONARY
  5
1A
102
{ACAD_REACTORS
330
C
102
}
330
C
100
AcDbDictionary
281
     1
  3
Model
350
22
  3
Présentation1
350
D3
  3
Présentation2
350
D7
  0
DICTIONARY
  5
6A
102
{ACAD_REACTORS
330
C
102
}
330
C
100
AcDbDictionary
281
     1
  3
ByBlock
350
ED
  3
ByLayer
350
EC
  3
Global
350
EE
  0
DICTIONARY
  5
12D
102
{ACAD_REACTORS
330
C
102
}
330
C
100
AcDbDictionary
281
     1
  3
Annotatif
350
13B
  3
Standard
350
12E
  0
DICTIONARY
  5
17
102
{ACAD_REACTORS
330
C
102
}
330
C
100
AcDbDictionary
281
     1
  3
Standard
350
18
  0
DICTIONARY
  5
19
102
{ACAD_REACTORS
330
C
102
}
330
C
100
AcDbDictionary
281
     1
  0
ACDBDICTIONARYWDFLT
  5
E
102
{ACAD_REACTORS
330
C
102
}
330
C
100
AcDbDictionary
281
     1
  3
Normal
350
F
100
AcDbDictionaryWithDefault
340
F
  0
DICTIONARY
  5
10C
102
{ACAD_REACTORS
330
C
102
}
330
C
100
AcDbDictionary
281
     1
  3
A0
350
10D
  3
A1
350
1BE
  3
A2
350
1BF
  3
A3
350
1C0
  3
A4
350
1C1
  3
A5
350
1C2
  3
A6
350
1C3
  3
A7
350
1C4
  3
A8
350
1C5
  3
A9
350
1C6
  3
B0
350
1C7
  3
B1
350
1C8
  3
B2
350
1C9
  3
B3
350
1CA
  3
B4
350
1CB
  3
B5
350
1CC
  3
B6
350
1CD
  0
DICTIONARY
  5
219
102
{ACAD_REACTORS
330
C
102
}
330
C
100
AcDbDictionary
281
     1
  3
Metric50
350
21A
  0
DICTIONARY
  5
7E
102
{ACAD_REACTORS
330
C
102
}
330
C
100
AcDbDictionary
281
     1
  3
Standard
350
7F
  0
DICTIONARY
  5
EF
102
{ACAD_REACTORS
330
C
102
}
330
C
100
AcDbDictionary
281
     1
  3
2dWireframe
350
F5
  3
Basic
350
F4
  3
Brighten
350
FB
  3
ColorChange
350
FF
  3
Conceptual
350
F8
  3
Dim
350
FA
  3
EdgeColorOff
350
1E6
  3
Facepattern
350
FE
  3
Flat
350
F0
  3
FlatWithEdges
350
F1
  3
Gouraud
350
F2
  3
GouraudWithEdges
350
F3
  3
Hidden
350
F7
  3
JitterOff
350
1E4
  3
Linepattern
350
FD
  3
OverhangOff
350
1E5
  3
Realistic
350
F9
  3
Shaded
350
1F3
  3
Shaded with edges
350
1F2
  3
Shades of Gray
350
1EF
  3
Sketchy
350
1F0
  3
Thicken
350
FC
  3
Wireframe
350
F6
  3
X-Ray
350
1F1
  0
XRECORD
  5
5C5
102
{ACAD_REACTORS
330
C
102
}
330
C
100
AcDbXrecord
280
     1
 90
        1
330
7F
  0
DICTIONARY
  5
5E
102
{ACAD_REACTORS
330
C
102
}
330
C
100
AcDbDictionary
281
     1
  3
CANNOSCALE
350
146
  3
CENTEREXE
350
259
  3
CENTERLTYPEFILE
350
25A
  3
CMLEADERSTYLE
350
145
  3
CTABLESTYLE
350
84
  3
CVIEWDETAILSTYLE
350
227
  3
CVIEWSECTIONSTYLE
350
228
  3
DIMASSOC
350
5F
  3
HIDETEXT
350
63
  3
LAYEREVAL
350
1AE
  3
LAYERNOTIFY
350
1AF
  3
LIGHTINGUNITS
350
5C0
  3
MSLTSCALE
350
5BF
  3
PSOLHEIGHT
350
5C2
  3
PSOLWIDTH
350
5C1
  3
XCLIPFRAME
350
5C3
  0
DICTIONARY
  5
5CB
102
{ACAD_REACTORS
330
C
102
}
330
C
100
AcDbDictionary
281
     1
  3
AcDsRecords
350
5CD
  3
AcDsSchemas
350
5CC
1001
ACAD
1070
     2
  0
DICTIONARY
  5
200
102
{ACAD_REACTORS
330
1FF
102
}
330
1FF
100
AcDbDictionary
281
     1
  0
SORTENTSTABLE
  5
2A5
102
{ACAD_REACTORS
330
2A4
102
}
330
2A4
100
AcDbSortentsTable
330
2A3
  0
SORTENTSTABLE
  5
2AB
102
{ACAD_REACTORS
330
2AA
102
}
330
2AA
100
AcDbSortentsTable
330
2A9
  0
SORTENTSTABLE
  5
2B1
102
{ACAD_REACTORS
330
2B0
102
}
330
2B0
100
AcDbSortentsTable
330
2AF
  0
ACDBDETAILVIEWSTYLE
  5
21C
102
{ACAD_XDICTIONARY
360
604
102
}
102
{ACAD_REACTORS
330
21B
102
}
330
21B
100
AcDbModelDocViewStyle
 70
     0
  3
Metric50
290
     0
100
AcDbDetailViewStyle
 70
     0
 71
     0
 90
        3
 71
     1
340
11
 62
   256
 40
5.0
340
0
 62
   256
 40
5.0
300

 40
0.0
280
     1
 71
     2
340
16
 90
       25
 62
   256
 71
     3
340
11
 62
   256
 40
5.0
 90
        0
 40
15.0
 90
        1
300
%<\AcVar ViewDetailId>% (%<\AcVar ViewScale \f "%sn">%)
 71
     4
340
16
 90
       25
 62
   256
340
16
 90
       25
 62
   256
280
     0
  0
LAYOUT
  5
22
102
{ACAD_XDICTIONARY
360
205
102
}
102
{ACAD_REACTORS
330
1A
102
}
330
1A
100
AcDbPlotSettings
  1

  2
none_device
  4
ISO_A4_(210.00_x_297.00_MM)
  6

 40
7.5
 41
20.0
 42
7.5
 43
20.0
 44
210.0
 45
297.0
 46
11.54999923706054
 47
-13.65000009536743
 48
0.0
 49
0.0
140
0.0
141
0.0
142
1.0
143
8.704084754739808
 70
 11952
 72
     1
 73
     0
 74
     0
  7

 75
     0
147
0.1148885871608098
 76
     0
 77
     2
 78
   300
148
0.0
149
0.0
100
AcDbLayout
  1
Model
 70
     1
 71
     0
 10
0.0
 20
0.0
 11
12.0
 21
9.0
 12
0.0
 22
0.0
 32
0.0
 14
0.0
 24
0.0
 34
0.0
 15
0.0
 25
0.0
 35
0.0
146
0.0
 13
0.0
 23
0.0
 33
0.0
 16
1.0
 26
0.0
 36
0.0
 17
0.0
 27
1.0
 37
0.0
 76
     0
330
1F
331
EA
1001
ACAD_PSEXT
1000
None
1000
None
1000
Not applicable
1000
The layout will not be plotted unless a new plotter configuration name is selected.
1070
     0
  0
LAYOUT
  5
D3
102
{ACAD_REACTORS
330
1A
102
}
330
1A
100
AcDbPlotSettings
  1

  2
C:\Documents and Settings\basas\Application Data\Autodesk\AutoCAD 2005\R16.1\enu\plotters\Default Windows System Printer.pc3
  4

  6

 40
0.0
 41
0.0
 42
0.0
 43
0.0
 44
0.0
 45
0.0
 46
0.0
 47
0.0
 48
0.0
 49
0.0
140
0.0
141
0.0
142
1.0
143
1.0
 70
   688
 72
     0
 73
     0
 74
     5
  7

 75
    16
147
1.0
 76
     0
 77
     2
 78
   300
148
0.0
149
0.0
100
AcDbLayout
  1
Présentation1
 70
     1
 71
     1
 10
0.0
 20
0.0
 11
12.0
 21
9.0
 12
0.0
 22
0.0
 32
0.0
 14
0.0
 24
0.0
 34
0.0
 15
0.0
 25
0.0
 35
0.0
146
0.0
 13
0.0
 23
0.0
 33
0.0
 16
1.0
 26
0.0
 36
0.0
 17
0.0
 27
1.0
 37
0.0
 76
     0
330
D2
  0
LAYOUT
  5
D7
102
{ACAD_REACTORS
330
1A
102
}
330
1A
100
AcDbPlotSettings
  1

  2
C:\Documents and Settings\basas\Application Data\Autodesk\AutoCAD 2005\R16.1\enu\plotters\Default Windows System Printer.pc3
  4

  6

 40
0.0
 41
0.0
 42
0.0
 43
0.0
 44
0.0
 45
0.0
 46
0.0
 47
0.0
 48
0.0
 49
0.0
140
0.0
141
0.0
142
1.0
143
1.0
 70
   688
 72
     0
 73
     0
 74
     5
  7

 75
    16
147
1.0
 76
     0
 77
     2
 78
   300
148
0.0
149
0.0
100
AcDbLayout
  1
Présentation2
 70
     1
 71
     2
 10
0.0
 20
0.0
 11
12.0
 21
9.0
 12
0.0
 22
0.0
 32
0.0
 14
0.0
 24
0.0
 34
0.0
 15
0.0
 25
0.0
 35
0.0
146
0.0
 13
0.0
 23
0.0
 33
0.0
 16
1.0
 26
0.0
 36
0.0
 17
0.0
 27
1.0
 37
0.0
 76
     0
330
D6
  0
MATERIAL
  5
ED
102
{ACAD_XDICTIONARY
360
1F9
102
}
102
{ACAD_REACTORS
330
6A
102
}
330
6A
100
AcDbMaterial
  1
ByBlock
  0
MATERIAL
  5
EC
102
{ACAD_XDICTIONARY
360
1F7
102
}
102
{ACAD_REACTORS
330
6A
102
}
330
6A
100
AcDbMaterial
  1
ByLayer
  0
MATERIAL
  5
EE
102
{ACAD_XDICTIONARY
360
173
102
}
102
{ACAD_REACTORS
330
6A
102
}
330
6A
100
AcDbMaterial
  1
Global
 43
0.0007999999797903
 43
0.0
 43
0.0
 43
0.0
 43
0.0
 43
0.0007999999797903
 43
0.0
 43
0.0
 43
0.0
 43
0.0
 43
1.0
 43
0.0
 43
0.0
 43
0.0
 43
0.0
 43
1.0
 49
0.0007999999797903
 49
0.0
 49
0.0
 49
0.0
 49
0.0
 49
0.0007999999797903
 49
0.0
 49
0.0
 49
0.0
 49
0.0
 49
1.0
 49
0.0
 49
0.0
 49
0.0
 49
0.0
 49
1.0
142
0.0007999999797903
142
0.0
142
0.0
142
0.0
142
0.0
142
0.0007999999797903
142
0.0
142
0.0
142
0.0
142
0.0
142
1.0
142
0.0
142
0.0
142
0.0
142
0.0
142
1.0
144
0.0007999999797903
144
0.0
144
0.0
144
0.0
144
0.0
144
0.0007999999797903
144
0.0
144
0.0
144
0.0
144
0.0
144
1.0
144
0.0
144
0.0
144
0.0
144
0.0
144
1.0
1001
ACAD
1070
    -1
1070
     3
1070
     0
1000

1071
        0
1070
     0
  0
MLEADERSTYLE
  5
13B
102
{ACAD_REACTORS
330
12D
102
}
330
12D
100
AcDbMLeaderStyle
170
     2
171
     1
172
     0
 90
        2
 40
0.0
 41
0.0
173
     1
 91
-1056964608
340
14
 92
       -2
290
     1
 42
2.0
291
     1
 43
8.0
  3
Standard
 44
4.0
300

342
11
174
     1
178
     1
175
     1
176
     0
 93
-1056964608
 45
4.0
292
     0
297
     0
 46
4.0
 94
-1056964608
 47
1.0
 49
1.0
140
1.0
293
     1
141
0.0
294
     1
177
     0
142
1.0
295
     0
296
     1
143
3.75
1001
ACAD_MLEADERVER
1070
     2
  0
MLEADERSTYLE
  5
12E
102
{ACAD_REACTORS
330
12D
102
}
330
12D
100
AcDbMLeaderStyle
170
     2
171
     1
172
     0
 90
        2
 40
0.0
 41
0.0
173
     1
 91
-1056964608
340
14
 92
       -2
290
     1
 42
2.0
291
     1
 43
8.0
  3
Standard
 44
4.0
300

342
11
174
     1
178
     1
175
     1
176
     0
 93
-1056964608
 45
4.0
292
     0
297
     0
 46
4.0
 94
-1056964608
 47
1.0
 49
1.0
140
1.0
293
     1
141
0.0
294
     1
177
     0
142
1.0
295
     0
296
     0
143
3.75
1001
ACAD_MLEADERVER
1070
     2
  0
MLINESTYLE
  5
18
102
{ACAD_REACTORS
330
17
102
}
330
17
100
AcDbMlineStyle
  2
STANDARD
 70
     0
  3

 62
   256
 51
90.0
 52
90.0
 71
     2
 49
0.5
 62
   256
  6
BYLAYER
 49
-0.5
 62
   256
  6
BYLAYER
  0
ACDBPLACEHOLDER
  5
F
102
{ACAD_REACTORS
330
E
102
}
330
E
  0
SCALE
  5
10D
102
{ACAD_REACTORS
330
10C
102
}
330
10C
100
AcDbScale
 70
     0
300
1:1
140
1.0
141
1.0
290
     1
  0
SCALE
  5
1BE
102
{ACAD_REACTORS
330
10C
102
}
330
10C
100
AcDbScale
 70
     0
300
1:2
140
1.0
141
2.0
290
     0
  0
SCALE
  5
1BF
102
{ACAD_REACTORS
330
10C
102
}
330
10C
100
AcDbScale
 70
     0
300
1:4
140
1.0
141
4.0
290
     0
  0
SCALE
  5
1C0
102
{ACAD_REACTORS
330
10C
102
}
330
10C
100
AcDbScale
 70
     0
300
1:5
140
1.0
141
5.0
290
     0
  0
SCALE
  5
1C1
102
{ACAD_REACTORS
330
10C
102
}
330
10C
100
AcDbScale
 70
     0
300
1:8
140
1.0
141
8.0
290
     0
  0
SCALE
  5
1C2
102
{ACAD_REACTORS
330
10C
102
}
330
10C
100
AcDbScale
 70
     0
300
1:10
140
1.0
141
10.0
290
     0
  0
SCALE
  5
1C3
102
{ACAD_REACTORS
330
10C
102
}
330
10C
100
AcDbScale
 70
     0
300
1:16
140
1.0
141
16.0
290
     0
  0
SCALE
  5
1C4
102
{ACAD_REACTORS
330
10C
102
}
330
10C
100
AcDbScale
 70
     0
300
1:20
140
1.0
141
20.0
290
     0
  0
SCALE
  5
1C5
102
{ACAD_REACTORS
330
10C
102
}
330
10C
100
AcDbScale
 70
     0
300
1:30
140
1.0
141
30.0
290
     0
  0
SCALE
  5
1C6
102
{ACAD_REACTORS
330
10C
102
}
330
10C
100
AcDbScale
 70
     0
300
1:40
140
1.0
141
40.0
290
     0
  0
SCALE
  5
1C7
102
{ACAD_REACTORS
330
10C
102
}
330
10C
100
AcDbScale
 70
     0
300
1:50
140
1.0
141
50.0
290
     0
  0
SCALE
  5
1C8
102
{ACAD_REACTORS
330
10C
102
}
330
10C
100
AcDbScale
 70
     0
300
1:100
140
1.0
141
100.0
290
     0
  0
SCALE
  5
1C9
102
{ACAD_REACTORS
330
10C
102
}
330
10C
100
AcDbScale
 70
     0
300
2:1
140
2.0
141
1.0
290
     0
  0
SCALE
  5
1CA
102
{ACAD_REACTORS
330
10C
102
}
330
10C
100
AcDbScale
 70
     0
300
4:1
140
4.0
141
1.0
290
     0
  0
SCALE
  5
1CB
102
{ACAD_REACTORS
330
10C
102
}
330
10C
100
AcDbScale
 70
     0
300
8:1
140
8.0
141
1.0
290
     0
  0
SCALE
  5
1CC
102
{ACAD_REACTORS
330
10C
102
}
330
10C
100
AcDbScale
 70
     0
300
10:1
140
10.0
141
1.0
290
     0
  0
SCALE
  5
1CD
102
{ACAD_REACTORS
330
10C
102
}
330
10C
100
AcDbScale
 70
     0
300
100:1
140
100.0
141
1.0
290
     0
  0
ACDBSECTIONVIEWSTYLE
  5
21A
102
{ACAD_XDICTIONARY
360
602
102
}
102
{ACAD_REACTORS
330
219
102
}
330
219
100
AcDbModelDocViewStyle
 70
     0
  3
Metric50
290
     0
100
AcDbSectionViewStyle
 70
     0
 71
     0
 90
      102
 71
     1
340
11
 62
   256
 40
5.0
340
0
340
0
 62
   256
 40
5.0
300
I, O, Q, S, X, Z
 40
10.0
 90
        0
 40
2.5
 90
        0
 71
     2
340
16
 90
       25
 62
   256
340
16
 90
       50
 62
   256
 40
5.0
 40
2.5
 40
5.0
 71
     3
340
11
 62
   256
 40
5.0
 90
        0
 40
15.0
 90
        1
300
%<\AcVar ViewSectionStartId>%-%<\AcVar ViewSectionEndId>% (%<\AcVar ViewScale \f "%sn">%)
 71
     4
 62
   256
 62
   257
300
ANSI31
 40
1.0
 90
        0
290
     0
290
     0
 90
        6
 40
0.0
 40
1.570796326794896
 40
0.2617993877991494
 40
1.308996938995747
 40
-0.2617993877991494
 40
1.832595714594046
  0
TABLESTYLE
  5
7F
102
{ACAD_XDICTIONARY
360
162
102
}
102
{ACAD_REACTORS
330
7E
102
}
330
7E
100
AcDbTableStyle
  3
Standard
 70
     0
 71
     0
 40
1.5
 41
1.5
280
     0
281
     0
  7
Standard
140
4.5
170
     2
 62
     0
 63
     7
283
     0
274
    -2
284
     1
 64
     0
275
    -2
285
     1
 65
     0
276
    -2
286
     1
 66
     0
277
    -2
287
     1
 67
     0
278
    -2
288
     1
 68
     0
279
    -2
289
     1
 69
     0
  7
Standard
140
6.0
170
     5
 62
     0
 63
     7
283
     0
274
    -2
284
     1
 64
     0
275
    -2
285
     1
 65
     0
276
    -2
286
     1
 66
     0
277
    -2
287
     1
 67
     0
278
    -2
288
     1
 68
     0
279
    -2
289
     1
 69
     0
  7
Standard
140
4.5
170
     5
 62
     0
 63
     7
283
     0
274
    -2
284
     1
 64
     0
275
    -2
285
     1
 65
     0
276
    -2
286
     1
 66
     0
277
    -2
287
     1
 67
     0
278
    -2
288
     1
 68
     0
279
    -2
289
     1
 69
     0
  0
VISUALSTYLE
  5
F5
102
{ACAD_XDICTIONARY
360
5DC
102
}
102
{ACAD_REACTORS
330
EF
102
}
330
EF
100
AcDbVisualStyle
  2
2dWireframe
 70
     4
 71
     0
 72
     2
 73
     1
 90
        0
 40
-0.6
 41
-30.0
 62
     5
 63
     7
421
 16777215
 74
     1
 91
        4
 64
     7
 65
   257
 75
     1
175
     1
 42
1.0
 92
        0
 66
   257
 43
1.0
 76
     1
 77
     6
 78
     2
 67
     7
 79
     5
170
     0
171
     0
290
     0
174
     0
 93
        1
 44
0.0
173
     0
291
     0
 45
0.0
1001
ACAD
1000
AcDbSavedByObjectVersion
1070
     0
  0
VISUALSTYLE
  5
F4
102
{ACAD_XDICTIONARY
360
5DA
102
}
102
{ACAD_REACTORS
330
EF
102
}
330
EF
100
AcDbVisualStyle
  2
Basic
 70
     7
 71
     1
 72
     0
 73
     1
 90
        0
 40
-0.6
 41
-30.0
 62
     5
 63
     7
421
 16777215
 74
     0
 91
        4
 64
     7
 65
   257
 75
     1
175
     1
 42
1.0
 92
        8
 66
     7
 43
1.0
 76
     1
 77
     6
 78
     2
 67
     7
 79
     5
170
     0
171
     0
290
     0
174
     0
 93
        1
 44
0.0
173
     0
291
     1
 45
0.0
1001
ACAD
1000
AcDbSavedByObjectVersion
1070
     0
  0
VISUALSTYLE
  5
FB
102
{ACAD_XDICTIONARY
360
5E8
102
}
102
{ACAD_REACTORS
330
EF
102
}
330
EF
100
AcDbVisualStyle
  2
Brighten
 70
    12
 71
     2
 72
     2
 73
     1
 90
        0
 40
-0.6
 41
-30.0
 62
     5
 63
     7
421
 16777215
 74
     1
 91
        4
 64
     7
 65
   257
 75
     1
175
     1
 42
1.0
 92
        8
 66
     7
 43
1.0
 76
     1
 77
     6
 78
     2
 67
     7
 79
     5
170
     0
171
     0
290
     0
174
     0
 93
        1
 44
50.0
173
     0
291
     1
 45
0.0
1001
ACAD
1000
AcDbSavedByObjectVersion
1070
     0
  0
VISUALSTYLE
  5
FF
102
{ACAD_XDICTIONARY
360
5F0
102
}
102
{ACAD_REACTORS
330
EF
102
}
330
EF
100
AcDbVisualStyle
  2
ColorChange
 70
    16
 71
     2
 72
     2
 73
     3
 90
        0
 40
-0.6
 41
-30.0
 62
     5
 63
     8
421
  8421504
 74
     1
 91
        4
 64
     7
 65
   257
 75
     1
175
     1
 42
1.0
 92
        8
 66
     8
424
  8421504
 43
1.0
 76
     1
 77
     6
 78
     2
 67
     7
 79
     5
170
     0
171
     0
290
     0
174
     0
 93
        1
 44
0.0
173
     0
291
     1
 45
0.0
1001
ACAD
1000
AcDbSavedByObjectVersion
1070
     0
  0
VISUALSTYLE
  5
F8
102
{ACAD_XDICTIONARY
360
5E2
102
}
102
{ACAD_REACTORS
330
EF
102
}
330
EF
100
AcDbVisualStyle
  2
Conceptual
 70
     9
 71
     3
 72
     2
 73
     1
 90
        0
 40
-0.6
 41
-30.0
 62
     5
 63
     7
421
 16777215
 74
     2
 91
        2
 64
     7
 65
   257
 75
     1
175
     1
 42
40.0
 92
        8
 66
     7
 43
1.0
 76
     1
 77
     6
 78
     2
 67
     7
 79
     3
170
     0
171
     0
290
     0
174
     0
 93
        1
 44
0.0
173
     0
291
     0
 45
0.0
1001
ACAD
1000
AcDbSavedByObjectVersion
1070
     0
  0
VISUALSTYLE
  5
FA
102
{ACAD_XDICTIONARY
360
5E6
102
}
102
{ACAD_REACTORS
330
EF
102
}
330
EF
100
AcDbVisualStyle
  2
Dim
 70
    11
 71
     2
 72
     2
 73
     1
 90
        0
 40
-0.6
 41
-30.0
 62
     5
 63
     7
421
 16777215
 74
     1
 91
        4
 64
     7
 65
   257
 75
     1
175
     1
 42
1.0
 92
        8
 66
     7
 43
1.0
 76
     1
 77
     6
 78
     2
 67
     7
 79
     5
170
     0
171
     0
290
     0
174
     0
 93
        1
 44
-50.0
173
     0
291
     1
 45
0.0
1001
ACAD
1000
AcDbSavedByObjectVersion
1070
     0
  0
VISUALSTYLE
  5
1E6
102
{ACAD_XDICTIONARY
360
5F6
102
}
102
{ACAD_REACTORS
330
EF
102
}
330
EF
100
AcDbVisualStyle
  2
EdgeColorOff
 70
    22
 71
     2
 72
     2
 73
     0
 90
        0
 40
-0.6
 41
-30.0
 62
     5
 63
     7
421
 16777215
 74
     1
 91
        4
 64
     7
 65
   257
 75
     1
175
     1
 42
1.0
 92
        8
 66
     7
 43
1.0
 76
     1
 77
     6
 78
     2
 67
     7
 79
     5
170
     0
171
     0
290
     0
174
     0
 93
        1
 44
0.0
173
     0
291
     1
 45
0.0
1001
ACAD
1000
AcDbSavedByObjectVersion
1070
     0
  0
VISUALSTYLE
  5
FE
102
{ACAD_XDICTIONARY
360
5EE
102
}
102
{ACAD_REACTORS
330
EF
102
}
330
EF
100
AcDbVisualStyle
  2
Facepattern
 70
    15
 71
     2
 72
     2
 73
     1
 90
        0
 40
-0.6
 41
-30.0
 62
     5
 63
     7
421
 16777215
 74
     1
 91
        4
 64
     7
 65
   257
 75
     1
175
     1
 42
1.0
 92
        8
 66
     7
 43
1.0
 76
     1
 77
     6
 78
     2
 67
     7
 79
     5
170
     0
171
     0
290
     0
174
     0
 93
        1
 44
0.0
173
     0
291
     1
 45
0.0
1001
ACAD
1000
AcDbSavedByObjectVersion
1070
     0
  0
VISUALSTYLE
  5
F0
102
{ACAD_XDICTIONARY
360
5D2
102
}
102
{ACAD_REACTORS
330
EF
102
}
330
EF
100
AcDbVisualStyle
  2
Flat
 70
     0
 71
     2
 72
     1
 73
     1
 90
        2
 40
-0.6
 41
30.0
 62
     5
 63
     7
421
 16777215
 74
     0
 91
        0
 64
     7
 65
   257
 75
     1
175
     1
 42
1.0
 92
        8
 66
     7
 43
1.0
 76
     1
 77
     6
 78
     2
 67
     7
 79
     5
170
     0
171
     0
290
     0
174
     0
 93
       13
 44
0.0
173
     0
291
     1
 45
0.0
1001
ACAD
1000
AcDbSavedByObjectVersion
1070
     0
  0
VISUALSTYLE
  5
F1
102
{ACAD_XDICTIONARY
360
5D4
102
}
102
{ACAD_REACTORS
330
EF
102
}
330
EF
100
AcDbVisualStyle
  2
FlatWithEdges
 70
     1
 71
     2
 72
     1
 73
     1
 90
        2
 40
-0.6
 41
30.0
 62
     5
 63
     7
421
 16777215
 74
     1
 91
        0
 64
     7
 65
   257
 75
     1
175
     1
 42
1.0
 92
        0
 66
   257
 43
1.0
 76
     1
 77
     6
 78
     2
 67
     7
 79
     5
170
     0
171
     0
290
     0
174
     0
 93
       13
 44
0.0
173
     0
291
     1
 45
0.0
1001
ACAD
1000
AcDbSavedByObjectVersion
1070
     0
  0
VISUALSTYLE
  5
F2
102
{ACAD_XDICTIONARY
360
5D6
102
}
102
{ACAD_REACTORS
330
EF
102
}
330
EF
100
AcDbVisualStyle
  2
Gouraud
 70
     2
 71
     2
 72
     2
 73
     1
 90
        2
 40
-0.6
 41
30.0
 62
     5
 63
     7
421
 16777215
 74
     0
 91
        0
 64
     7
 65
   257
 75
     1
175
     1
 42
1.0
 92
        0
 66
     7
 43
1.0
 76
     1
 77
     6
 78
     2
 67
     7
 79
     5
170
     0
171
     0
290
     0
174
     0
 93
       13
 44
0.0
173
     0
291
     1
 45
0.0
1001
ACAD
1000
AcDbSavedByObjectVersion
1070
     0
  0
VISUALSTYLE
  5
F3
102
{ACAD_XDICTIONARY
360
5D8
102
}
102
{ACAD_REACTORS
330
EF
102
}
330
EF
100
AcDbVisualStyle
  2
GouraudWithEdges
 70
     3
 71
     2
 72
     2
 73
     1
 90
        2
 40
-0.6
 41
30.0
 62
     5
 63
     7
421
 16777215
 74
     1
 91
        0
 64
     7
 65
   257
 75
     1
175
     1
 42
1.0
 92
        0
 66
   257
 43
1.0
 76
     1
 77
     6
 78
     2
 67
     7
 79
     5
170
     0
171
     0
290
     0
174
     0
 93
       13
 44
0.0
173
     0
291
     1
 45
0.0
1001
ACAD
1000
AcDbSavedByObjectVersion
1070
     0
  0
VISUALSTYLE
  5
F7
102
{ACAD_XDICTIONARY
360
5E0
102
}
102
{ACAD_REACTORS
330
EF
102
}
330
EF
100
AcDbVisualStyle
  2
Hidden
 70
     6
 71
     1
 72
     2
 73
     2
 90
        0
 40
-0.6
 41
-30.0
 62
     5
 63
     7
421
 16777215
 74
     2
 91
        2
 64
     7
 65
   257
 75
     2
175
     1
 42
40.0
 92
        0
 66
   257
 43
1.0
 76
     1
 77
     6
 78
     2
 67
     7
 79
     3
170
     0
171
     0
290
     0
174
     0
 93
        1
 44
0.0
173
     0
291
     0
 45
0.0
1001
ACAD
1000
AcDbSavedByObjectVersion
1070
     0
  0
VISUALSTYLE
  5
1E4
102
{ACAD_XDICTIONARY
360
5F2
102
}
102
{ACAD_REACTORS
330
EF
102
}
330
EF
100
AcDbVisualStyle
  2
JitterOff
 70
    20
 71
     2
 72
     2
 73
     0
 90
        0
 40
-0.6
 41
-30.0
 62
     5
 63
     7
421
 16777215
 74
     1
 91
        4
 64
     7
 65
   257
 75
     1
175
     1
 42
1.0
 92
       10
 66
     7
 43
1.0
 76
     1
 77
     6
 78
     2
 67
     7
 79
     5
170
     0
171
     0
290
     0
174
     0
 93
        1
 44
0.0
173
     0
291
     1
 45
0.0
1001
ACAD
1000
AcDbSavedByObjectVersion
1070
     0
  0
VISUALSTYLE
  5
FD
102
{ACAD_XDICTIONARY
360
5EC
102
}
102
{ACAD_REACTORS
330
EF
102
}
330
EF
100
AcDbVisualStyle
  2
Linepattern
 70
    14
 71
     2
 72
     2
 73
     1
 90
        0
 40
-0.6
 41
-30.0
 62
     5
 63
     7
421
 16777215
 74
     1
 91
        4
 64
     7
 65
   257
 75
     7
175
     7
 42
1.0
 92
        8
 66
     7
 43
1.0
 76
     1
 77
     6
 78
     2
 67
     7
 79
     5
170
     0
171
     0
290
     0
174
     0
 93
        1
 44
0.0
173
     0
291
     1
 45
0.0
1001
ACAD
1000
AcDbSavedByObjectVersion
1070
     0
  0
VISUALSTYLE
  5
1E5
102
{ACAD_XDICTIONARY
360
5F4
102
}
102
{ACAD_REACTORS
330
EF
102
}
330
EF
100
AcDbVisualStyle
  2
OverhangOff
 70
    21
 71
     2
 72
     2
 73
     0
 90
        0
 40
-0.6
 41
-30.0
 62
     5
 63
     7
421
 16777215
 74
     1
 91
        4
 64
     7
 65
   257
 75
     1
175
     1
 42
1.0
 92
        9
 66
     7
 43
1.0
 76
     1
 77
     6
 78
     2
 67
     7
 79
     5
170
     0
171
     0
290
     0
174
     0
 93
        1
 44
0.0
173
     0
291
     1
 45
0.0
1001
ACAD
1000
AcDbSavedByObjectVersion
1070
     0
  0
VISUALSTYLE
  5
F9
102
{ACAD_XDICTIONARY
360
5E4
102
}
102
{ACAD_REACTORS
330
EF
102
}
330
EF
100
AcDbVisualStyle
  2
Realistic
 70
     8
 71
     2
 72
     3
 73
     0
 90
        2
 40
-0.6
 41
30.0
 62
     5
 63
     7
421
 16777215
 74
     0
 91
        0
 64
     7
 65
   257
 75
     1
175
     1
 42
1.0
 92
        8
 66
   257
 43
1.0
 76
     1
 77
     6
 78
     2
 67
     7
 79
     3
170
     0
171
     0
290
     0
174
     0
 93
       13
 44
0.0
173
     0
291
     0
 45
0.0
1001
ACAD
1000
AcDbSavedByObjectVersion
1070
     0
  0
VISUALSTYLE
  5
1F3
102
{ACAD_XDICTIONARY
360
600
102
}
102
{ACAD_REACTORS
330
EF
102
}
330
EF
100
AcDbVisualStyle
  2
Shaded
 70
    27
 71
     2
 72
     2
 73
     1
 90
        2
 40
-0.6
 41
30.0
 62
     5
 63
     7
421
 16777215
 74
     0
 91
        4
 64
     7
 65
   257
 75
     1
175
     1
 42
1.0
 92
        8
 66
   257
 43
1.0
 76
     1
 77
     6
 78
     2
 67
     8
425
  7895160
 79
     3
170
     0
171
     0
290
     0
174
     0
 93
        5
 44
0.0
173
     0
291
     0
 45
0.0
1001
ACAD
1000
AcDbSavedByObjectVersion
1070
     0
  0
VISUALSTYLE
  5
1F2
102
{ACAD_XDICTIONARY
360
5FE
102
}
102
{ACAD_REACTORS
330
EF
102
}
330
EF
100
AcDbVisualStyle
  2
Shaded with edges
 70
    26
 71
     2
 72
     2
 73
     1
 90
        2
 40
-0.6
 41
30.0
 62
     5
 63
     7
421
 16777215
 74
     1
 91
        2
 64
     7
 65
   257
 75
     2
175
     1
 42
1.0
 92
        8
 66
   257
 43
1.0
 76
     1
 77
     6
 78
     2
 67
     7
 79
     3
170
     0
171
     0
290
     0
174
     0
 93
        5
 44
0.0
173
     0
291
     0
 45
0.0
1001
ACAD
1000
AcDbSavedByObjectVersion
1070
     0
  0
VISUALSTYLE
  5
1EF
102
{ACAD_XDICTIONARY
360
5F8
102
}
102
{ACAD_REACTORS
330
EF
102
}
330
EF
100
AcDbVisualStyle
  2
Shades of Gray
 70
    23
 71
     2
 72
     2
 73
     3
 90
        0
 40
-0.6
 41
-30.0
 62
     5
 63
     7
421
 16777215
 74
     2
 91
        2
 64
     7
 65
     7
 75
     1
175
     1
 42
40.0
 92
        8
 66
     7
 43
1.0
 76
     1
 77
     6
 78
     2
 67
     7
 79
     3
170
     0
171
     0
290
     0
174
     0
 93
        1
 44
0.0
173
     0
291
     0
 45
0.0
1001
ACAD
1000
AcDbSavedByObjectVersion
1070
     0
  0
VISUALSTYLE
  5
1F0
102
{ACAD_XDICTIONARY
360
5FA
102
}
102
{ACAD_REACTORS
330
EF
102
}
330
EF
100
AcDbVisualStyle
  2
Sketchy
 70
    24
 71
     1
 72
     2
 73
     2
 90
        0
 40
-0.6
 41
-30.0
 62
     5
 63
     7
421
 16777215
 74
     2
 91
        2
 64
     7
 65
     7
 75
     1
175
     1
 42
40.0
 92
       11
 66
     7
 43
1.0
 76
     1
 77
     6
 78
     2
 67
     7
 79
     6
170
     0
171
     0
290
     0
174
     0
 93
        1
 44
0.0
173
     0
291
     0
 45
0.0
1001
ACAD
1000
AcDbSavedByObjectVersion
1070
     0
  0
VISUALSTYLE
  5
FC
102
{ACAD_XDICTIONARY
360
5EA
102
}
102
{ACAD_REACTORS
330
EF
102
}
330
EF
100
AcDbVisualStyle
  2
Thicken
 70
    13
 71
     2
 72
     2
 73
     1
 90
        0
 40
-0.6
 41
-30.0
 62
     5
 63
     7
421
 16777215
 74
     1
 91
        4
 64
     7
 65
   257
 75
     1
175
     1
 42
1.0
 92
       12
 66
     7
 43
1.0
 76
     1
 77
     6
 78
     2
 67
     7
 79
     5
170
     0
171
     0
290
     0
174
     0
 93
        1
 44
0.0
173
     0
291
     1
 45
0.0
1001
ACAD
1000
AcDbSavedByObjectVersion
1070
     0
  0
VISUALSTYLE
  5
F6
102
{ACAD_XDICTIONARY
360
5DE
102
}
102
{ACAD_REACTORS
330
EF
102
}
330
EF
100
AcDbVisualStyle
  2
Wireframe
 70
     5
 71
     0
 72
     2
 73
     0
 90
        0
 40
-0.6
 41
-30.0
 62
     5
 63
     7
421
 16777215
 74
     1
 91
        4
 64
     7
 65
   257
 75
     1
175
     1
 42
1.0
 92
        0
 66
   257
 43
1.0
 76
     1
 77
     6
 78
     2
 67
     7
 79
     3
170
     0
171
     0
290
     0
174
     0
 93
        1
 44
0.0
173
     0
291
     0
 45
0.0
1001
ACAD
1000
AcDbSavedByObjectVersion
1070
     0
  0
VISUALSTYLE
  5
1F1
102
{ACAD_XDICTIONARY
360
5FC
102
}
102
{ACAD_REACTORS
330
EF
102
}
330
EF
100
AcDbVisualStyle
  2
X-Ray
 70
    25
 71
     2
 72
     2
 73
     1
 90
        1
 40
0.5
 41
-30.0
 62
     5
 63
     7
421
 16777215
 74
     1
 91
        0
 64
     7
 65
   257
 75
     1
175
     1
 42
1.0
 92
        8
 66
     7
 43
1.0
 76
     1
 77
     6
 78
     2
 67
     7
 79
     3
170
     0
171
     0
290
     0
174
     0
 93
       13
 44
0.0
173
     0
291
     0
 45
0.0
1001
ACAD
1000
AcDbSavedByObjectVersion
1070
     0
  0
DICTIONARYVAR
  5
146
102
{ACAD_REACTORS
330
5E
102
}
330
5E
100
DictionaryVariables
280
     0
  1
1:1
  0
DICTIONARYVAR
  5
259
102
{ACAD_REACTORS
330
5E
102
}
330
5E
100
DictionaryVariables
280
     0
  1
3.500000
  0
DICTIONARYVAR
  5
25A
102
{ACAD_REACTORS
330
5E
102
}
330
5E
100
DictionaryVariables
280
     0
  1
acadiso.lin
  0
DICTIONARYVAR
  5
145
102
{ACAD_REACTORS
330
5E
102
}
330
5E
100
DictionaryVariables
280
     0
  1
STANDARD
  0
DICTIONARYVAR
  5
84
102
{ACAD_REACTORS
330
5E
102
}
330
5E
100
DictionaryVariables
280
     0
  1
STANDARD
  0
DICTIONARYVAR
  5
227
102
{ACAD_REACTORS
330
5E
102
}
330
5E
100
DictionaryVariables
280
     0
  1
Metric50
  0
DICTIONARYVAR
  5
228
102
{ACAD_REACTORS
330
5E
102
}
330
5E
100
DictionaryVariables
280
     0
  1
Metric50
  0
DICTIONARYVAR
  5
5F
102
{ACAD_REACTORS
330
5E
102
}
330
5E
100
DictionaryVariables
280
     0
  1
2
  0
DICTIONARYVAR
  5
63
102
{ACAD_REACTORS
330
5E
102
}
330
5E
100
DictionaryVariables
280
     0
  1
1
  0
DICTIONARYVAR
  5
1AE
102
{ACAD_REACTORS
330
5E
102
}
330
5E
100
DictionaryVariables
280
     0
  1
0
  0
DICTIONARYVAR
  5
1AF
102
{ACAD_REACTORS
330
5E
102
}
330
5E
100
DictionaryVariables
280
     0
  1
0
  0
DICTIONARYVAR
  5
5C0
102
{ACAD_REACTORS
330
5E
102
}
330
5E
100
DictionaryVariables
280
     0
  1
2
  0
DICTIONARYVAR
  5
5BF
102
{ACAD_REACTORS
330
5E
102
}
330
5E
100
DictionaryVariables
280
     0
  1
1
  0
DICTIONARYVAR
  5
5C2
102
{ACAD_REACTORS
330
5E
102
}
330
5E
100
DictionaryVariables
280
     0
  1
80.000000
  0
DICTIONARYVAR
  5
5C1
102
{ACAD_REACTORS
330
5E
102
}
330
5E
100
DictionaryVariables
280
     0
  1
5.000000
  0
DICTIONARYVAR
  5
5C3
102
{ACAD_REACTORS
330
5E
102
}
330
5E
100
DictionaryVariables
280
     0
  1
2
  0
DICTIONARY
  5
5CD
102
{ACAD_REACTORS
330
5CB
102
}
330
5CB
100
AcDbDictionary
281
     1
  0
DICTIONARY
  5
5CC
102
{ACAD_REACTORS
330
5CB
102
}
330
5CB
100
AcDbDictionary
281
     1
  3
2683892411232
350
5C6
  3
2683892411248
350
5C7
  3
2683892411264
350
5C8
  3
2683892411280
350
5C9
  3
2683892411296
350
5CA
  0
DICTIONARY
  5
604
330
21C
100
AcDbDictionary
280
     1
281
     1
  3
ACAD_XREC_ROUNDTRIP
360
605
  0
DICTIONARY
  5
205
330
22
100
AcDbDictionary
280
     1
281
     1
  0
DICTIONARY
  5
1F9
330
ED
100
AcDbDictionary
280
     1
281
     1
  3
ACAD_XREC_ROUNDTRIP
360
5D0
  3
FBXASSET
360
1FA
  0
DICTIONARY
  5
1F7
330
EC
100
AcDbDictionary
280
     1
281
     1
  3
ACAD_XREC_ROUNDTRIP
360
5CF
  3
FBXASSET
360
1F8
  0
DICTIONARY
  5
173
330
EE
100
AcDbDictionary
280
     1
281
     1
  3
ACAD_XREC_ROUNDTRIP
360
5D1
  3
BUMPTILE
360
175
  3
DIFFUSETILE
360
174
  3
FBXASSET
360
1FB
  3
OPACITYTILE
360
176
  3
REFLECTIONTILE
360
177
  0
DICTIONARY
  5
602
330
21A
100
AcDbDictionary
280
     1
281
     1
  3
ACAD_XREC_ROUNDTRIP
360
603
  0
DICTIONARY
  5
162
330
7F
100
AcDbDictionary
280
     1
281
     1
  3
ACAD_ROUNDTRIP_2008_TABLESTYLE_CELLSTYLEMAP
360
5C4
  3
ACAD_XREC_ROUNDTRIP
360
5CE
  0
DICTIONARY
  5
5DC
330
F5
100
AcDbDictionary
280
     1
281
     1
  3
ACAD_XREC_ROUNDTRIP
360
5DD
  0
DICTIONARY
  5
5DA
330
F4
100
AcDbDictionary
280
     1
281
     1
  3
ACAD_XREC_ROUNDTRIP
360
5DB
  0
DICTIONARY
  5
5E8
330
FB
100
AcDbDictionary
280
     1
281
     1
  3
ACAD_XREC_ROUNDTRIP
360
5E9
  0
DICTIONARY
  5
5F0
330
FF
100
AcDbDictionary
280
     1
281
     1
  3
ACAD_XREC_ROUNDTRIP
360
5F1
  0
DICTIONARY
  5
5E2
330
F8
100
AcDbDictionary
280
     1
281
     1
  3
ACAD_XREC_ROUNDTRIP
360
5E3
  0
DICTIONARY
  5
5E6
330
FA
100
AcDbDictionary
280
     1
281
     1
  3
ACAD_XREC_ROUNDTRIP
360
5E7
  0
DICTIONARY
  5
5F6
330
1E6
100
AcDbDictionary
280
     1
281
     1
  3
ACAD_XREC_ROUNDTRIP
360
5F7
  0
DICTIONARY
  5
5EE
330
FE
100
AcDbDictionary
280
     1
281
     1
  3
ACAD_XREC_ROUNDTRIP
360
5EF
  0
DICTIONARY
  5
5D2
330
F0
100
AcDbDictionary
280
     1
281
     1
  3
ACAD_XREC_ROUNDTRIP
360
5D3
  0
DICTIONARY
  5
5D4
330
F1
100
AcDbDictionary
280
     1
281
     1
  3
ACAD_XREC_ROUNDTRIP
360
5D5
  0
DICTIONARY
  5
5D6
330
F2
100
AcDbDictionary
280
     1
281
     1
  3
ACAD_XREC_ROUNDTRIP
360
5D7
  0
DICTIONARY
  5
5D8
330
F3
100
AcDbDictionary
280
     1
281
     1
  3
ACAD_XREC_ROUNDTRIP
360
5D9
  0
DICTIONARY
  5
5E0
330
F7
100
AcDbDictionary
280
     1
281
     1
  3
ACAD_XREC_ROUNDTRIP
360
5E1
  0
DICTIONARY
  5
5F2
330
1E4
100
AcDbDictionary
280
     1
281
     1
  3
ACAD_XREC_ROUNDTRIP
360
5F3
  0
DICTIONARY
  5
5EC
330
FD
100
AcDbDictionary
280
     1
281
     1
  3
ACAD_XREC_ROUNDTRIP
360
5ED
  0
DICTIONARY
  5
5F4
330
1E5
100
AcDbDictionary
280
     1
281
     1
  3
ACAD_XREC_ROUNDTRIP
360
5F5
  0
DICTIONARY
  5
5E4
330
F9
100
AcDbDictionary
280
     1
281
     1
  3
ACAD_XREC_ROUNDTRIP
360
5E5
  0
DICTIONARY
  5
600
330
1F3
100
AcDbDictionary
280
     1
281
     1
  3
ACAD_XREC_ROUNDTRIP
360
601
  0
DICTIONARY
  5
5FE
330
1F2
100
AcDbDictionary
280
     1
281
     1
  3
ACAD_XREC_ROUNDTRIP
360
5FF
  0
DICTIONARY
  5
5F8
330
1EF
100
AcDbDictionary
280
     1
281
     1
  3
ACAD_XREC_ROUNDTRIP
360
5F9
  0
DICTIONARY
  5
5FA
330
1F0
100
AcDbDictionary
280
     1
281
     1
  3
ACAD_XREC_ROUNDTRIP
360
5FB
  0
DICTIONARY
  5
5EA
330
FC
100
AcDbDictionary
280
     1
281
     1
  3
ACAD_XREC_ROUNDTRIP
360
5EB
  0
DICTIONARY
  5
5DE
330
F6
100
AcDbDictionary
280
     1
281
     1
  3
ACAD_XREC_ROUNDTRIP
360
5DF
  0
DICTIONARY
  5
5FC
330
1F1
100
AcDbDictionary
280
     1
281
     1
  3
ACAD_XREC_ROUNDTRIP
360
5FD
  0
XRECORD
  5
5C6
102
{ACAD_REACTORS
330
5CC
102
}
330
5CC
100
AcDbXrecord
280
     1
  1
AcDb_Thumbnail_Schema
102
{ATTRRECORD
341
5C7
  2
AcDbDs::TreatedAsObjectData
280
     1
291
     1
102
ATTRRECORD}
102
{ATTRRECORD
341
5C8
  2
AcDbDs::Legacy
280
     1
291
     1
102
ATTRRECORD}
  2
AcDbDs::ID
280
    10
 91
        8
102
{ATTRRECORD
341
5C9
  2
AcDs:Indexable
280
     1
291
     1
102
ATTRRECORD}
102
{ATTRRECORD
341
5CA
  2
AcDbDs::HandleAttribute
280
     7
282
     1
102
ATTRRECORD}
  2
Thumbnail_Data
280
    15
 91
        0
  0
XRECORD
  5
5C7
102
{ACAD_REACTORS
330
5CC
102
}
330
5CC
100
AcDbXrecord
280
     1
  1
AcDbDs::TreatedAsObjectDataSchema
  2
AcDbDs::TreatedAsObjectData
280
     1
 91
        0
  0
XRECORD
  5
5C8
102
{ACAD_REACTORS
330
5CC
102
}
330
5CC
100
AcDbXrecord
280
     1
  1
AcDbDs::LegacySchema
  2
AcDbDs::Legacy
280
     1
 91
        0
  0
XRECORD
  5
5C9
102
{ACAD_REACTORS
330
5CC
102
}
330
5CC
100
AcDbXrecord
280
     1
  1
AcDbDs::IndexedPropertySchema
  2
AcDs:Indexable
280
     1
 91
        0
  0
XRECORD
  5
5CA
102
{ACAD_REACTORS
330
5CC
102
}
330
5CC
100
AcDbXrecord
280
     1
  1
AcDbDs::HandleAttributeSchema
  2
AcDbDs::HandleAttribute
280
     7
 91
        1
284
     1
  0
XRECORD
  5
605
102
{ACAD_REACTORS
330
604
102
}
330
604
100
AcDbXrecord
280
     1
102
DISPLAYNAME
  1
Metric50
102
FLAGS
 90
        0
  0
XRECORD
  5
5D0
102
{ACAD_REACTORS
330
1F9
102
}
330
1F9
100
AcDbXrecord
280
     1
102
MATERIAL
148
0.0
149
0.0
149
0.0
 93
        0
 94
       63
282
     0
 72
     1
 77
     1
171
     1
175
     1
179
     1
273
     0
  0
XRECORD
  5
1FA
102
{ACAD_REACTORS
330
1F9
102
}
330
1F9
100
AcDbXrecord
280
     1
 70
     1
 90
429727718
  1
D62C5603-E3A1-4AEA-B7FB-FE5D8D0755AF
310
504B03040A0000080000CC70623B3DEE336E79000000790000001B0000006175746F6465736B2D64657369676E2D7061636B6167652E786D6C3C3F786D6C2076657273696F6E3D22312E302220656E636F64696E673D227574662D3822203F3E3C666F726D6174733E3C666F726D61743E687474703A2F2F736368656D612E
310
6175746F6465736B2E636F6D2F64657369676E2D7061636B6167652F323030393C2F666F726D61743E3C2F666F726D6174733E504B0304140006080800CC70623BD486FD9CA0000000F4000000130000005B436F6E74656E745F54797065735D2E786D6C7D8EC10E82300C865F65E91D8A1E8C310C0EEA1BF002731658846E
310
D98AC1B77784ABF1D8FE5FBFBF75BBCE937A534CCEB38643598122B6FEE978D0B0485F9C41B54DDD7D022595594E1A469170414C76A4D9A4D207E29CF43ECE46F218070CC6BECC4078ACAA135ACF422C856C0E68EA1BF5669944DDD7BCDE7B1F8E415D77AECB980613C2E4AC91FC167A2B244592486606FC29C8FD7F045B9A
310
EF7053A7E60B504B0304140006080800CC70623B853B8169EB0000007C01000008000000636F72652E786D6C8D90416EC3201045AF62CDB6C206821CC7C244919D9CA01740401C94182C03558F5F9C3852BBEB6A467FFE9B197D7EFC9E1EC5975982F5AE035262288C535E5B377690E21535501C055FBC8FBF6C503839990E
310
5619041F179FE64D52DE45E362569DD7661365082642A11EB9E920A89B99642953CC8E702F67A9EE7234257977194EC9EAE275C4EABCCF5EAD5940D4AC6F0E35A568B8F43562CD7046CD199FD07E60174276A7BE677B5EADB0E0D14EEFFB6A31321A0D82627C4084204C3F096B71DD52F6819B16635EADF63F509AF53FA164
310
5DDCD1EDDD17164090FCC8732078B56691CB33A85CD7DCC40F504B0304140006080800CC70623B55019EA25F0000007C00000007000000636E782E786D6C4DCB3B0E80201045D1AD90E915ED2CF8AC45050C11660C8261F98AB1B07AC9C97D42D718D865D3E909258CFD00CCE24AC6E326A164D74DC0B4128928FF32603847
310
2BA13128B1252AC747C6BAB984FC68F0B87FE8960A5C09FE86CFB69FBA01504B0304140006080800CC70623BDBABAAF470010000D40300000C0000006662782F636F72652E786D6CC553D16E823014FD95A6AF4B694182CC941A83FA05FB810A9511A125A5257EFE2E82712ECEB8A7F100CD39F7F69E734AF9FADC366850B6
310
AF8DCE7018308C942E4C59EB2AC3DE1D498AD15A706B8CFB56869196ADCAF00863C12B6B7C374385D14E6907A836A59A41D9F7CA615434B0C8705F7CAA5606D23BA8E84F41278B93AC54100640439DE0BDB320004D43C63716C7C399D30917DCFBBA9CD9BA8469F5B156168B24CED3F7248AC8769F27244EB73B92EED8862C
310
B7F13E0C179B3C8F979C8ECD82BBBABDAA2BAC924E9558448CBD9330242CFA08E3154B5651FCC6D215639C8EE5774DBE2B5F6CF2B5768B68963BB5F5588420E442FC700B1139D4CB01F450C1E918227C2E09DF070D8140C84E1E9AAB8F1340832A9CB13130A5F1376A908D57309505ECF2A0DF179C4E9D30F5B239B87E3823
310
7A79C6F31DE1A8A5AEC08474B03C7837EAE4938639B44E5932B833D2C6B6B279CDC613877FA26EE21F4A2A4C63EC7F29A2F301D1F9F7A0E37D145F504B0304140006080800CC70623B9C113CC27E0000009D0000000B0000006662782F636E782E786D6C4DCCDF0A83201C86E15B91DFB94BFB330DD428C8FB886521330DA7
310
6397BF1A1DECE883878F57749FCDA1B7892F1BBC047A23808C7F84D9FA55424E0BE6803A256208E9EF06C84F9B91703228B1C690F78B66B34CD9A5439DF5CF0BFBF65E35BCA1B8D6A5C6F540381E886698B5741C695F9503EBA150A2F8958E3DC3EA0B504B0304140006080800CC70623B7DF2F77C2A010000120200003100
310
00006662782F41393633353835312D344632462D344230382D423046372D3739314545314133324237412F636F72652E786D6C8D51DB8EC22014FC15C2939B0D2DB4B45643319AE817EC0F6041255A68B86CFCFC856D4D76DF7CE190393373060EDB3DC707F856CE6B6B7A480A0C81328395DA5C7B18C3057510EC3873D686
310
3F34088C18550F330C39BB3A1BA7051AAC09CA84841A2BD5020AEF55806078A44B0FFD7053A328440C89E1EFC52486BBB8AA8214A99D789CF9E05200300FC927E4FB4D5B375D43103D5527440FB843077C5AA3F5861C8F645F5787F59E95B390B318B55CE45AA638FAA2957BD7248B390B7A7CC51F9C124149C82B8C378810
310
84AB2F42B7B8DD56F413775B8C5999E9FF4471926F8AA236A1AE96B8B3CC434E5839373893369E1FAF30EA395917409EB7F26AF8801C171837A4A6AC9C89E9F9C9B1A58BA30FD6A5EF5DDDCF894B9AD9B6A59C957943A9FCAE2FD5BC4DFE03504B0304140006080800CC70623BAD7543B64E01000033030000300000006662
310
782F41393633353835312D344632462D344230382D423046372D3739314545314133324237412F636E782E786D6CD593CD6EC32010845F0571AD6CE3D48AD20813A9873E410FBD12D82434182C7EAAE6EDBB2424CD25871E7B41D6EC30B3FA84F9E67BB2E40B4234DE8DB46F1925E094D7C6ED479AD3AE5951B2113C789FEE
310
6C943839C1488B4C05DF079FE72A69D8C96C13AAD6B8631503449F83828872B949AC57D26200B826A308D316B4064D6E46FCDA41C05550DC9E483A00797BFD207EFB092A45DE9514C1BBD22178396BD39D891265658C238DEA00936C654E5E433CB65A26D9F6EDB5EBC14EBF49A45CB856E66048291F6939A9A81BB5C89177
310
38143CA680F4AA299D66A042CEB3354A2684DC9D8D178FE0D9B8B41CAAD720F880EE7EF93C0C18769E099ECC04D5A102C8049A8A05632F4DDF376CF1DE0F6BB65C2F8627B65A33C6BB62177CEBBDAD973006829F89F22E814B54F4BC2BE347F8AA8F681390B50FA73F804400B5F542E796F19FF974E7F78DB802FE05E20750
310
4B0304140006080800CC70623BE75B7789680500003C100000340000006662782F41393633353835312D344632462D344230382D423046372D3739314545314133324237412F6F626A656374732E786D6CAD575B8F9B3818FD2B887D06C22499CB8AA1CA655245D5B455A356FB305264C061D8018C6C3393D95FBFC7600890
310
A4CD5EF210B0B1BFEBF98E3F7B1FF6596ABC522E1296DF9BAE3D320D9A872C4AF2F8DE2CE5CEBA358D0FBEC719939D65A691938CDE9B6ADAF4BD98B3B2D05311DD91329583D9D5FC0F438434A7A611A644887B5384CF34233629258BA878B12322891DEFF6B66BD70BFB62634E8AE781D082709A4B588AF91C528CDA28B73F
310
1C998EEF39EABBEFA97FBD6A7C7E9553F9D3D79FE442923C3C523610337627CB87ABE99D359D4CC6D6E4FACAB5E6ABF9D2726FC6A3C5F56271377BB88362213924694B38DD99FE47C48627A1E7D49F5A8BB5E1A74C0A599ED3B0F21F1E56366B89112D681E218F0915D0D6F17AD41FBA2A369DCF6335D62ABBD39779D5DDD1
310
11D4D8DE3CBB96B2E04FB8202E41051754A1AA8E8F76B4C6DFE810B580B1547F4B84911149794252234D024EF8BBE963A95AE27B3D310A9D5C215C7960FAEE415ED75694C6AFB17BCACA5D99A60A9AA65F217B0BFC53292ACB92BF283FAD0D3621576592CB5BED907C2FA8E9DF794E35E97BEA31BED21FEB401ABB94C44839
310
DCACBF0E1C5DA8DA5B2F4DFFD32AD86F543D9E565E7056502E157C00AD2671CD534549AB752FCA9CDA00677A313F04E51B22FF19E57B300579E3C97EB29F682D92935CEC18CF901B7B54FD8C51F362B56FC72FE0B3C1EAE335EDCCBF5AEC39ADB17DC238973F804BA5E6F6BFE7AF1FB32E523BE9F3BD571418E3631DCA4D48
310
5250CF639223210A9446CA30052EDF057BD35F8329C1ECD84552BF0DC8D18BE7BCE23BFE6BD960AB4A7DE79923A103BEBD80F911CBAA2C60DB19B01CF164A5583B772EE6D3FFA56666CBCDA74DC97724A48F9A58967497E489C4D979006FD7A05E227A1EBDD0F737C623387A9C844D3709995625106D157315F8B8392CD4E0
310
A0B9A720C4BE9829CEF37EA1E13111214D53925356365ADA634861B52519DD27A00AEB808EAF0628E6F435519D446F45CF2C9CF5214F0A15B2F6D06B79DA3EE3CBF7F56780D2F4E7EF73A0F5E5B02A38D07DC852C6B7C1FBB6664213E0C39E3EBA7FF4E1AD23EA2829407C85E586727488B751B2DB9502BC7B228A3FD68B6E
310
A65A22397E690AA8D158D7E404EC8CDA235CC3B7D1898680131CEC2CDF2638C65196279577750F15884AEE19F94199155B92B13297978469D4F8D358DF0AEF7631E28DC8F0D9F437D5D39A83B2231A1D52D543813A824EF8D44BCFF2FA6A31BD1E8DAD87F1CCB526B3879935BF59CDADD5C37479BB1CDD4CA7B3556B516589
310
EF352754B706114D9C885EC9131DE6EFEB43D99AFE2391C2F958179413D7CFEF6B1B6DB1E7600F00DE6E5C67454A339A4BA2E0FBA85ED26F045D454F463DBFCE484C2F90F2E5E3666003662ED8F755951A7D1BECD5B30B550B2785C8E7320B7292A4838DDA71BBC863ED7613CAF659337A3354231D4FF4A182A54904C2898C
310
98B28C4AD0CE056CCF332A80986E571EE9DBC305BB5FEB7E509220A58D25CF042D712A806AC0AD0C657FDEF80D2D9CEAA2EE4D1C76F60BFE74219A06527D6F82DF6412526107381E55E353090704D085B52408A8913C4ED159D79BDA71BB4BC506F4831350EB6F975CD22D69BF7AC49B91A2C0A9DDA3D5CA36AD20FC478E37
310
E61844E2352865EBCB61A275A65283CAAA9DD27703B4102F5AF51EF5F573B75CBB5AD38BC845F7A49F82A0966A49C2E3EA5EA0ECD326CD965F1DB402C6FA8B51A4658C5C5E2EC9E214602E55810345408596591009A82E7E7FFACA19EEA299B14A0081A705CB3296EBC14CDF658DCD336EA6D1136881AAEB87B81AB9EE53D5
310
F5EB8BC8362082DA24122F98680A4E7930C01A0079749CEA14382A0783E5EBA5A10F8C098456A03D6A4AEB6BB881E2513747552A5DB22C7EDAF83BD5528081A365F7FF06504B0304140006080000CC70623B000000000000000000000000350000006662782F41393633353835312D344632462D344230382D423046372D37
310
39314545314133324237412F76657274696365732E62696E504B0304140006080800CC70623BF270F1330600000004000000360000006662782F41393633353835312D344632462D344230382D423046372D3739314545314133324237412F747269616E676C65732E62696E636660600000504B0304140006080000CC7062
310
3B000000000000000000000000370000006662782F41393633353835312D344632462D344230382D423046372D3739314545314133324237412F617474726962757465732E62696E504B0304140006080800CC70623B08DA0BD19000000041010000360000006662782F41393633353835312D344632462D344230382D4230
310
46372D3739314545314133324237412F6469726563746F72792E786D6C858F410AC3201045AF22B36F53E9A60B35CBEEBAE80D244E44489C6234F4F835464A48035D0DF398FF9F8AF63D0E6CC63039F212F8F9020C7D47C6792B21C5FE7403D62A1188E2E60C98D7234A5830286103A55745067B9D86B8A3CF9C7F90C11DE6
310
07FB144396D7B6A82D282E9A152AD114D5EF2CB866EEE831B8EEA07A7BB5A8D7D61A2BAAEB7FD5F70921FF497D00504B0304140006080800CC70623BEDD1DC58FD000000A00100003B0000006662782F41393633353835312D344632462D344230382D423046372D3739314545314133324237412F7265736F75726365732F
310
636F72652E786D6C8D504B6E833010BD0A9A6D65B00922041947112427E8052C33A156828DFCA97AFC9A40A576D7CDCCE87D344F8F9FBFE667F689CE6B6B3A6039850C8DB2A336530731DC4903D95970676DF82583CCC8193B5861107C72362E3BA4AC096842428D1D7107A5F7182053CF7474E0D507CE32973124857FE48B
310
540F3961CEF244279DE03EB81420DB9EAC1384436FA353E879B1B182C7A8C75DA3C7F453DF353A1075D537A7BA6464B8F535A99AE14A9A2BBD90E350DD183B5CFABE3AF262350B1EF4FC9351399401471025A527C218A1E53BAB5A5AB765F5469B96525EACF23FA6B88CFF34456DC2A1DCE36E360F82A5202F42F062ED2BAD
310
579969AFDD8A6F504B010214000A0000080000CC70623B3DEE336E79000000790000001B00000000000000000000000000000000006175746F6465736B2D64657369676E2D7061636B6167652E786D6C504B01021400140006080800CC70623BD486FD9CA0000000F40000001300000000000000000000000000B20000005B
310
436F6E74656E745F54797065735D2E786D6C504B01021400140006080800CC70623B853B8169EB0000007C010000080000000000000000000000000083010000636F72652E786D6C504B01021400140006080800CC70623B55019EA25F0000007C000000070000000000000000000000000094020000636E782E786D6C504B
310
01021400140006080800CC70623BDBABAAF470010000D40300000C00000000000000000000000000180300006662782F636F72652E786D6C504B01021400140006080800CC70623B9C113CC27E0000009D0000000B00000000000000000000000000B20400006662782F636E782E786D6C504B01021400140006080800CC70
310
623B7DF2F77C2A010000120200003100000000000000000000000000590500006662782F41393633353835312D344632462D344230382D423046372D3739314545314133324237412F636F72652E786D6C504B01021400140006080800CC70623BAD7543B64E010000330300003000000000000000000000000000D2060000
310
6662782F41393633353835312D344632462D344230382D423046372D3739314545314133324237412F636E782E786D6C504B01021400140006080800CC70623BE75B7789680500003C10000034000000000000000000000000006E0800006662782F41393633353835312D344632462D344230382D423046372D3739314545
310
314133324237412F6F626A656374732E786D6C504B01021400140006080000CC70623B0000000000000000000000003500000000000000000000000000280E00006662782F41393633353835312D344632462D344230382D423046372D3739314545314133324237412F76657274696365732E62696E504B01021400140006
310
080800CC70623BF270F133060000000400000036000000000000000000000000007B0E00006662782F41393633353835312D344632462D344230382D423046372D3739314545314133324237412F747269616E676C65732E62696E504B01021400140006080000CC70623B0000000000000000000000003700000000000000
310
000000000000D50E00006662782F41393633353835312D344632462D344230382D423046372D3739314545314133324237412F617474726962757465732E62696E504B01021400140006080800CC70623B08DA0BD1900000004101000036000000000000000000000000002A0F00006662782F41393633353835312D344632
310
462D344230382D423046372D3739314545314133324237412F6469726563746F72792E786D6C504B01021400140006080800CC70623BEDD1DC58FD000000A00100003B000000000000000000000000000E1000006662782F41393633353835312D344632462D344230382D423046372D3739314545314133324237412F7265
310
736F75726365732F636F72652E786D6C504B0506000000000E000E0080040000641100000000
  0
XRECORD
  5
5CF
102
{ACAD_REACTORS
330
1F7
102
}
330
1F7
100
AcDbXrecord
280
     1
102
MATERIAL
148
0.0
149
0.0
149
0.0
 93
        0
 94
       63
282
     0
 72
     1
 77
     1
171
     1
175
     1
179
     1
273
     0
  0
XRECORD
  5
1F8
102
{ACAD_REACTORS
330
1F7
102
}
330
1F7
100
AcDbXrecord
280
     1
 70
     1
 90
429727718
  1
30362254-06B7-45E0-A893-8CFA70E3D6BC
310
504B03040A0000080000CC70623B3DEE336E79000000790000001B0000006175746F6465736B2D64657369676E2D7061636B6167652E786D6C3C3F786D6C2076657273696F6E3D22312E302220656E636F64696E673D227574662D3822203F3E3C666F726D6174733E3C666F726D61743E687474703A2F2F736368656D612E
310
6175746F6465736B2E636F6D2F64657369676E2D7061636B6167652F323030393C2F666F726D61743E3C2F666F726D6174733E504B0304140006080800CC70623BD486FD9CA0000000F4000000130000005B436F6E74656E745F54797065735D2E786D6C7D8EC10E82300C865F65E91D8A1E8C310C0EEA1BF002731658846E
310
D98AC1B77784ABF1D8FE5FBFBF75BBCE937A534CCEB38643598122B6FEE978D0B0485F9C41B54DDD7D022595594E1A469170414C76A4D9A4D207E29CF43ECE46F218070CC6BECC4078ACAA135ACF422C856C0E68EA1BF5669944DDD7BCDE7B1F8E415D77AECB980613C2E4AC91FC167A2B244592486606FC29C8FD7F045B9A
310
EF7053A7E60B504B0304140006080800CC70623B1EC5D7A3EB0000007C01000008000000636F72652E786D6C8D90416EC3201045AF82665B6103C6756C6122AB4D4ED00B204C5C94182C03558F5F9C3852BBEB6A467FFE9B197D71FC9E6FE8CBACC17AD7032D0820E3B41FAD9B7A48F1820F808E52ACDEC75F36404ECDA687
310
4D0629A6D5A76597B477D1B89855E747B38B2A041301E95B6E7A08FAD3CCAA50296647B8168BD2573599823EBB0CA76447F43862C7BCCF5EAC59410E4DDD9C7973C2755553CCCFA4C603E3040F1565ED3B1FDE4E432BCA0D9622DAF9795FAF464533826484B498524CD807E51D79ED187F21878E10516EF63F505AC67F42C9
310
BA58B1FDDD071640D2FCC87D2045B96591CB3DA85CB7DCE40F504B0304140006080800CC70623B55019EA25F0000007C00000007000000636E782E786D6C4DCB3B0E80201045D1AD90E915ED2CF8AC45050C11660C8261F98AB1B07AC9C97D42D718D865D3E909258CFD00CCE24AC6E326A164D74DC0B4128928FF32603847
310
2BA13128B1252AC747C6BAB984FC68F0B87FE8960A5C09FE86CFB69FBA01504B0304140006080800CC70623B8C9102E971010000D40300000C0000006662782F636F72652E786D6CC5535B6E833010BC8AE5DF0A6C08340F1947A84D4ED00B38C6A128602363A31CBFCB234A53A551FA553EC09AD9F5CE8C31DB9E9B1AF5CA
310
7695D1198E428A91D2D214952E33ECDD315861B4E5CC1AE3BE9561A445A3323CC098B3D21ADFCE9034DA29ED00D5A6503328BA4E398C640D8B0C77F253352214DE4145770A5B214FA2546114020D759C75CE8200340D19DE981F0F6746269C33EFAB6266AB02A655C74A59CCF365BADC27CB5D902ED22848F6340DF238A141
310
BE88E2F57B92BFEDF23523433367AE6A2EEAA455C2A902F398D2751045018D3FA264435F3771F242571B4A1919CA6F9A7C5B3CD9E42BED16F12C776AEB308F40C848FC700B1139D4891EF410CEC810227CC6846F8386402064270EF5C5C709A05E49676C024C61FC95EA45ED154CA5211D1FF4FB8291A913A68E9B83EBBB33
310
E2A7673CDE118E5AE8124C0807CB8377834E366998436B950D7A7746DAD846D4CFD978E0F04FD455FC5D49D2D4C6FE9722321F10997F0F32DC47FE05504B0304140006080800CC70623BFFEA85907E0000009D0000000B0000006662782F636E782E786D6C4DCCD10A83201886E15B91FFDC95D95A811AB6F23E625948A6C3
310
E9D8E5AF46073BFAE0E1E365ED67B3E8ADC3CB78C7815C7240DA3DFC64DCC221C519D7805AC182F7F1EF06C88D9BE6703008B6049F9E274D7A1E938DBB5AE3D6131B2589BA0D3D965551E0B2EA732C9B9A624AAEB41E3A557677029960D9AFB4EF11165F504B0304140006080800CC70623B4FEEA4082C0100001202000031
310
0000006662782F39464131463745442D413632322D343644302D413938332D3331353338454246344243312F636F72652E786D6C8D515B6EC32010BC0AE2AB55850DD871ED0813254D72825EC00192A2C460F1A872FC42ED48ED5F7E00CDCECCCEB26C731F6FE05B39AFADE921293004CA082BB5B9F43086336A21D870E6AC
310
0D7F68109861543DCC30E4ECE26C9C164858139409093556AA051CBC570102714B8F1E7AF1A5C6A11862480C7F2DA6415C878B2A4891CA89C7990F2E050073937C42DE1DB7E4F87ED8A36D4329AA9B3D46DBAEAD504556557BD81DEBDD0761E52CE42C462D17B996298E3E6BE59E35C962CE821E1FF18553435012728A7187
310
0841987E927A8D9B35ADDF70BBC6989599FE4F1427F9A4286A132ABAC49D651EF234CD5CE04CDA78BA3DC2A8FB645D00B9DF8B57E215725C60BCA2A463E54C4CE327C7A65E1C7DB02E7DEFCBF594B864C5CA6CDBD49C957943E9FA5D5FBAF336F90F504B0304140006080800CC70623BAD7543B64E01000033030000300000
310
006662782F39464131463745442D413632322D343644302D413938332D3331353338454246344243312F636E782E786D6CD593CD6EC32010845F0571AD6CE3D48AD20813A9873E410FBD12D82434182C7EAAE6EDBB2424CD25871E7B41D6EC30B3FA84F9E67BB2E40B4234DE8DB46F1925E094D7C6ED479AD3AE5951B2113C
310
789FEE6C943839C1488B4C05DF079FE72A69D8C96C13AAD6B8631503449F83828872B949AC57D26200B826A308D316B4064D6E46FCDA41C05550DC9E483A00797BFD207EFB092A45DE9514C1BBD22178396BD39D891265658C238DEA00936C654E5E433CB65A26D9F6EDB5EBC14EBF49A45CB856E66048291F6939A9A81BB5
310
C8917738143CA680F4AA299D66A042CEB3354A2684DC9D8D178FE0D9B8B41CAAD720F880EE7EF93C0C18769E099ECC04D5A102C8049A8A05632F4DDF376CF1DE0F6BB65C2F8627B65A33C6BB62177CEBBDAD973006829F89F22E814B54F4BC2BE347F8AA8F681390B50FA73F804400B5F542E796F19FF974E7F78DB802FE05
310
E207504B0304140006080800CC70623B16AB87BA640500003C100000340000006662782F39464131463745442D413632322D343644302D413938332D3331353338454246344243312F6F626A656374732E786D6CAD575B6FA33818FD2B887DE6924B3BED8A326A92B68A663B534DD4D13E548A0C38942D60649B369D5FBFC7
310
600890A493BDE42160637FD7F31D7FF63E6FB3D478A55C242CBF3247B66B1A340F5994E4F19559CA8D75611A9F7D8F33263BCB4C232719BD32D5B4E97B316765A1A722BA21652A07B3B7B33F0D11D29C9A46981221AE4C113ED38CD8A4942CA2E2C58E882476BCD9DA23BB5ED8171B73523C0F841684D35CC252CCE79062D4
310
468DFA43D7747CCF51DF7D4FFDEB5593E3AB9CCA9FBEFE241792E4E19EB28198C968BAB8199F5D5A67D3E9C49A9E8F47D6EC76B6B0469F26EEFC7C3EBFBCBEB98462213924694B38DD98FE1D62C393D073EA4FADC5DAF04326852CCF6958F90F0F2B9BB5C48816348F90C7840A68EB78EDF68723159BCEE7891A6B95DDE9D3
310
BCEAEEE8086A6C6F9E5D4B59F0175C10A7A0820BAA5055C7473B5AE3CFDD452D602CD5DF12616444529E90D448938013FE6EFA58AA96F85E4F8C42275708571E98FE6827AF6B2B4AE3D7D83D64E5A64C53054DD3AF90BD06FEA9149565C94FCA0F6B834DC85599E4F2423B24DF0B6AFA979E534DFA9E7A4CC6FA631D486393
310
921829879BF5D781A373557BCB85E97FB90DB62B558F8795179C15944B051F40AB495CF35451D26A4727654E6D8033BD98EF82F21D91FF8AF2DD9982BCF1643BDD4EB516C9492E368C67C88DED563FC36D5EACF66DFF057C3658BDBFA69DF9578B3DA735B64F18C7F20770A9D45CFCF7FCF563D6456A277DBEF78A02637CA2
310
43B90A490AEAB94F72244481D24819A6C0E59B606BFA4B3025981DBB48EAB701D97BF19C577CC77F2D1B6C55A9EF3C732474C0B727303F625995056C3B02963D9EAC146BE78EC5FCEC7FA999EBC5EACBAAE41B12D27B4D2C0BBA49F244E2ECDC81B76B502F113D8F5EE8FB1BE3111CDD4FC2AA9B844CAB1288B68AB90A7CDC
310
1C166AB0D3DC5310625FCC14E779BFD0709F8890A629C9292B1B2DED31A4B0DA928CEE135085754027E3018A397D4D5427D15BD1330B677DC8934285AC3DF45A9EB68FF8F2B8FC0A509AFEECFD0FF2DE25CC6047F7214B195F07EFEB9A094D800F7BFAE8FED187B78EA8A3A400F115961BCAD1215E47C966530AF0EE8128FE
310
58CEBB996A8964FFA529A046635D9353B0336A8F700DDF46271A024E70B0B37C9DE01847591E54DED53D54202AB947E4076556AC49C6CA5C9E1226B7F1A7B1BE15DEED62C41B91E1B3E9AFAAA735036547343A925075041DF0A9979E893B391F8FCFA6967B3EFB644DCF6E5CEBFAE272625DCC6FAF3FB93793C5F90CE1EF57
310
407342756B10D1C489E8953CD1617E5CEECAD6F4EF8914CE5D5D504E5C3F1F9736DA62CFC11E00BCDDB8CC8A9466349744C1F75EBDA4DF09BA8A9E8C7A7E9991989E20E5DBDD6A6003664ED8F7A04A8DBE0DF6EAD9B9AA858342E47399053949D2C146EDB85DE4B176BB0965FBAC19BD19AA918E27FA50C1D22402E144464C
310
59462568E704B6E71915404CB72B8FF4EDE184DDAF753F284990D2C6926782963815403548A70C657FDEF80D2D9CEAA2AE4C1C76F60BFE74219A06527D6582DF6412526107381E55E353090704D085B52408D0933C4ED159D79BDA71BB4BC506F4831350EB6F979CD22D69BF7AC49B91A2C0A9DDA3D5CA36AD20FC478E37E6
310
1844E2352865EBCB6EA275A652E3836BE04EFB400BF1A2556F515F1FBB35B2AB35BD889C744FFA1004B5544B121E57F70215746DD2F5E2C1412B602CBF19455AC6C8E5E9922C4E01E65215385004546899059180EAFCF7A707CE7017CD8CDB0410789AB32C63B91E5CEBBBACB17AC6CD347A022D5075FD106377347AAABA7E
310
7D11590744509B44E205134DC1290F06580320F78E537D3D73540E06CB970B431F185308AD40BBD794D6D77003C5A36E8EAA54BA64597CD8F83BD552A080A365F7FF06504B0304140006080000CC70623B000000000000000000000000350000006662782F39464131463745442D413632322D343644302D413938332D3331
310
353338454246344243312F76657274696365732E62696E504B0304140006080800CC70623BF270F1330600000004000000360000006662782F39464131463745442D413632322D343644302D413938332D3331353338454246344243312F747269616E676C65732E62696E636660600000504B0304140006080000CC70623B
310
000000000000000000000000370000006662782F39464131463745442D413632322D343644302D413938332D3331353338454246344243312F617474726962757465732E62696E504B0304140006080800CC70623B08DA0BD19000000041010000360000006662782F39464131463745442D413632322D343644302D413938
310
332D3331353338454246344243312F6469726563746F72792E786D6C858F410AC3201045AF22B36F53E9A60B35CBEEBAE80D244E44489C6234F4F835464A48035D0DF398FF9F8AF63D0E6CC63039F212F8F9020C7D47C6792B21C5FE7403D62A1188E2E60C98D7234A5830286103A55745067B9D86B8A3CF9C7F90C11DE607
310
FB144396D7B6A82D282E9A152AD114D5EF2CB866EEE831B8EEA07A7BB5A8D7D61A2BAAEB7FD5F70921FF497D00504B0304140006080800CC70623B0D6EF93BFE000000A00100003B0000006662782F39464131463745442D413632322D343644302D413938332D3331353338454246344243312F7265736F75726365732F63
310
6F72652E786D6C8D50596E833010BD0A9ADFCA60B334011947A8694ED00B586642AC041B79A97AFC9A40A5F6AF3F33A3B7689E1E3F7DCD8FEC139DD7D6F4C0720A191A65476DA61E62B892236427C19DB5E1970C322367EC618541F0C9D9B8EC90B226A009093576C41D94DE63804C3DD2D18357379C652E63480A7FCF17A9
310
EE72C29CE5894E3AC17D702940B63D59270887DE46A7D0F36263058F518FBB468FE9A7BE6A7420864373B8D4873369AA8691FA421B3294352543C5CAF65C0F6FEF43CB8BD52C78D0F34F46E550061C419494B6843142CB0F5677F4B52BEB177AEC28E5C52AFF638ACBF84F53D42654E51E77B379102C05791282176B5F693D
310
CB4C7BED567C03504B010214000A0000080000CC70623B3DEE336E79000000790000001B00000000000000000000000000000000006175746F6465736B2D64657369676E2D7061636B6167652E786D6C504B01021400140006080800CC70623BD486FD9CA0000000F40000001300000000000000000000000000B20000005B
310
436F6E74656E745F54797065735D2E786D6C504B01021400140006080800CC70623B1EC5D7A3EB0000007C010000080000000000000000000000000083010000636F72652E786D6C504B01021400140006080800CC70623B55019EA25F0000007C000000070000000000000000000000000094020000636E782E786D6C504B
310
01021400140006080800CC70623B8C9102E971010000D40300000C00000000000000000000000000180300006662782F636F72652E786D6C504B01021400140006080800CC70623BFFEA85907E0000009D0000000B00000000000000000000000000B30400006662782F636E782E786D6C504B01021400140006080800CC70
310
623B4FEEA4082C0100001202000031000000000000000000000000005A0500006662782F39464131463745442D413632322D343644302D413938332D3331353338454246344243312F636F72652E786D6C504B01021400140006080800CC70623BAD7543B64E010000330300003000000000000000000000000000D5060000
310
6662782F39464131463745442D413632322D343644302D413938332D3331353338454246344243312F636E782E786D6C504B01021400140006080800CC70623B16AB87BA640500003C1000003400000000000000000000000000710800006662782F39464131463745442D413632322D343644302D413938332D3331353338
310
454246344243312F6F626A656374732E786D6C504B01021400140006080000CC70623B0000000000000000000000003500000000000000000000000000270E00006662782F39464131463745442D413632322D343644302D413938332D3331353338454246344243312F76657274696365732E62696E504B01021400140006
310
080800CC70623BF270F133060000000400000036000000000000000000000000007A0E00006662782F39464131463745442D413632322D343644302D413938332D3331353338454246344243312F747269616E676C65732E62696E504B01021400140006080000CC70623B0000000000000000000000003700000000000000
310
000000000000D40E00006662782F39464131463745442D413632322D343644302D413938332D3331353338454246344243312F617474726962757465732E62696E504B01021400140006080800CC70623B08DA0BD190000000410100003600000000000000000000000000290F00006662782F39464131463745442D413632
310
322D343644302D413938332D3331353338454246344243312F6469726563746F72792E786D6C504B01021400140006080800CC70623B0D6EF93BFE000000A00100003B000000000000000000000000000D1000006662782F39464131463745442D413632322D343644302D413938332D3331353338454246344243312F7265
310
736F75726365732F636F72652E786D6C504B0506000000000E000E0080040000641100000000
  0
XRECORD
  5
5D1
102
{ACAD_REACTORS
330
173
102
}
330
173
100
AcDbXrecord
280
     1
102
MATERIAL
148
0.0
149
0.0
149
0.0
 93
        0
 94
       63
282
     0
 72
     1
 77
     1
171
     1
175
     1
179
     1
273
     0
  0
XRECORD
  5
175
102
{ACAD_REACTORS
330
173
102
}
330
173
100
AcDbXrecord
280
     1
270
     1
271
     1
  0
XRECORD
  5
174
102
{ACAD_REACTORS
330
173
102
}
330
173
100
AcDbXrecord
280
     1
270
     1
271
     1
  0
XRECORD
  5
1FB
102
{ACAD_REACTORS
330
173
102
}
330
173
100
AcDbXrecord
280
     1
 70
     0
 90
1673772943
  1
ECE7A1D2-D628-4531-984C-D00F80459256
310
504B03040A0000080000CC70623B3DEE336E79000000790000001B0000006175746F6465736B2D64657369676E2D7061636B6167652E786D6C3C3F786D6C2076657273696F6E3D22312E302220656E636F64696E673D227574662D3822203F3E3C666F726D6174733E3C666F726D61743E687474703A2F2F736368656D612E
310
6175746F6465736B2E636F6D2F64657369676E2D7061636B6167652F323030393C2F666F726D61743E3C2F666F726D6174733E504B0304140006080800CC70623BD486FD9CA0000000F4000000130000005B436F6E74656E745F54797065735D2E786D6C7D8EC10E82300C865F65E91D8A1E8C310C0EEA1BF002731658846E
310
D98AC1B77784ABF1D8FE5FBFBF75BBCE937A534CCEB38643598122B6FEE978D0B0485F9C41B54DDD7D022595594E1A469170414C76A4D9A4D207E29CF43ECE46F218070CC6BECC4078ACAA135ACF422C856C0E68EA1BF5669944DDD7BCDE7B1F8E415D77AECB980613C2E4AC91FC167A2B244592486606FC29C8FD7F045B9A
310
EF7053A7E60B504B0304140006080800CC70623BD9DDAED0EC0000007C01000008000000636F72652E786D6C8D90416EC3201045AF82665B61836D9CD8C2444DD39CA01740405C94182C03558F5F9C3852BBEB6A467FFE9B197D7EF89E6EE8CB2CC17A37002D0820E394D7D68D03A478C17B4007C117EFE32F1B20272733C0
310
2A83E0E3E2D3BC49CABB685CCCAAF3DA6CA20CC14440EA969B0182FA34932C648AD911AEC52CD5558EA6A0CF2EC329598D1E47ACCEFBECC59A050463A7EA5833865FEBDD0E37353BE3EE8DBDE3F6786A48D375FBF6CC78B9C282473B3DEFABC5C86834888A900E538A49F5419B9EB47DD5BC907D4F082F57FB1F28CDFA9F50
310
B22ED6D5F6EE030B20687EE43E10BC5CB3C8E51E54AE6B6EE207504B0304140006080800CC70623B55019EA25F0000007C00000007000000636E782E786D6C4DCB3B0E80201045D1AD90E915ED2CF8AC45050C11660C8261F98AB1B07AC9C97D42D718D865D3E909258CFD00CCE24AC6E326A164D74DC0B4128928FF326038
310
472BA13128B1252AC747C6BAB984FC68F0B87FE8960A5C09FE86CFB69FBA01504B0304140006080800CC70623BA24EB22D72010000D40300000C0000006662782F636F72652E786D6CC5535B6E833010BC8AE5DF0A6C5E49888CA3A6694ED00B38E05014B091B1518EDFE511A5A9D228FD2A1F60CDEC7A67C6986DCE4D8D7A
310
69BA4AAB0C073EC548AA5C17952A33ECECD15B61B4E1CC686DBF9561A44423333CC098B3D268D7CE50AE9595CA02AA74216750749DB418E5352C32DCE59FB211BE70162ABA93DF8AFC244AE9073ED050C759670D0840D390E18DF9F1706664C23973AE2A66B62A605A75ACA4C13C4976E1364A12EF355A2EBD384AF65EFA96
310
BC7B8BED2EA6719AAE16FB8491A199335B351775B991C2CA02F390D2D40B028F861F41BCA68B7518BFD0D59A524686F29B26D7164F36B94AD9289CE54E6D1DE6010819891F6E21228B3AD1831EC219194284CF98F06DD01008846CC5A1BEF83801D4CBDC6A1303536877A57A513B0953A94FC707FDBE6064EA84A9E3E6E0FA
310
EE8CF0E9198F7784A316AA0413C2C2F2E0ECA0934D1AE6D05A69BCDE9E91D2A611F573361E38FC1375157F5752AE6B6DFE4B11990F88CCBF0719EE23FF02504B0304140006080800CC70623B408A7D3B7C0000009D0000000B0000006662782F636E782E786D6C4DCCD10A83201886E15B91FFDC552A92A0064DBC8F581632
310
D3703A76F9ABD1C18E3E78F878E5F0D9027ABBFCF2292AE86E2D20171F69F6715550CB827B40839639A5F2770314A7CD293819B45C73AAFB45B35BA61ACAA1C1C7E7855C58C15BC331339661262CC762340413D68D77DA5B42298546CBE6573AF60CEB2F504B0304140006080800CC70623B449FB9BD290100001202000031
310
0000006662782F36394639363044362D344446342D343946362D394244322D3234314243333846323333332F636F72652E786D6C8D515B6EC32010BC0AE22B55850D98B871848994463E412FE002495162B07854397EA176A4F62F3F2C9A9D991D587EB84F37F0AD7D30CEF6905418026DA553C65E7A98E219ED203808EE9D
310
8B7F6810D871D23D2C3014FCE25D9A57483A1BB58D19B54EE9151C43D0110279CB971E06F9A5A7B11A53CC8C70ADE6515EC78BAE4895DB992778883E0700CB907242D17643D7E2538BD869608875438BBAE38922CAC8F1BDD90DB4691A5E2F42C153326A951B95E398B3D1FE599322163C9AE9115F7A3D46ADA0A018778810
310
84E907617BDCEE297BC5BB3DC6BC2EF47FA234AB2745C9D8D8D035EE220B50105E2F0DC1954B9FB747187D9F9D8FA0CCDB042D5FA0C015C65B42DF78BD10F3F3B363CB56C7109DCFDFBBB97E662ED92EB62D13BC2E1BCAE5777DB9966D8A1F504B0304140006080800CC70623BAD7543B64E01000033030000300000006662
310
782F36394639363044362D344446342D343946362D394244322D3234314243333846323333332F636E782E786D6CD593CD6EC32010845F0571AD6CE3D48AD20813A9873E410FBD12D82434182C7EAAE6EDBB2424CD25871E7B41D6EC30B3FA84F9E67BB2E40B4234DE8DB46F1925E094D7C6ED479AD3AE5951B2113C789FEE
310
6C943839C1488B4C05DF079FE72A69D8C96C13AAD6B8631503449F83828872B949AC57D26200B826A308D316B4064D6E46FCDA41C05550DC9E483A00797BFD207EFB092A45DE9514C1BBD22178396BD39D891265658C238DEA00936C654E5E433CB65A26D9F6EDB5EBC14EBF49A45CB856E66048291F6939A9A81BB5C89177
310
38143CA680F4AA299D66A042CEB3354A2684DC9D8D178FE0D9B8B41CAAD720F880EE7EF93C0C18769E099ECC04D5A102C8049A8A05632F4DDF376CF1DE0F6BB65C2F8627B65A33C6BB62177CEBBDAD973006829F89F22E814B54F4BC2BE347F8AA8F681390B50FA73F804400B5F542E796F19FF974E7F78DB802FE05E20750
310
4B0304140006080800CC70623B8D05915C650500003B100000340000006662782F36394639363044362D344446342D343946362D394244322D3234314243333846323333332F6F626A656374732E786D6CAD575B6FA33814FE2B887D06429276DA1565D4266D158D3A339A6846FB502932E050B66023DB74D2FDF5FB190C01
310
9276B2973C046C8ECFF53B17071F77456EBD502133CEAE6CDF9DD81665314F32965ED995DA3A17B6F5310C04E7AA47665B8C14F4CAD6DB7618A48257A5D94AE89654B91AEDDEDDFC61C998326A5B714EA4BCB265FC440BE2924AF184CA6737218AB8E976E7FA6E4338649B0A523E8D98964450A6A029F619B8588D52FE7039
310
B1BD30F0F4F730D0FF866AF6369557DB33949F31A9088B0F848DD8CCFCF9F2767A76E99CCDE733677E3EF59D9BBB9BA5E37F984D16E78BC5E5F5ED25044B25C0C96822E8D60EEFE11B91C581D77CEA34368A1F5329E68CD1B8B61F16D63A1B8E092D294B10C78C4A48EB593D192E7DED9BDEE7995E1B91FDEDD3ACEA9FE831
310
6A756F9F7D4D79F4274C90A7A04248AA51D5F8C718DAE06FB2F75AC4796EBE65D22A88A22223B995679120E2D50E41AA49C260C046A35368846B0BECD0DFF3EBEB8AD4F835768F69B9ADF25C43D30E6B646F807FAA64AD59F61715C7A54127C4AACA98BA3006A9D792DAE165E0D59B61A01FB3A9F9D838D2DAE62445C86166
310
F37564E842E7DE6A69879FEEA2DD5AE7E371E1A5E025154AC307D06A03D73EB5978C58FFA4C8E9033066E0F3BD53BEC1F39F91BE7B55103791EDE6BBB991A2046172CB4581D8B893FA674DDA17A77B3B7C413D1B511FD2743BFF8A38F03A658705E3ADF8015C3A3417FF3D7E439FF591DA0B5F18BC20C1B8981957AE6392A3
310
F43C640C01D1A0B4728E2DD4F26DB4B3C3152A252A3B4E913CEC1C72F012782FF88EFF8637AA552DBEF76408E8A8DE9E50F9E1CB3A2DA0DB1B6039A893B56063DC5B3E3FFB5F72E67AB9FEB4AEC496C4F4C1149625DD662C53E89D7BF0F6151A046260D1337DFDC94502430F83B0EE07A130A224BCAD7DAE1D9FB6CD422FF6
310
920702629C4BB9AE79C12F243C6432A6794E18E5552BA56B431AAB5D91317302B2B071E86C3A42B1A02F999E24061403B5D0EB639195DA655DD3EBEAB4FB862DDF579F014AD0E73C22F99E28DA57FB98E75C6CA2D74D53086D600F4786E0FE3144B771A8A7B900F03594DB8A633CBC49B2EDB69228BB479CF863B5E807AAAB
310
23872F6DFEB4129B949CA33823F58830E86D65621E10047D9DB34D862E8EAC3C2ABC2F7B2C40D67CDFE01F5545B92105AF983AC54D93D69E56FB8E797F88913F898A9FEC705D3F9D1B54EC8426FB500D40A03BD0119B06E1B95DDC7EB8F6975367793EBD70E66733DFB9BC982F9CE564727731999F5D4ECFCE3B8D6A4DC2A0
310
6D50FD148437D110834A64C6CDDF57FBACB5C307A2A477DFE4939736CFEF2B175371E0E10CF0DD1D5C15654E0BCA14D1E87DD02FF93782A162C0A3D95F1524A52770F972BF1EE9809D13CE7DD599467F8ECE9ADD85CE85A34CD45355448C64F9E8A031DC2D596ACC6E5DD93D9B82DE2EF5CAF81363A8E47996A0DE24564A79
310
4115AACE09C55E14540231FDA13C319787134EBF34E3A022514E5B4D9E0826E25C02D5805B15ABE1BEF51B26383D445DD9E875EE33FE4C22DA16427D65A3BCA92CA6D28DD01DF5DC53330704308475351050232CCD31583787BA75774AFB06E5070DD0C8EF484E19968C5D83BA5B90B244D31E54D55A372320FE4786B7EA58
310
44E135AA5467CB7EA333A61683CC6A8C3257034C10CF46F40EF9F5BE59BE5BD30C3C72D235E95D10345C1D45445A5F0BB47E46A5EBE5570F9380B5FA629579952296A773720405982B9DE04011506178964401AA8BDF1FBF0A8EAB6861DD6580C0E38217056766716DAEB2D6FA0917D3E4116581EADB879C4E7CFFB11EFACD
310
3D641311495D92C8676CB409A72D18610D803CE8A626049E8EC1887CB5B44CC39883690DDA8399B4B9855B481E7D71D4A9D22F96E5BB73BF5793020C02137BF837504B0304140006080000CC70623B000000000000000000000000350000006662782F36394639363044362D344446342D343946362D394244322D32343142
310
43333846323333332F76657274696365732E62696E504B0304140006080800CC70623BF270F1330600000004000000360000006662782F36394639363044362D344446342D343946362D394244322D3234314243333846323333332F747269616E676C65732E62696E636660600000504B0304140006080000CC70623B0000
310
00000000000000000000370000006662782F36394639363044362D344446342D343946362D394244322D3234314243333846323333332F617474726962757465732E62696E504B0304140006080800CC70623B08DA0BD19000000041010000360000006662782F36394639363044362D344446342D343946362D394244322D
310
3234314243333846323333332F6469726563746F72792E786D6C858F410AC3201045AF22B36F53E9A60B35CBEEBAE80D244E44489C6234F4F835464A48035D0DF398FF9F8AF63D0E6CC63039F212F8F9020C7D47C6792B21C5FE7403D62A1188E2E60C98D7234A5830286103A55745067B9D86B8A3CF9C7F90C11DE607FB14
310
4396D7B6A82D282E9A152AD114D5EF2CB866EEE831B8EEA07A7BB5A8D7D61A2BAAEB7FD5F70921FF497D00504B0304140006080800CC70623BCA768048FE000000A00100003B0000006662782F36394639363044362D344446342D343946362D394244322D3234314243333846323333332F7265736F75726365732F636F72
310
652E786D6C8D50596E833010BD0A9ADFCA60D600328E9AA639412F609909B1126CE4A5EAF16B0295DABFFECC8CDEA2797AECF8353F924FB44E193D409E5248504B332A3D0D10FC95B4901C39B3C6F85F3248B49871801506CE266BC2B243D2688FDA47549B11775038871E12F988C7004EDE7016A9083E2ADC3D5D84BC8B09
310
D33C8D74D471E6BC8D0192EDC93A815B742658898E651BCB59086ADC356A8C3FD555A1055ED7E7E254D615792D0F075295F585746FF53B694EE78A565DD736979A65AB9933AFE69F8CD2A2F038022F28ED489E135A7CE4554F9BBEA85E68DB53CAB255FEC71496F19FA6A0B42F8B3DEE6673C0F318E4497096AD7DC5F52C33
310
EEB55BFE0D504B010214000A0000080000CC70623B3DEE336E79000000790000001B00000000000000000000000000000000006175746F6465736B2D64657369676E2D7061636B6167652E786D6C504B01021400140006080800CC70623BD486FD9CA0000000F40000001300000000000000000000000000B20000005B436F
310
6E74656E745F54797065735D2E786D6C504B01021400140006080800CC70623BD9DDAED0EC0000007C010000080000000000000000000000000083010000636F72652E786D6C504B01021400140006080800CC70623B55019EA25F0000007C000000070000000000000000000000000095020000636E782E786D6C504B0102
310
1400140006080800CC70623BA24EB22D72010000D40300000C00000000000000000000000000190300006662782F636F72652E786D6C504B01021400140006080800CC70623B408A7D3B7C0000009D0000000B00000000000000000000000000B50400006662782F636E782E786D6C504B01021400140006080800CC70623B
310
449FB9BD290100001202000031000000000000000000000000005A0500006662782F36394639363044362D344446342D343946362D394244322D3234314243333846323333332F636F72652E786D6C504B01021400140006080800CC70623BAD7543B64E010000330300003000000000000000000000000000D20600006662
310
782F36394639363044362D344446342D343946362D394244322D3234314243333846323333332F636E782E786D6C504B01021400140006080800CC70623B8D05915C650500003B10000034000000000000000000000000006E0800006662782F36394639363044362D344446342D343946362D394244322D32343142433338
310
46323333332F6F626A656374732E786D6C504B01021400140006080000CC70623B0000000000000000000000003500000000000000000000000000250E00006662782F36394639363044362D344446342D343946362D394244322D3234314243333846323333332F76657274696365732E62696E504B010214001400060808
310
00CC70623BF270F13306000000040000003600000000000000000000000000780E00006662782F36394639363044362D344446342D343946362D394244322D3234314243333846323333332F747269616E676C65732E62696E504B01021400140006080000CC70623B00000000000000000000000037000000000000000000
310
00000000D20E00006662782F36394639363044362D344446342D343946362D394244322D3234314243333846323333332F617474726962757465732E62696E504B01021400140006080800CC70623B08DA0BD190000000410100003600000000000000000000000000270F00006662782F36394639363044362D344446342D
310
343946362D394244322D3234314243333846323333332F6469726563746F72792E786D6C504B01021400140006080800CC70623BCA768048FE000000A00100003B000000000000000000000000000B1000006662782F36394639363044362D344446342D343946362D394244322D3234314243333846323333332F7265736F
310
75726365732F636F72652E786D6C504B0506000000000E000E0080040000621100000000
  0
XRECORD
  5
176
102
{ACAD_REACTORS
330
173
102
}
330
173
100
AcDbXrecord
280
     1
270
     1
271
     1
  0
XRECORD
  5
177
102
{ACAD_REACTORS
330
173
102
}
330
173
100
AcDbXrecord
280
     1
270
     1
271
     1
  0
XRECORD
  5
603
102
{ACAD_REACTORS
330
602
102
}
330
602
100
AcDbXrecord
280
     1
102
DISPLAYNAME
  1
Metric50
102
FLAGS
 90
        0
  0
CELLSTYLEMAP
  5
5C4
102
{ACAD_REACTORS
330
162
102
}
330
162
100
AcDbCellStyleMap
 90
        3
300
CELLSTYLE
  1
TABLEFORMAT_BEGIN
 90
        5
170
     1
 91
        0
 92
    32768
 62
   257
 93
        1
300
CONTENTFORMAT
  1
CONTENTFORMAT_BEGIN
 90
        0
 91
        0
 92
      512
 93
        0
300

 40
0.0
140
1.0
 94
        5
 62
     0
340
11
144
6.0
309
CONTENTFORMAT_END
171
     1
301
MARGIN
  1
CELLMARGIN_BEGIN
 40
1.5
 40
1.5
 40
1.5
 40
1.5
 40
4.5
 40
4.5
309
CELLMARGIN_END
 94
        6
 95
        1
302
GRIDFORMAT
  1
GRIDFORMAT_BEGIN
 90
        0
 91
        1
 62
     0
 92
       -2
340
14
 93
        0
 40
1.125
309
GRIDFORMAT_END
 95
        2
302
GRIDFORMAT
  1
GRIDFORMAT_BEGIN
 90
        0
 91
        1
 62
     0
 92
       -2
340
14
 93
        0
 40
1.125
309
GRIDFORMAT_END
 95
        4
302
GRIDFORMAT
  1
GRIDFORMAT_BEGIN
 90
        0
 91
        1
 62
     0
 92
       -2
340
14
 93
        0
 40
1.125
309
GRIDFORMAT_END
 95
        8
302
GRIDFORMAT
  1
GRIDFORMAT_BEGIN
 90
        0
 91
        1
 62
     0
 92
       -2
340
14
 93
        0
 40
1.125
309
GRIDFORMAT_END
 95
       16
302
GRIDFORMAT
  1
GRIDFORMAT_BEGIN
 90
        0
 91
        1
 62
     0
 92
       -2
340
14
 93
        0
 40
1.125
309
GRIDFORMAT_END
 95
       32
302
GRIDFORMAT
  1
GRIDFORMAT_BEGIN
 90
        0
 91
        1
 62
     0
 92
       -2
340
14
 93
        0
 40
1.125
309
GRIDFORMAT_END
309
TABLEFORMAT_END
  1
CELLSTYLE_BEGIN
 90
        1
 91
        1
300
_TITLE
309
CELLSTYLE_END
300
CELLSTYLE
  1
TABLEFORMAT_BEGIN
 90
        5
170
     1
 91
        0
 92
        0
 62
   257
 93
        1
300
CONTENTFORMAT
  1
CONTENTFORMAT_BEGIN
 90
        0
 91
        0
 92
      512
 93
        0
300

 40
0.0
140
1.0
 94
        5
 62
     0
340
11
144
4.5
309
CONTENTFORMAT_END
171
     1
301
MARGIN
  1
CELLMARGIN_BEGIN
 40
1.5
 40
1.5
 40
1.5
 40
1.5
 40
4.5
 40
4.5
309
CELLMARGIN_END
 94
        6
 95
        1
302
GRIDFORMAT
  1
GRIDFORMAT_BEGIN
 90
        0
 91
        1
 62
     0
 92
       -2
340
14
 93
        0
 40
1.125
309
GRIDFORMAT_END
 95
        2
302
GRIDFORMAT
  1
GRIDFORMAT_BEGIN
 90
        0
 91
        1
 62
     0
 92
       -2
340
14
 93
        0
 40
1.125
309
GRIDFORMAT_END
 95
        4
302
GRIDFORMAT
  1
GRIDFORMAT_BEGIN
 90
        0
 91
        1
 62
     0
 92
       -2
340
14
 93
        0
 40
1.125
309
GRIDFORMAT_END
 95
        8
302
GRIDFORMAT
  1
GRIDFORMAT_BEGIN
 90
        0
 91
        1
 62
     0
 92
       -2
340
14
 93
        0
 40
1.125
309
GRIDFORMAT_END
 95
       16
302
GRIDFORMAT
  1
GRIDFORMAT_BEGIN
 90
        0
 91
        1
 62
     0
 92
       -2
340
14
 93
        0
 40
1.125
309
GRIDFORMAT_END
 95
       32
302
GRIDFORMAT
  1
GRIDFORMAT_BEGIN
 90
        0
 91
        1
 62
     0
 92
       -2
340
14
 93
        0
 40
1.125
309
GRIDFORMAT_END
309
TABLEFORMAT_END
  1
CELLSTYLE_BEGIN
 90
        2
 91
        1
300
_HEADER
309
CELLSTYLE_END
300
CELLSTYLE
  1
TABLEFORMAT_BEGIN
 90
        5
170
     1
 91
        0
 92
        0
 62
   257
 93
        1
300
CONTENTFORMAT
  1
CONTENTFORMAT_BEGIN
 90
        0
 91
        0
 92
      512
 93
        0
300

 40
0.0
140
1.0
 94
        2
 62
     0
340
11
144
4.5
309
CONTENTFORMAT_END
171
     1
301
MARGIN
  1
CELLMARGIN_BEGIN
 40
1.5
 40
1.5
 40
1.5
 40
1.5
 40
4.5
 40
4.5
309
CELLMARGIN_END
 94
        6
 95
        1
302
GRIDFORMAT
  1
GRIDFORMAT_BEGIN
 90
        0
 91
        1
 62
     0
 92
       -2
340
14
 93
        0
 40
1.125
309
GRIDFORMAT_END
 95
        2
302
GRIDFORMAT
  1
GRIDFORMAT_BEGIN
 90
        0
 91
        1
 62
     0
 92
       -2
340
14
 93
        0
 40
1.125
309
GRIDFORMAT_END
 95
        4
302
GRIDFORMAT
  1
GRIDFORMAT_BEGIN
 90
        0
 91
        1
 62
     0
 92
       -2
340
14
 93
        0
 40
1.125
309
GRIDFORMAT_END
 95
        8
302
GRIDFORMAT
  1
GRIDFORMAT_BEGIN
 90
        0
 91
        1
 62
     0
 92
       -2
340
14
 93
        0
 40
1.125
309
GRIDFORMAT_END
 95
       16
302
GRIDFORMAT
  1
GRIDFORMAT_BEGIN
 90
        0
 91
        1
 62
     0
 92
       -2
340
14
 93
        0
 40
1.125
309
GRIDFORMAT_END
 95
       32
302
GRIDFORMAT
  1
GRIDFORMAT_BEGIN
 90
        0
 91
        1
 62
     0
 92
       -2
340
14
 93
        0
 40
1.125
309
GRIDFORMAT_END
309
TABLEFORMAT_END
  1
CELLSTYLE_BEGIN
 90
        3
 91
        2
300
_DATA
309
CELLSTYLE_END
  0
XRECORD
  5
5CE
102
{ACAD_REACTORS
330
162
102
}
330
162
100
AcDbXrecord
280
     1
102
ACAD_ROUNDTRIP_PRE2007_TABLESTYLE
 90
      512
 91
        0
  1

 92
      512
 93
        0
  2

 94
      512
 95
        0
  3

  0
XRECORD
  5
5DD
102
{ACAD_REACTORS
330
5DC
102
}
330
5DC
100
AcDbXrecord
280
     1
102
RTVSPost2010Prop28
280
     1
102
RTVSPost2010PropOp28
 70
     1
102
RTVSPost2010Prop29
280
     1
102
RTVSPost2010PropOp29
 70
     1
102
RTVSPost2010Prop30
280
     0
102
RTVSPost2010PropOp30
 70
     1
102
RTVSPost2010Prop31
280
     0
102
RTVSPost2010PropOp31
 70
     1
102
RTVSPost2010Prop32
280
     0
102
RTVSPost2010PropOp32
 70
     1
102
RTVSPost2010Prop33
280
     0
102
RTVSPost2010PropOp33
 70
     1
102
RTVSPost2010Prop34
280
     0
102
RTVSPost2010PropOp34
 70
     1
102
RTVSPost2010Prop35
280
     0
102
RTVSPost2010PropOp35
 70
     1
102
RTVSPost2010Prop36
280
     0
102
RTVSPost2010PropOp36
 70
     1
102
RTVSPost2010Prop37
 90
       50
102
RTVSPost2010PropOp37
 70
     1
102
RTVSPost2010Prop38
140
0.0
102
RTVSPost2010PropOp38
 70
     1
102
RTVSPost2010Prop39
140
1.0
102
RTVSPost2010PropOp39
 70
     1
102
RTVSPost2010Prop40
 90
        0
102
RTVSPost2010PropOp40
 70
     1
102
RTVSPost2010Prop41ColorIndex
 90
       18
102
RTVSPost2010Prop41ColorRGB
 90
        0
102
RTVSPost2010PropOp41
 70
     1
102
RTVSPost2010Prop42
 90
       50
102
RTVSPost2010PropOp42
 70
     1
102
RTVSPost2010Prop43
 90
        3
102
RTVSPost2010PropOp43
 70
     1
102
RTVSPost2010Prop44ColorIndex
 90
        5
102
RTVSPost2010Prop44ColorRGB
 90
      255
102
RTVSPost2010PropOp44
 70
     1
102
RTVSPost2010Prop45
280
     0
102
RTVSPost2010PropOp45
 70
     1
102
RTVSPost2010Prop46
 90
       50
102
RTVSPost2010PropOp46
 70
     1
102
RTVSPost2010Prop47
 90
       50
102
RTVSPost2010PropOp47
 70
     1
102
RTVSPost2010Prop48
 90
       50
102
RTVSPost2010PropOp48
 70
     1
102
RTVSPost2010Prop49
280
     0
102
RTVSPost2010PropOp49
 70
     1
102
RTVSPost2010Prop50
 90
       50
102
RTVSPost2010PropOp50
 70
     1
102
RTVSPost2010Prop51ColorIndex
 90
      256
102
RTVSPost2010Prop51ColorRGB
 90
-16777216
102
RTVSPost2010PropOp51
 70
     0
102
RTVSPost2010Prop52
140
1.0
102
RTVSPost2010PropOp52
 70
     0
102
RTVSPost2010Prop53
 90
        2
102
RTVSPost2010PropOp53
 70
     1
102
RTVSPost2010Prop54
  1
strokes_ogs.tif
102
RTVSPost2010PropOp54
 70
     1
102
RTVSPost2010Prop55
280
     0
102
RTVSPost2010PropOp55
 70
     1
102
RTVSPost2010Prop56
140
1.0
102
RTVSPost2010PropOp56
 70
     1
102
RTVSPost2010Prop57
140
1.0
102
RTVSPost2010PropOp57
 70
     1
102
RTVSPropertyOp0
 70
     1
102
RTVSPropertyOp1
 70
     1
102
RTVSPropertyOp2
 70
     1
102
RTVSPropertyOp3
 70
     1
102
RTVSPropertyOp4
 70
     1
102
RTVSPropertyOp5
 70
     1
102
RTVSPropertyOp6
 70
     1
102
RTVSPropertyOp7
 70
     1
102
RTVSPropertyOp8
 70
     1
102
RTVSPropertyOp9
 70
     1
102
RTVSPropertyOp10
 70
     1
102
RTVSPropertyOp11
 70
     1
102
RTVSPropertyOp12
 70
     1
102
RTVSPropertyOp13
 70
     1
102
RTVSPropertyOp14
 70
     1
102
RTVSPropertyOp15
 70
     1
102
RTVSPropertyOp16
 70
     1
102
RTVSPropertyOp17
 70
     1
102
RTVSPropertyOp18
 70
     1
102
RTVSPropertyOp19
 70
     1
102
RTVSPropertyOp20
 70
     1
102
RTVSPropertyOp21
 70
     1
102
RTVSPropertyOp22
 70
     1
102
RTVSPropertyOp23
 70
     1
102
RTVSPropertyOp24
 70
     1
102
RTVSPropertyOp25
 70
     1
102
RTVSPropertyOp26
 70
     1
102
RTVSPropertyOp27
 70
     1
102
RTVSPropertyOp28
 70
     1
102
RTVSPropertyOp29
 70
     1
102
RTVSPropertyOp30
 70
     1
102
RTVSPropertyOp31
 70
     1
102
RTVSPropertyOp32
 70
     1
102
RTVSPropertyOp33
 70
     1
102
RTVSPropertyOp34
 70
     1
102
RTVSPropertyOp35
 70
     1
102
RTVSPropertyOp36
 70
     1
102
RTVSPropertyOp37
 70
     1
102
RTVSPropertyOp38
 70
     1
102
RTVSPropertyOp39
 70
     1
102
RTVSPropertyOp40
 70
     1
102
RTVSPropertyOp41
 70
     1
102
RTVSPropertyOp42
 70
     1
102
RTVSPropertyOp43
 70
     1
102
RTVSPropertyOp44
 70
     1
102
RTVSPropertyOp45
 70
     1
102
RTVSPropertyOp46
 70
     1
102
RTVSPropertyOp47
 70
     1
102
RTVSPropertyOp48
 70
     1
102
RTVSPropertyOp49
 70
     1
102
RTVSPropertyOp50
 70
     1
102
RTVSPropertyOp51
 70
     0
102
RTVSPropertyOp52
 70
     0
102
RTVSPropertyOp53
 70
     1
102
RTVSPropertyOp54
 70
     1
102
RTVSPropertyOp55
 70
     1
102
RTVSPropertyOp56
 70
     1
102
RTVSPropertyOp57
 70
     1
102
RTVSPropertyOp58
 70
     1
102
RTVSPropertyOp59
 70
     1
102
RTVSPropertyOp60
 70
     1
102
RTVSPropertyOp61
 70
     1
102
RTVSPropertyOp62
 70
     1
  0
XRECORD
  5
5DB
102
{ACAD_REACTORS
330
5DA
102
}
330
5DA
100
AcDbXrecord
280
     1
102
RTVSPost2010Prop28
280
     0
102
RTVSPost2010PropOp28
 70
     1
102
RTVSPost2010Prop29
280
     1
102
RTVSPost2010PropOp29
 70
     1
102
RTVSPost2010Prop30
280
     1
102
RTVSPost2010PropOp30
 70
     1
102
RTVSPost2010Prop31
280
     0
102
RTVSPost2010PropOp31
 70
     1
102
RTVSPost2010Prop32
280
     0
102
RTVSPost2010PropOp32
 70
     1
102
RTVSPost2010Prop33
280
     0
102
RTVSPost2010PropOp33
 70
     1
102
RTVSPost2010Prop34
280
     0
102
RTVSPost2010PropOp34
 70
     1
102
RTVSPost2010Prop35
280
     0
102
RTVSPost2010PropOp35
 70
     1
102
RTVSPost2010Prop36
280
     0
102
RTVSPost2010PropOp36
 70
     1
102
RTVSPost2010Prop37
 90
       50
102
RTVSPost2010PropOp37
 70
     1
102
RTVSPost2010Prop38
140
0.0
102
RTVSPost2010PropOp38
 70
     1
102
RTVSPost2010Prop39
140
1.0
102
RTVSPost2010PropOp39
 70
     1
102
RTVSPost2010Prop40
 90
        0
102
RTVSPost2010PropOp40
 70
     1
102
RTVSPost2010Prop41ColorIndex
 90
       18
102
RTVSPost2010Prop41ColorRGB
 90
        0
102
RTVSPost2010PropOp41
 70
     1
102
RTVSPost2010Prop42
 90
       50
102
RTVSPost2010PropOp42
 70
     1
102
RTVSPost2010Prop43
 90
        3
102
RTVSPost2010PropOp43
 70
     1
102
RTVSPost2010Prop44ColorIndex
 90
        5
102
RTVSPost2010Prop44ColorRGB
 90
      255
102
RTVSPost2010PropOp44
 70
     1
102
RTVSPost2010Prop45
280
     0
102
RTVSPost2010PropOp45
 70
     1
102
RTVSPost2010Prop46
 90
       50
102
RTVSPost2010PropOp46
 70
     1
102
RTVSPost2010Prop47
 90
       50
102
RTVSPost2010PropOp47
 70
     1
102
RTVSPost2010Prop48
 90
       50
102
RTVSPost2010PropOp48
 70
     1
102
RTVSPost2010Prop49
280
     0
102
RTVSPost2010PropOp49
 70
     1
102
RTVSPost2010Prop50
 90
       50
102
RTVSPost2010PropOp50
 70
     1
102
RTVSPost2010Prop51ColorIndex
 90
      256
102
RTVSPost2010Prop51ColorRGB
 90
-16777216
102
RTVSPost2010PropOp51
 70
     0
102
RTVSPost2010Prop52
140
1.0
102
RTVSPost2010PropOp52
 70
     0
102
RTVSPost2010Prop53
 90
        2
102
RTVSPost2010PropOp53
 70
     1
102
RTVSPost2010Prop54
  1
strokes_ogs.tif
102
RTVSPost2010PropOp54
 70
     1
102
RTVSPost2010Prop55
280
     0
102
RTVSPost2010PropOp55
 70
     1
102
RTVSPost2010Prop56
140
1.0
102
RTVSPost2010PropOp56
 70
     1
102
RTVSPost2010Prop57
140
1.0
102
RTVSPost2010PropOp57
 70
     1
102
RTVSPropertyOp0
 70
     1
102
RTVSPropertyOp1
 70
     1
102
RTVSPropertyOp2
 70
     1
102
RTVSPropertyOp3
 70
     1
102
RTVSPropertyOp4
 70
     1
102
RTVSPropertyOp5
 70
     1
102
RTVSPropertyOp6
 70
     1
102
RTVSPropertyOp7
 70
     1
102
RTVSPropertyOp8
 70
     1
102
RTVSPropertyOp9
 70
     1
102
RTVSPropertyOp10
 70
     1
102
RTVSPropertyOp11
 70
     1
102
RTVSPropertyOp12
 70
     1
102
RTVSPropertyOp13
 70
     1
102
RTVSPropertyOp14
 70
     1
102
RTVSPropertyOp15
 70
     1
102
RTVSPropertyOp16
 70
     1
102
RTVSPropertyOp17
 70
     1
102
RTVSPropertyOp18
 70
     1
102
RTVSPropertyOp19
 70
     1
102
RTVSPropertyOp20
 70
     1
102
RTVSPropertyOp21
 70
     1
102
RTVSPropertyOp22
 70
     1
102
RTVSPropertyOp23
 70
     1
102
RTVSPropertyOp24
 70
     1
102
RTVSPropertyOp25
 70
     1
102
RTVSPropertyOp26
 70
     1
102
RTVSPropertyOp27
 70
     1
102
RTVSPropertyOp28
 70
     1
102
RTVSPropertyOp29
 70
     1
102
RTVSPropertyOp30
 70
     1
102
RTVSPropertyOp31
 70
     1
102
RTVSPropertyOp32
 70
     1
102
RTVSPropertyOp33
 70
     1
102
RTVSPropertyOp34
 70
     1
102
RTVSPropertyOp35
 70
     1
102
RTVSPropertyOp36
 70
     1
102
RTVSPropertyOp37
 70
     1
102
RTVSPropertyOp38
 70
     1
102
RTVSPropertyOp39
 70
     1
102
RTVSPropertyOp40
 70
     1
102
RTVSPropertyOp41
 70
     1
102
RTVSPropertyOp42
 70
     1
102
RTVSPropertyOp43
 70
     1
102
RTVSPropertyOp44
 70
     1
102
RTVSPropertyOp45
 70
     1
102
RTVSPropertyOp46
 70
     1
102
RTVSPropertyOp47
 70
     1
102
RTVSPropertyOp48
 70
     1
102
RTVSPropertyOp49
 70
     1
102
RTVSPropertyOp50
 70
     1
102
RTVSPropertyOp51
 70
     0
102
RTVSPropertyOp52
 70
     0
102
RTVSPropertyOp53
 70
     1
102
RTVSPropertyOp54
 70
     1
102
RTVSPropertyOp55
 70
     1
102
RTVSPropertyOp56
 70
     1
102
RTVSPropertyOp57
 70
     1
102
RTVSPropertyOp58
 70
     1
102
RTVSPropertyOp59
 70
     1
102
RTVSPropertyOp60
 70
     1
102
RTVSPropertyOp61
 70
     1
102
RTVSPropertyOp62
 70
     1
  0
XRECORD
  5
5E9
102
{ACAD_REACTORS
330
5E8
102
}
330
5E8
100
AcDbXrecord
280
     1
102
RTVSPost2010Prop28
280
     0
102
RTVSPost2010PropOp28
 70
     1
102
RTVSPost2010Prop29
280
     1
102
RTVSPost2010PropOp29
 70
     1
102
RTVSPost2010Prop30
280
     1
102
RTVSPost2010PropOp30
 70
     1
102
RTVSPost2010Prop31
280
     0
102
RTVSPost2010PropOp31
 70
     1
102
RTVSPost2010Prop32
280
     0
102
RTVSPost2010PropOp32
 70
     1
102
RTVSPost2010Prop33
280
     0
102
RTVSPost2010PropOp33
 70
     1
102
RTVSPost2010Prop34
280
     0
102
RTVSPost2010PropOp34
 70
     1
102
RTVSPost2010Prop35
280
     0
102
RTVSPost2010PropOp35
 70
     1
102
RTVSPost2010Prop36
280
     0
102
RTVSPost2010PropOp36
 70
     1
102
RTVSPost2010Prop37
 90
       50
102
RTVSPost2010PropOp37
 70
     1
102
RTVSPost2010Prop38
140
0.0
102
RTVSPost2010PropOp38
 70
     1
102
RTVSPost2010Prop39
140
1.0
102
RTVSPost2010PropOp39
 70
     1
102
RTVSPost2010Prop40
 90
        0
102
RTVSPost2010PropOp40
 70
     1
102
RTVSPost2010Prop41ColorIndex
 90
       18
102
RTVSPost2010Prop41ColorRGB
 90
        0
102
RTVSPost2010PropOp41
 70
     1
102
RTVSPost2010Prop42
 90
       50
102
RTVSPost2010PropOp42
 70
     1
102
RTVSPost2010Prop43
 90
        3
102
RTVSPost2010PropOp43
 70
     1
102
RTVSPost2010Prop44ColorIndex
 90
        5
102
RTVSPost2010Prop44ColorRGB
 90
      255
102
RTVSPost2010PropOp44
 70
     1
102
RTVSPost2010Prop45
280
     0
102
RTVSPost2010PropOp45
 70
     1
102
RTVSPost2010Prop46
 90
       50
102
RTVSPost2010PropOp46
 70
     1
102
RTVSPost2010Prop47
 90
       50
102
RTVSPost2010PropOp47
 70
     1
102
RTVSPost2010Prop48
 90
       50
102
RTVSPost2010PropOp48
 70
     1
102
RTVSPost2010Prop49
280
     0
102
RTVSPost2010PropOp49
 70
     1
102
RTVSPost2010Prop50
 90
       50
102
RTVSPost2010PropOp50
 70
     1
102
RTVSPost2010Prop51ColorIndex
 90
      256
102
RTVSPost2010Prop51ColorRGB
 90
-16777216
102
RTVSPost2010PropOp51
 70
     0
102
RTVSPost2010Prop52
140
1.0
102
RTVSPost2010PropOp52
 70
     0
102
RTVSPost2010Prop53
 90
        2
102
RTVSPost2010PropOp53
 70
     1
102
RTVSPost2010Prop54
  1
strokes_ogs.tif
102
RTVSPost2010PropOp54
 70
     1
102
RTVSPost2010Prop55
280
     0
102
RTVSPost2010PropOp55
 70
     1
102
RTVSPost2010Prop56
140
1.0
102
RTVSPost2010PropOp56
 70
     1
102
RTVSPost2010Prop57
140
1.0
102
RTVSPost2010PropOp57
 70
     1
102
RTVSPropertyOp0
 70
     1
102
RTVSPropertyOp1
 70
     1
102
RTVSPropertyOp2
 70
     1
102
RTVSPropertyOp3
 70
     1
102
RTVSPropertyOp4
 70
     1
102
RTVSPropertyOp5
 70
     1
102
RTVSPropertyOp6
 70
     1
102
RTVSPropertyOp7
 70
     1
102
RTVSPropertyOp8
 70
     1
102
RTVSPropertyOp9
 70
     1
102
RTVSPropertyOp10
 70
     1
102
RTVSPropertyOp11
 70
     1
102
RTVSPropertyOp12
 70
     1
102
RTVSPropertyOp13
 70
     1
102
RTVSPropertyOp14
 70
     1
102
RTVSPropertyOp15
 70
     1
102
RTVSPropertyOp16
 70
     1
102
RTVSPropertyOp17
 70
     1
102
RTVSPropertyOp18
 70
     1
102
RTVSPropertyOp19
 70
     1
102
RTVSPropertyOp20
 70
     1
102
RTVSPropertyOp21
 70
     1
102
RTVSPropertyOp22
 70
     1
102
RTVSPropertyOp23
 70
     1
102
RTVSPropertyOp24
 70
     1
102
RTVSPropertyOp25
 70
     1
102
RTVSPropertyOp26
 70
     1
102
RTVSPropertyOp27
 70
     1
102
RTVSPropertyOp28
 70
     1
102
RTVSPropertyOp29
 70
     1
102
RTVSPropertyOp30
 70
     1
102
RTVSPropertyOp31
 70
     1
102
RTVSPropertyOp32
 70
     1
102
RTVSPropertyOp33
 70
     1
102
RTVSPropertyOp34
 70
     1
102
RTVSPropertyOp35
 70
     1
102
RTVSPropertyOp36
 70
     1
102
RTVSPropertyOp37
 70
     1
102
RTVSPropertyOp38
 70
     1
102
RTVSPropertyOp39
 70
     1
102
RTVSPropertyOp40
 70
     1
102
RTVSPropertyOp41
 70
     1
102
RTVSPropertyOp42
 70
     1
102
RTVSPropertyOp43
 70
     1
102
RTVSPropertyOp44
 70
     1
102
RTVSPropertyOp45
 70
     1
102
RTVSPropertyOp46
 70
     1
102
RTVSPropertyOp47
 70
     1
102
RTVSPropertyOp48
 70
     1
102
RTVSPropertyOp49
 70
     1
102
RTVSPropertyOp50
 70
     1
102
RTVSPropertyOp51
 70
     0
102
RTVSPropertyOp52
 70
     0
102
RTVSPropertyOp53
 70
     1
102
RTVSPropertyOp54
 70
     1
102
RTVSPropertyOp55
 70
     1
102
RTVSPropertyOp56
 70
     1
102
RTVSPropertyOp57
 70
     1
102
RTVSPropertyOp58
 70
     1
102
RTVSPropertyOp59
 70
     1
102
RTVSPropertyOp60
 70
     1
102
RTVSPropertyOp61
 70
     1
102
RTVSPropertyOp62
 70
     1
  0
XRECORD
  5
5F1
102
{ACAD_REACTORS
330
5F0
102
}
330
5F0
100
AcDbXrecord
280
     1
102
RTVSPost2010Prop28
280
     0
102
RTVSPost2010PropOp28
 70
     1
102
RTVSPost2010Prop29
280
     1
102
RTVSPost2010PropOp29
 70
     1
102
RTVSPost2010Prop30
280
     1
102
RTVSPost2010PropOp30
 70
     1
102
RTVSPost2010Prop31
280
     0
102
RTVSPost2010PropOp31
 70
     1
102
RTVSPost2010Prop32
280
     0
102
RTVSPost2010PropOp32
 70
     1
102
RTVSPost2010Prop33
280
     0
102
RTVSPost2010PropOp33
 70
     1
102
RTVSPost2010Prop34
280
     0
102
RTVSPost2010PropOp34
 70
     1
102
RTVSPost2010Prop35
280
     0
102
RTVSPost2010PropOp35
 70
     1
102
RTVSPost2010Prop36
280
     0
102
RTVSPost2010PropOp36
 70
     1
102
RTVSPost2010Prop37
 90
       50
102
RTVSPost2010PropOp37
 70
     1
102
RTVSPost2010Prop38
140
0.0
102
RTVSPost2010PropOp38
 70
     1
102
RTVSPost2010Prop39
140
1.0
102
RTVSPost2010PropOp39
 70
     1
102
RTVSPost2010Prop40
 90
        0
102
RTVSPost2010PropOp40
 70
     1
102
RTVSPost2010Prop41ColorIndex
 90
       18
102
RTVSPost2010Prop41ColorRGB
 90
        0
102
RTVSPost2010PropOp41
 70
     1
102
RTVSPost2010Prop42
 90
       50
102
RTVSPost2010PropOp42
 70
     1
102
RTVSPost2010Prop43
 90
        3
102
RTVSPost2010PropOp43
 70
     1
102
RTVSPost2010Prop44ColorIndex
 90
        5
102
RTVSPost2010Prop44ColorRGB
 90
      255
102
RTVSPost2010PropOp44
 70
     1
102
RTVSPost2010Prop45
280
     0
102
RTVSPost2010PropOp45
 70
     1
102
RTVSPost2010Prop46
 90
       50
102
RTVSPost2010PropOp46
 70
     1
102
RTVSPost2010Prop47
 90
       50
102
RTVSPost2010PropOp47
 70
     1
102
RTVSPost2010Prop48
 90
       50
102
RTVSPost2010PropOp48
 70
     1
102
RTVSPost2010Prop49
280
     0
102
RTVSPost2010PropOp49
 70
     1
102
RTVSPost2010Prop50
 90
       50
102
RTVSPost2010PropOp50
 70
     1
102
RTVSPost2010Prop51ColorIndex
 90
      256
102
RTVSPost2010Prop51ColorRGB
 90
-16777216
102
RTVSPost2010PropOp51
 70
     0
102
RTVSPost2010Prop52
140
1.0
102
RTVSPost2010PropOp52
 70
     0
102
RTVSPost2010Prop53
 90
        2
102
RTVSPost2010PropOp53
 70
     1
102
RTVSPost2010Prop54
  1
strokes_ogs.tif
102
RTVSPost2010PropOp54
 70
     1
102
RTVSPost2010Prop55
280
     0
102
RTVSPost2010PropOp55
 70
     1
102
RTVSPost2010Prop56
140
1.0
102
RTVSPost2010PropOp56
 70
     1
102
RTVSPost2010Prop57
140
1.0
102
RTVSPost2010PropOp57
 70
     1
102
RTVSPropertyOp0
 70
     1
102
RTVSPropertyOp1
 70
     1
102
RTVSPropertyOp2
 70
     1
102
RTVSPropertyOp3
 70
     1
102
RTVSPropertyOp4
 70
     1
102
RTVSPropertyOp5
 70
     1
102
RTVSPropertyOp6
 70
     1
102
RTVSPropertyOp7
 70
     1
102
RTVSPropertyOp8
 70
     1
102
RTVSPropertyOp9
 70
     1
102
RTVSPropertyOp10
 70
     1
102
RTVSPropertyOp11
 70
     1
102
RTVSPropertyOp12
 70
     1
102
RTVSPropertyOp13
 70
     1
102
RTVSPropertyOp14
 70
     1
102
RTVSPropertyOp15
 70
     1
102
RTVSPropertyOp16
 70
     1
102
RTVSPropertyOp17
 70
     1
102
RTVSPropertyOp18
 70
     1
102
RTVSPropertyOp19
 70
     1
102
RTVSPropertyOp20
 70
     1
102
RTVSPropertyOp21
 70
     1
102
RTVSPropertyOp22
 70
     1
102
RTVSPropertyOp23
 70
     1
102
RTVSPropertyOp24
 70
     1
102
RTVSPropertyOp25
 70
     1
102
RTVSPropertyOp26
 70
     1
102
RTVSPropertyOp27
 70
     1
102
RTVSPropertyOp28
 70
     1
102
RTVSPropertyOp29
 70
     1
102
RTVSPropertyOp30
 70
     1
102
RTVSPropertyOp31
 70
     1
102
RTVSPropertyOp32
 70
     1
102
RTVSPropertyOp33
 70
     1
102
RTVSPropertyOp34
 70
     1
102
RTVSPropertyOp35
 70
     1
102
RTVSPropertyOp36
 70
     1
102
RTVSPropertyOp37
 70
     1
102
RTVSPropertyOp38
 70
     1
102
RTVSPropertyOp39
 70
     1
102
RTVSPropertyOp40
 70
     1
102
RTVSPropertyOp41
 70
     1
102
RTVSPropertyOp42
 70
     1
102
RTVSPropertyOp43
 70
     1
102
RTVSPropertyOp44
 70
     1
102
RTVSPropertyOp45
 70
     1
102
RTVSPropertyOp46
 70
     1
102
RTVSPropertyOp47
 70
     1
102
RTVSPropertyOp48
 70
     1
102
RTVSPropertyOp49
 70
     1
102
RTVSPropertyOp50
 70
     1
102
RTVSPropertyOp51
 70
     0
102
RTVSPropertyOp52
 70
     0
102
RTVSPropertyOp53
 70
     1
102
RTVSPropertyOp54
 70
     1
102
RTVSPropertyOp55
 70
     1
102
RTVSPropertyOp56
 70
     1
102
RTVSPropertyOp57
 70
     1
102
RTVSPropertyOp58
 70
     1
102
RTVSPropertyOp59
 70
     1
102
RTVSPropertyOp60
 70
     1
102
RTVSPropertyOp61
 70
     1
102
RTVSPropertyOp62
 70
     1
  0
XRECORD
  5
5E3
102
{ACAD_REACTORS
330
5E2
102
}
330
5E2
100
AcDbXrecord
280
     1
102
RTVSPost2010Prop28
280
     0
102
RTVSPost2010PropOp28
 70
     1
102
RTVSPost2010Prop29
280
     1
102
RTVSPost2010PropOp29
 70
     1
102
RTVSPost2010Prop30
280
     1
102
RTVSPost2010PropOp30
 70
     1
102
RTVSPost2010Prop31
280
     0
102
RTVSPost2010PropOp31
 70
     1
102
RTVSPost2010Prop32
280
     0
102
RTVSPost2010PropOp32
 70
     1
102
RTVSPost2010Prop33
280
     0
102
RTVSPost2010PropOp33
 70
     1
102
RTVSPost2010Prop34
280
     0
102
RTVSPost2010PropOp34
 70
     1
102
RTVSPost2010Prop35
280
     0
102
RTVSPost2010PropOp35
 70
     1
102
RTVSPost2010Prop36
280
     0
102
RTVSPost2010PropOp36
 70
     1
102
RTVSPost2010Prop37
 90
       50
102
RTVSPost2010PropOp37
 70
     1
102
RTVSPost2010Prop38
140
0.0
102
RTVSPost2010PropOp38
 70
     1
102
RTVSPost2010Prop39
140
1.0
102
RTVSPost2010PropOp39
 70
     1
102
RTVSPost2010Prop40
 90
        0
102
RTVSPost2010PropOp40
 70
     1
102
RTVSPost2010Prop41ColorIndex
 90
       18
102
RTVSPost2010Prop41ColorRGB
 90
        0
102
RTVSPost2010PropOp41
 70
     1
102
RTVSPost2010Prop42
 90
       50
102
RTVSPost2010PropOp42
 70
     1
102
RTVSPost2010Prop43
 90
        3
102
RTVSPost2010PropOp43
 70
     1
102
RTVSPost2010Prop44ColorIndex
 90
        5
102
RTVSPost2010Prop44ColorRGB
 90
      255
102
RTVSPost2010PropOp44
 70
     1
102
RTVSPost2010Prop45
280
     0
102
RTVSPost2010PropOp45
 70
     1
102
RTVSPost2010Prop46
 90
       50
102
RTVSPost2010PropOp46
 70
     1
102
RTVSPost2010Prop47
 90
       50
102
RTVSPost2010PropOp47
 70
     1
102
RTVSPost2010Prop48
 90
       50
102
RTVSPost2010PropOp48
 70
     1
102
RTVSPost2010Prop49
280
     0
102
RTVSPost2010PropOp49
 70
     1
102
RTVSPost2010Prop50
 90
       50
102
RTVSPost2010PropOp50
 70
     1
102
RTVSPost2010Prop51ColorIndex
 90
      256
102
RTVSPost2010Prop51ColorRGB
 90
-16777216
102
RTVSPost2010PropOp51
 70
     0
102
RTVSPost2010Prop52
140
1.0
102
RTVSPost2010PropOp52
 70
     0
102
RTVSPost2010Prop53
 90
        2
102
RTVSPost2010PropOp53
 70
     1
102
RTVSPost2010Prop54
  1
strokes_ogs.tif
102
RTVSPost2010PropOp54
 70
     1
102
RTVSPost2010Prop55
280
     0
102
RTVSPost2010PropOp55
 70
     1
102
RTVSPost2010Prop56
140
1.0
102
RTVSPost2010PropOp56
 70
     1
102
RTVSPost2010Prop57
140
1.0
102
RTVSPost2010PropOp57
 70
     1
102
RTVSPropertyOp0
 70
     1
102
RTVSPropertyOp1
 70
     1
102
RTVSPropertyOp2
 70
     1
102
RTVSPropertyOp3
 70
     1
102
RTVSPropertyOp4
 70
     1
102
RTVSPropertyOp5
 70
     1
102
RTVSPropertyOp6
 70
     1
102
RTVSPropertyOp7
 70
     1
102
RTVSPropertyOp8
 70
     1
102
RTVSPropertyOp9
 70
     1
102
RTVSPropertyOp10
 70
     1
102
RTVSPropertyOp11
 70
     1
102
RTVSPropertyOp12
 70
     1
102
RTVSPropertyOp13
 70
     1
102
RTVSPropertyOp14
 70
     1
102
RTVSPropertyOp15
 70
     1
102
RTVSPropertyOp16
 70
     1
102
RTVSPropertyOp17
 70
     1
102
RTVSPropertyOp18
 70
     1
102
RTVSPropertyOp19
 70
     1
102
RTVSPropertyOp20
 70
     1
102
RTVSPropertyOp21
 70
     1
102
RTVSPropertyOp22
 70
     1
102
RTVSPropertyOp23
 70
     1
102
RTVSPropertyOp24
 70
     1
102
RTVSPropertyOp25
 70
     1
102
RTVSPropertyOp26
 70
     1
102
RTVSPropertyOp27
 70
     1
102
RTVSPropertyOp28
 70
     1
102
RTVSPropertyOp29
 70
     1
102
RTVSPropertyOp30
 70
     1
102
RTVSPropertyOp31
 70
     1
102
RTVSPropertyOp32
 70
     1
102
RTVSPropertyOp33
 70
     1
102
RTVSPropertyOp34
 70
     1
102
RTVSPropertyOp35
 70
     1
102
RTVSPropertyOp36
 70
     1
102
RTVSPropertyOp37
 70
     1
102
RTVSPropertyOp38
 70
     1
102
RTVSPropertyOp39
 70
     1
102
RTVSPropertyOp40
 70
     1
102
RTVSPropertyOp41
 70
     1
102
RTVSPropertyOp42
 70
     1
102
RTVSPropertyOp43
 70
     1
102
RTVSPropertyOp44
 70
     1
102
RTVSPropertyOp45
 70
     1
102
RTVSPropertyOp46
 70
     1
102
RTVSPropertyOp47
 70
     1
102
RTVSPropertyOp48
 70
     1
102
RTVSPropertyOp49
 70
     1
102
RTVSPropertyOp50
 70
     1
102
RTVSPropertyOp51
 70
     0
102
RTVSPropertyOp52
 70
     0
102
RTVSPropertyOp53
 70
     1
102
RTVSPropertyOp54
 70
     1
102
RTVSPropertyOp55
 70
     1
102
RTVSPropertyOp56
 70
     1
102
RTVSPropertyOp57
 70
     1
102
RTVSPropertyOp58
 70
     1
102
RTVSPropertyOp59
 70
     1
102
RTVSPropertyOp60
 70
     1
102
RTVSPropertyOp61
 70
     1
102
RTVSPropertyOp62
 70
     1
  0
XRECORD
  5
5E7
102
{ACAD_REACTORS
330
5E6
102
}
330
5E6
100
AcDbXrecord
280
     1
102
RTVSPost2010Prop28
280
     0
102
RTVSPost2010PropOp28
 70
     1
102
RTVSPost2010Prop29
280
     1
102
RTVSPost2010PropOp29
 70
     1
102
RTVSPost2010Prop30
280
     1
102
RTVSPost2010PropOp30
 70
     1
102
RTVSPost2010Prop31
280
     0
102
RTVSPost2010PropOp31
 70
     1
102
RTVSPost2010Prop32
280
     0
102
RTVSPost2010PropOp32
 70
     1
102
RTVSPost2010Prop33
280
     0
102
RTVSPost2010PropOp33
 70
     1
102
RTVSPost2010Prop34
280
     0
102
RTVSPost2010PropOp34
 70
     1
102
RTVSPost2010Prop35
280
     0
102
RTVSPost2010PropOp35
 70
     1
102
RTVSPost2010Prop36
280
     0
102
RTVSPost2010PropOp36
 70
     1
102
RTVSPost2010Prop37
 90
       50
102
RTVSPost2010PropOp37
 70
     1
102
RTVSPost2010Prop38
140
0.0
102
RTVSPost2010PropOp38
 70
     1
102
RTVSPost2010Prop39
140
1.0
102
RTVSPost2010PropOp39
 70
     1
102
RTVSPost2010Prop40
 90
        0
102
RTVSPost2010PropOp40
 70
     1
102
RTVSPost2010Prop41ColorIndex
 90
       18
102
RTVSPost2010Prop41ColorRGB
 90
        0
102
RTVSPost2010PropOp41
 70
     1
102
RTVSPost2010Prop42
 90
       50
102
RTVSPost2010PropOp42
 70
     1
102
RTVSPost2010Prop43
 90
        3
102
RTVSPost2010PropOp43
 70
     1
102
RTVSPost2010Prop44ColorIndex
 90
        5
102
RTVSPost2010Prop44ColorRGB
 90
      255
102
RTVSPost2010PropOp44
 70
     1
102
RTVSPost2010Prop45
280
     0
102
RTVSPost2010PropOp45
 70
     1
102
RTVSPost2010Prop46
 90
       50
102
RTVSPost2010PropOp46
 70
     1
102
RTVSPost2010Prop47
 90
       50
102
RTVSPost2010PropOp47
 70
     1
102
RTVSPost2010Prop48
 90
       50
102
RTVSPost2010PropOp48
 70
     1
102
RTVSPost2010Prop49
280
     0
102
RTVSPost2010PropOp49
 70
     1
102
RTVSPost2010Prop50
 90
       50
102
RTVSPost2010PropOp50
 70
     1
102
RTVSPost2010Prop51ColorIndex
 90
      256
102
RTVSPost2010Prop51ColorRGB
 90
-16777216
102
RTVSPost2010PropOp51
 70
     0
102
RTVSPost2010Prop52
140
1.0
102
RTVSPost2010PropOp52
 70
     0
102
RTVSPost2010Prop53
 90
        2
102
RTVSPost2010PropOp53
 70
     1
102
RTVSPost2010Prop54
  1
strokes_ogs.tif
102
RTVSPost2010PropOp54
 70
     1
102
RTVSPost2010Prop55
280
     0
102
RTVSPost2010PropOp55
 70
     1
102
RTVSPost2010Prop56
140
1.0
102
RTVSPost2010PropOp56
 70
     1
102
RTVSPost2010Prop57
140
1.0
102
RTVSPost2010PropOp57
 70
     1
102
RTVSPropertyOp0
 70
     1
102
RTVSPropertyOp1
 70
     1
102
RTVSPropertyOp2
 70
     1
102
RTVSPropertyOp3
 70
     1
102
RTVSPropertyOp4
 70
     1
102
RTVSPropertyOp5
 70
     1
102
RTVSPropertyOp6
 70
     1
102
RTVSPropertyOp7
 70
     1
102
RTVSPropertyOp8
 70
     1
102
RTVSPropertyOp9
 70
     1
102
RTVSPropertyOp10
 70
     1
102
RTVSPropertyOp11
 70
     1
102
RTVSPropertyOp12
 70
     1
102
RTVSPropertyOp13
 70
     1
102
RTVSPropertyOp14
 70
     1
102
RTVSPropertyOp15
 70
     1
102
RTVSPropertyOp16
 70
     1
102
RTVSPropertyOp17
 70
     1
102
RTVSPropertyOp18
 70
     1
102
RTVSPropertyOp19
 70
     1
102
RTVSPropertyOp20
 70
     1
102
RTVSPropertyOp21
 70
     1
102
RTVSPropertyOp22
 70
     1
102
RTVSPropertyOp23
 70
     1
102
RTVSPropertyOp24
 70
     1
102
RTVSPropertyOp25
 70
     1
102
RTVSPropertyOp26
 70
     1
102
RTVSPropertyOp27
 70
     1
102
RTVSPropertyOp28
 70
     1
102
RTVSPropertyOp29
 70
     1
102
RTVSPropertyOp30
 70
     1
102
RTVSPropertyOp31
 70
     1
102
RTVSPropertyOp32
 70
     1
102
RTVSPropertyOp33
 70
     1
102
RTVSPropertyOp34
 70
     1
102
RTVSPropertyOp35
 70
     1
102
RTVSPropertyOp36
 70
     1
102
RTVSPropertyOp37
 70
     1
102
RTVSPropertyOp38
 70
     1
102
RTVSPropertyOp39
 70
     1
102
RTVSPropertyOp40
 70
     1
102
RTVSPropertyOp41
 70
     1
102
RTVSPropertyOp42
 70
     1
102
RTVSPropertyOp43
 70
     1
102
RTVSPropertyOp44
 70
     1
102
RTVSPropertyOp45
 70
     1
102
RTVSPropertyOp46
 70
     1
102
RTVSPropertyOp47
 70
     1
102
RTVSPropertyOp48
 70
     1
102
RTVSPropertyOp49
 70
     1
102
RTVSPropertyOp50
 70
     1
102
RTVSPropertyOp51
 70
     0
102
RTVSPropertyOp52
 70
     0
102
RTVSPropertyOp53
 70
     1
102
RTVSPropertyOp54
 70
     1
102
RTVSPropertyOp55
 70
     1
102
RTVSPropertyOp56
 70
     1
102
RTVSPropertyOp57
 70
     1
102
RTVSPropertyOp58
 70
     1
102
RTVSPropertyOp59
 70
     1
102
RTVSPropertyOp60
 70
     1
102
RTVSPropertyOp61
 70
     1
102
RTVSPropertyOp62
 70
     1
  0
XRECORD
  5
5F7
102
{ACAD_REACTORS
330
5F6
102
}
330
5F6
100
AcDbXrecord
280
     1
102
RTVSPost2010Prop28
280
     0
102
RTVSPost2010PropOp28
 70
     1
102
RTVSPost2010Prop29
280
     1
102
RTVSPost2010PropOp29
 70
     1
102
RTVSPost2010Prop30
280
     1
102
RTVSPost2010PropOp30
 70
     1
102
RTVSPost2010Prop31
280
     0
102
RTVSPost2010PropOp31
 70
     1
102
RTVSPost2010Prop32
280
     0
102
RTVSPost2010PropOp32
 70
     1
102
RTVSPost2010Prop33
280
     0
102
RTVSPost2010PropOp33
 70
     1
102
RTVSPost2010Prop34
280
     0
102
RTVSPost2010PropOp34
 70
     1
102
RTVSPost2010Prop35
280
     0
102
RTVSPost2010PropOp35
 70
     1
102
RTVSPost2010Prop36
280
     0
102
RTVSPost2010PropOp36
 70
     1
102
RTVSPost2010Prop37
 90
       50
102
RTVSPost2010PropOp37
 70
     1
102
RTVSPost2010Prop38
140
0.0
102
RTVSPost2010PropOp38
 70
     1
102
RTVSPost2010Prop39
140
1.0
102
RTVSPost2010PropOp39
 70
     1
102
RTVSPost2010Prop40
 90
        0
102
RTVSPost2010PropOp40
 70
     1
102
RTVSPost2010Prop41ColorIndex
 90
       18
102
RTVSPost2010Prop41ColorRGB
 90
        0
102
RTVSPost2010PropOp41
 70
     1
102
RTVSPost2010Prop42
 90
       50
102
RTVSPost2010PropOp42
 70
     1
102
RTVSPost2010Prop43
 90
        3
102
RTVSPost2010PropOp43
 70
     1
102
RTVSPost2010Prop44ColorIndex
 90
        5
102
RTVSPost2010Prop44ColorRGB
 90
      255
102
RTVSPost2010PropOp44
 70
     1
102
RTVSPost2010Prop45
280
     0
102
RTVSPost2010PropOp45
 70
     1
102
RTVSPost2010Prop46
 90
       50
102
RTVSPost2010PropOp46
 70
     1
102
RTVSPost2010Prop47
 90
       50
102
RTVSPost2010PropOp47
 70
     1
102
RTVSPost2010Prop48
 90
       50
102
RTVSPost2010PropOp48
 70
     1
102
RTVSPost2010Prop49
280
     0
102
RTVSPost2010PropOp49
 70
     1
102
RTVSPost2010Prop50
 90
       50
102
RTVSPost2010PropOp50
 70
     1
102
RTVSPost2010Prop51ColorIndex
 90
      256
102
RTVSPost2010Prop51ColorRGB
 90
-16777216
102
RTVSPost2010PropOp51
 70
     0
102
RTVSPost2010Prop52
140
1.0
102
RTVSPost2010PropOp52
 70
     0
102
RTVSPost2010Prop53
 90
        2
102
RTVSPost2010PropOp53
 70
     1
102
RTVSPost2010Prop54
  1
strokes_ogs.tif
102
RTVSPost2010PropOp54
 70
     1
102
RTVSPost2010Prop55
280
     0
102
RTVSPost2010PropOp55
 70
     1
102
RTVSPost2010Prop56
140
1.0
102
RTVSPost2010PropOp56
 70
     1
102
RTVSPost2010Prop57
140
1.0
102
RTVSPost2010PropOp57
 70
     1
102
RTVSPropertyOp0
 70
     0
102
RTVSPropertyOp1
 70
     0
102
RTVSPropertyOp2
 70
     0
102
RTVSPropertyOp3
 70
     0
102
RTVSPropertyOp4
 70
     0
102
RTVSPropertyOp5
 70
     0
102
RTVSPropertyOp6
 70
     0
102
RTVSPropertyOp7
 70
     0
102
RTVSPropertyOp8
 70
     0
102
RTVSPropertyOp9
 70
     0
102
RTVSPropertyOp10
 70
     0
102
RTVSPropertyOp11
 70
     0
102
RTVSPropertyOp12
 70
     0
102
RTVSPropertyOp13
 70
     0
102
RTVSPropertyOp14
 70
     2
102
RTVSPropertyOp15
 70
     0
102
RTVSPropertyOp16
 70
     0
102
RTVSPropertyOp17
 70
     0
102
RTVSPropertyOp18
 70
     0
102
RTVSPropertyOp19
 70
     0
102
RTVSPropertyOp20
 70
     0
102
RTVSPropertyOp21
 70
     0
102
RTVSPropertyOp22
 70
     0
102
RTVSPropertyOp23
 70
     0
102
RTVSPropertyOp24
 70
     0
102
RTVSPropertyOp25
 70
     0
102
RTVSPropertyOp26
 70
     0
102
RTVSPropertyOp27
 70
     0
102
RTVSPropertyOp28
 70
     1
102
RTVSPropertyOp29
 70
     1
102
RTVSPropertyOp30
 70
     1
102
RTVSPropertyOp31
 70
     1
102
RTVSPropertyOp32
 70
     1
102
RTVSPropertyOp33
 70
     1
102
RTVSPropertyOp34
 70
     1
102
RTVSPropertyOp35
 70
     1
102
RTVSPropertyOp36
 70
     1
102
RTVSPropertyOp37
 70
     1
102
RTVSPropertyOp38
 70
     1
102
RTVSPropertyOp39
 70
     1
102
RTVSPropertyOp40
 70
     1
102
RTVSPropertyOp41
 70
     1
102
RTVSPropertyOp42
 70
     1
102
RTVSPropertyOp43
 70
     1
102
RTVSPropertyOp44
 70
     1
102
RTVSPropertyOp45
 70
     1
102
RTVSPropertyOp46
 70
     1
102
RTVSPropertyOp47
 70
     1
102
RTVSPropertyOp48
 70
     1
102
RTVSPropertyOp49
 70
     1
102
RTVSPropertyOp50
 70
     1
102
RTVSPropertyOp51
 70
     0
102
RTVSPropertyOp52
 70
     0
102
RTVSPropertyOp53
 70
     1
102
RTVSPropertyOp54
 70
     1
102
RTVSPropertyOp55
 70
     1
102
RTVSPropertyOp56
 70
     1
102
RTVSPropertyOp57
 70
     1
102
RTVSPropertyOp58
 70
     1
102
RTVSPropertyOp59
 70
     1
102
RTVSPropertyOp60
 70
     1
102
RTVSPropertyOp61
 70
     1
102
RTVSPropertyOp62
 70
     1
  0
XRECORD
  5
5EF
102
{ACAD_REACTORS
330
5EE
102
}
330
5EE
100
AcDbXrecord
280
     1
102
RTVSPost2010Prop28
280
     0
102
RTVSPost2010PropOp28
 70
     1
102
RTVSPost2010Prop29
280
     1
102
RTVSPost2010PropOp29
 70
     1
102
RTVSPost2010Prop30
280
     1
102
RTVSPost2010PropOp30
 70
     1
102
RTVSPost2010Prop31
280
     0
102
RTVSPost2010PropOp31
 70
     1
102
RTVSPost2010Prop32
280
     0
102
RTVSPost2010PropOp32
 70
     1
102
RTVSPost2010Prop33
280
     0
102
RTVSPost2010PropOp33
 70
     1
102
RTVSPost2010Prop34
280
     0
102
RTVSPost2010PropOp34
 70
     1
102
RTVSPost2010Prop35
280
     0
102
RTVSPost2010PropOp35
 70
     1
102
RTVSPost2010Prop36
280
     0
102
RTVSPost2010PropOp36
 70
     1
102
RTVSPost2010Prop37
 90
       50
102
RTVSPost2010PropOp37
 70
     1
102
RTVSPost2010Prop38
140
0.0
102
RTVSPost2010PropOp38
 70
     1
102
RTVSPost2010Prop39
140
1.0
102
RTVSPost2010PropOp39
 70
     1
102
RTVSPost2010Prop40
 90
        0
102
RTVSPost2010PropOp40
 70
     1
102
RTVSPost2010Prop41ColorIndex
 90
       18
102
RTVSPost2010Prop41ColorRGB
 90
        0
102
RTVSPost2010PropOp41
 70
     1
102
RTVSPost2010Prop42
 90
       50
102
RTVSPost2010PropOp42
 70
     1
102
RTVSPost2010Prop43
 90
        3
102
RTVSPost2010PropOp43
 70
     1
102
RTVSPost2010Prop44ColorIndex
 90
        5
102
RTVSPost2010Prop44ColorRGB
 90
      255
102
RTVSPost2010PropOp44
 70
     1
102
RTVSPost2010Prop45
280
     0
102
RTVSPost2010PropOp45
 70
     1
102
RTVSPost2010Prop46
 90
       50
102
RTVSPost2010PropOp46
 70
     1
102
RTVSPost2010Prop47
 90
       50
102
RTVSPost2010PropOp47
 70
     1
102
RTVSPost2010Prop48
 90
       50
102
RTVSPost2010PropOp48
 70
     1
102
RTVSPost2010Prop49
280
     0
102
RTVSPost2010PropOp49
 70
     1
102
RTVSPost2010Prop50
 90
       50
102
RTVSPost2010PropOp50
 70
     1
102
RTVSPost2010Prop51ColorIndex
 90
      256
102
RTVSPost2010Prop51ColorRGB
 90
-16777216
102
RTVSPost2010PropOp51
 70
     0
102
RTVSPost2010Prop52
140
1.0
102
RTVSPost2010PropOp52
 70
     0
102
RTVSPost2010Prop53
 90
        2
102
RTVSPost2010PropOp53
 70
     1
102
RTVSPost2010Prop54
  1
strokes_ogs.tif
102
RTVSPost2010PropOp54
 70
     1
102
RTVSPost2010Prop55
280
     0
102
RTVSPost2010PropOp55
 70
     1
102
RTVSPost2010Prop56
140
1.0
102
RTVSPost2010PropOp56
 70
     1
102
RTVSPost2010Prop57
140
1.0
102
RTVSPost2010PropOp57
 70
     1
102
RTVSPropertyOp0
 70
     1
102
RTVSPropertyOp1
 70
     1
102
RTVSPropertyOp2
 70
     1
102
RTVSPropertyOp3
 70
     1
102
RTVSPropertyOp4
 70
     1
102
RTVSPropertyOp5
 70
     1
102
RTVSPropertyOp6
 70
     1
102
RTVSPropertyOp7
 70
     1
102
RTVSPropertyOp8
 70
     1
102
RTVSPropertyOp9
 70
     1
102
RTVSPropertyOp10
 70
     1
102
RTVSPropertyOp11
 70
     1
102
RTVSPropertyOp12
 70
     1
102
RTVSPropertyOp13
 70
     1
102
RTVSPropertyOp14
 70
     1
102
RTVSPropertyOp15
 70
     1
102
RTVSPropertyOp16
 70
     1
102
RTVSPropertyOp17
 70
     1
102
RTVSPropertyOp18
 70
     1
102
RTVSPropertyOp19
 70
     1
102
RTVSPropertyOp20
 70
     1
102
RTVSPropertyOp21
 70
     1
102
RTVSPropertyOp22
 70
     1
102
RTVSPropertyOp23
 70
     1
102
RTVSPropertyOp24
 70
     1
102
RTVSPropertyOp25
 70
     1
102
RTVSPropertyOp26
 70
     1
102
RTVSPropertyOp27
 70
     1
102
RTVSPropertyOp28
 70
     1
102
RTVSPropertyOp29
 70
     1
102
RTVSPropertyOp30
 70
     1
102
RTVSPropertyOp31
 70
     1
102
RTVSPropertyOp32
 70
     1
102
RTVSPropertyOp33
 70
     1
102
RTVSPropertyOp34
 70
     1
102
RTVSPropertyOp35
 70
     1
102
RTVSPropertyOp36
 70
     1
102
RTVSPropertyOp37
 70
     1
102
RTVSPropertyOp38
 70
     1
102
RTVSPropertyOp39
 70
     1
102
RTVSPropertyOp40
 70
     1
102
RTVSPropertyOp41
 70
     1
102
RTVSPropertyOp42
 70
     1
102
RTVSPropertyOp43
 70
     1
102
RTVSPropertyOp44
 70
     1
102
RTVSPropertyOp45
 70
     1
102
RTVSPropertyOp46
 70
     1
102
RTVSPropertyOp47
 70
     1
102
RTVSPropertyOp48
 70
     1
102
RTVSPropertyOp49
 70
     1
102
RTVSPropertyOp50
 70
     1
102
RTVSPropertyOp51
 70
     0
102
RTVSPropertyOp52
 70
     0
102
RTVSPropertyOp53
 70
     1
102
RTVSPropertyOp54
 70
     1
102
RTVSPropertyOp55
 70
     1
102
RTVSPropertyOp56
 70
     1
102
RTVSPropertyOp57
 70
     1
102
RTVSPropertyOp58
 70
     1
102
RTVSPropertyOp59
 70
     1
102
RTVSPropertyOp60
 70
     1
102
RTVSPropertyOp61
 70
     1
102
RTVSPropertyOp62
 70
     1
  0
XRECORD
  5
5D3
102
{ACAD_REACTORS
330
5D2
102
}
330
5D2
100
AcDbXrecord
280
     1
102
RTVSPost2010Prop28
280
     0
102
RTVSPost2010PropOp28
 70
     1
102
RTVSPost2010Prop29
280
     1
102
RTVSPost2010PropOp29
 70
     1
102
RTVSPost2010Prop30
280
     1
102
RTVSPost2010PropOp30
 70
     1
102
RTVSPost2010Prop31
280
     0
102
RTVSPost2010PropOp31
 70
     1
102
RTVSPost2010Prop32
280
     0
102
RTVSPost2010PropOp32
 70
     1
102
RTVSPost2010Prop33
280
     0
102
RTVSPost2010PropOp33
 70
     1
102
RTVSPost2010Prop34
280
     0
102
RTVSPost2010PropOp34
 70
     1
102
RTVSPost2010Prop35
280
     0
102
RTVSPost2010PropOp35
 70
     1
102
RTVSPost2010Prop36
280
     0
102
RTVSPost2010PropOp36
 70
     1
102
RTVSPost2010Prop37
 90
       50
102
RTVSPost2010PropOp37
 70
     1
102
RTVSPost2010Prop38
140
0.0
102
RTVSPost2010PropOp38
 70
     1
102
RTVSPost2010Prop39
140
1.0
102
RTVSPost2010PropOp39
 70
     1
102
RTVSPost2010Prop40
 90
        0
102
RTVSPost2010PropOp40
 70
     1
102
RTVSPost2010Prop41ColorIndex
 90
       18
102
RTVSPost2010Prop41ColorRGB
 90
        0
102
RTVSPost2010PropOp41
 70
     1
102
RTVSPost2010Prop42
 90
       50
102
RTVSPost2010PropOp42
 70
     1
102
RTVSPost2010Prop43
 90
        3
102
RTVSPost2010PropOp43
 70
     1
102
RTVSPost2010Prop44ColorIndex
 90
        5
102
RTVSPost2010Prop44ColorRGB
 90
      255
102
RTVSPost2010PropOp44
 70
     1
102
RTVSPost2010Prop45
280
     0
102
RTVSPost2010PropOp45
 70
     1
102
RTVSPost2010Prop46
 90
       50
102
RTVSPost2010PropOp46
 70
     1
102
RTVSPost2010Prop47
 90
       50
102
RTVSPost2010PropOp47
 70
     1
102
RTVSPost2010Prop48
 90
       50
102
RTVSPost2010PropOp48
 70
     1
102
RTVSPost2010Prop49
280
     0
102
RTVSPost2010PropOp49
 70
     1
102
RTVSPost2010Prop50
 90
       50
102
RTVSPost2010PropOp50
 70
     1
102
RTVSPost2010Prop51ColorIndex
 90
      256
102
RTVSPost2010Prop51ColorRGB
 90
-16777216
102
RTVSPost2010PropOp51
 70
     0
102
RTVSPost2010Prop52
140
1.0
102
RTVSPost2010PropOp52
 70
     0
102
RTVSPost2010Prop53
 90
        2
102
RTVSPost2010PropOp53
 70
     1
102
RTVSPost2010Prop54
  1
strokes_ogs.tif
102
RTVSPost2010PropOp54
 70
     1
102
RTVSPost2010Prop55
280
     0
102
RTVSPost2010PropOp55
 70
     1
102
RTVSPost2010Prop56
140
1.0
102
RTVSPost2010PropOp56
 70
     1
102
RTVSPost2010Prop57
140
1.0
102
RTVSPost2010PropOp57
 70
     1
102
RTVSPropertyOp0
 70
     1
102
RTVSPropertyOp1
 70
     1
102
RTVSPropertyOp2
 70
     1
102
RTVSPropertyOp3
 70
     1
102
RTVSPropertyOp4
 70
     1
102
RTVSPropertyOp5
 70
     1
102
RTVSPropertyOp6
 70
     1
102
RTVSPropertyOp7
 70
     1
102
RTVSPropertyOp8
 70
     1
102
RTVSPropertyOp9
 70
     1
102
RTVSPropertyOp10
 70
     1
102
RTVSPropertyOp11
 70
     1
102
RTVSPropertyOp12
 70
     1
102
RTVSPropertyOp13
 70
     1
102
RTVSPropertyOp14
 70
     1
102
RTVSPropertyOp15
 70
     1
102
RTVSPropertyOp16
 70
     1
102
RTVSPropertyOp17
 70
     1
102
RTVSPropertyOp18
 70
     1
102
RTVSPropertyOp19
 70
     1
102
RTVSPropertyOp20
 70
     1
102
RTVSPropertyOp21
 70
     1
102
RTVSPropertyOp22
 70
     1
102
RTVSPropertyOp23
 70
     1
102
RTVSPropertyOp24
 70
     1
102
RTVSPropertyOp25
 70
     1
102
RTVSPropertyOp26
 70
     1
102
RTVSPropertyOp27
 70
     1
102
RTVSPropertyOp28
 70
     1
102
RTVSPropertyOp29
 70
     1
102
RTVSPropertyOp30
 70
     1
102
RTVSPropertyOp31
 70
     1
102
RTVSPropertyOp32
 70
     1
102
RTVSPropertyOp33
 70
     1
102
RTVSPropertyOp34
 70
     1
102
RTVSPropertyOp35
 70
     1
102
RTVSPropertyOp36
 70
     1
102
RTVSPropertyOp37
 70
     1
102
RTVSPropertyOp38
 70
     1
102
RTVSPropertyOp39
 70
     1
102
RTVSPropertyOp40
 70
     1
102
RTVSPropertyOp41
 70
     1
102
RTVSPropertyOp42
 70
     1
102
RTVSPropertyOp43
 70
     1
102
RTVSPropertyOp44
 70
     1
102
RTVSPropertyOp45
 70
     1
102
RTVSPropertyOp46
 70
     1
102
RTVSPropertyOp47
 70
     1
102
RTVSPropertyOp48
 70
     1
102
RTVSPropertyOp49
 70
     1
102
RTVSPropertyOp50
 70
     1
102
RTVSPropertyOp51
 70
     0
102
RTVSPropertyOp52
 70
     0
102
RTVSPropertyOp53
 70
     1
102
RTVSPropertyOp54
 70
     1
102
RTVSPropertyOp55
 70
     1
102
RTVSPropertyOp56
 70
     1
102
RTVSPropertyOp57
 70
     1
102
RTVSPropertyOp58
 70
     1
102
RTVSPropertyOp59
 70
     1
102
RTVSPropertyOp60
 70
     1
102
RTVSPropertyOp61
 70
     1
102
RTVSPropertyOp62
 70
     1
  0
XRECORD
  5
5D5
102
{ACAD_REACTORS
330
5D4
102
}
330
5D4
100
AcDbXrecord
280
     1
102
RTVSPost2010Prop28
280
     0
102
RTVSPost2010PropOp28
 70
     1
102
RTVSPost2010Prop29
280
     1
102
RTVSPost2010PropOp29
 70
     1
102
RTVSPost2010Prop30
280
     1
102
RTVSPost2010PropOp30
 70
     1
102
RTVSPost2010Prop31
280
     0
102
RTVSPost2010PropOp31
 70
     1
102
RTVSPost2010Prop32
280
     0
102
RTVSPost2010PropOp32
 70
     1
102
RTVSPost2010Prop33
280
     0
102
RTVSPost2010PropOp33
 70
     1
102
RTVSPost2010Prop34
280
     0
102
RTVSPost2010PropOp34
 70
     1
102
RTVSPost2010Prop35
280
     0
102
RTVSPost2010PropOp35
 70
     1
102
RTVSPost2010Prop36
280
     0
102
RTVSPost2010PropOp36
 70
     1
102
RTVSPost2010Prop37
 90
       50
102
RTVSPost2010PropOp37
 70
     1
102
RTVSPost2010Prop38
140
0.0
102
RTVSPost2010PropOp38
 70
     1
102
RTVSPost2010Prop39
140
1.0
102
RTVSPost2010PropOp39
 70
     1
102
RTVSPost2010Prop40
 90
        0
102
RTVSPost2010PropOp40
 70
     1
102
RTVSPost2010Prop41ColorIndex
 90
       18
102
RTVSPost2010Prop41ColorRGB
 90
        0
102
RTVSPost2010PropOp41
 70
     1
102
RTVSPost2010Prop42
 90
       50
102
RTVSPost2010PropOp42
 70
     1
102
RTVSPost2010Prop43
 90
        3
102
RTVSPost2010PropOp43
 70
     1
102
RTVSPost2010Prop44ColorIndex
 90
        5
102
RTVSPost2010Prop44ColorRGB
 90
      255
102
RTVSPost2010PropOp44
 70
     1
102
RTVSPost2010Prop45
280
     0
102
RTVSPost2010PropOp45
 70
     1
102
RTVSPost2010Prop46
 90
       50
102
RTVSPost2010PropOp46
 70
     1
102
RTVSPost2010Prop47
 90
       50
102
RTVSPost2010PropOp47
 70
     1
102
RTVSPost2010Prop48
 90
       50
102
RTVSPost2010PropOp48
 70
     1
102
RTVSPost2010Prop49
280
     0
102
RTVSPost2010PropOp49
 70
     1
102
RTVSPost2010Prop50
 90
       50
102
RTVSPost2010PropOp50
 70
     1
102
RTVSPost2010Prop51ColorIndex
 90
      256
102
RTVSPost2010Prop51ColorRGB
 90
-16777216
102
RTVSPost2010PropOp51
 70
     0
102
RTVSPost2010Prop52
140
1.0
102
RTVSPost2010PropOp52
 70
     0
102
RTVSPost2010Prop53
 90
        2
102
RTVSPost2010PropOp53
 70
     1
102
RTVSPost2010Prop54
  1
strokes_ogs.tif
102
RTVSPost2010PropOp54
 70
     1
102
RTVSPost2010Prop55
280
     0
102
RTVSPost2010PropOp55
 70
     1
102
RTVSPost2010Prop56
140
1.0
102
RTVSPost2010PropOp56
 70
     1
102
RTVSPost2010Prop57
140
1.0
102
RTVSPost2010PropOp57
 70
     1
102
RTVSPropertyOp0
 70
     1
102
RTVSPropertyOp1
 70
     1
102
RTVSPropertyOp2
 70
     1
102
RTVSPropertyOp3
 70
     1
102
RTVSPropertyOp4
 70
     1
102
RTVSPropertyOp5
 70
     1
102
RTVSPropertyOp6
 70
     1
102
RTVSPropertyOp7
 70
     1
102
RTVSPropertyOp8
 70
     1
102
RTVSPropertyOp9
 70
     1
102
RTVSPropertyOp10
 70
     1
102
RTVSPropertyOp11
 70
     1
102
RTVSPropertyOp12
 70
     1
102
RTVSPropertyOp13
 70
     1
102
RTVSPropertyOp14
 70
     1
102
RTVSPropertyOp15
 70
     1
102
RTVSPropertyOp16
 70
     1
102
RTVSPropertyOp17
 70
     1
102
RTVSPropertyOp18
 70
     1
102
RTVSPropertyOp19
 70
     1
102
RTVSPropertyOp20
 70
     1
102
RTVSPropertyOp21
 70
     1
102
RTVSPropertyOp22
 70
     1
102
RTVSPropertyOp23
 70
     1
102
RTVSPropertyOp24
 70
     1
102
RTVSPropertyOp25
 70
     1
102
RTVSPropertyOp26
 70
     1
102
RTVSPropertyOp27
 70
     1
102
RTVSPropertyOp28
 70
     1
102
RTVSPropertyOp29
 70
     1
102
RTVSPropertyOp30
 70
     1
102
RTVSPropertyOp31
 70
     1
102
RTVSPropertyOp32
 70
     1
102
RTVSPropertyOp33
 70
     1
102
RTVSPropertyOp34
 70
     1
102
RTVSPropertyOp35
 70
     1
102
RTVSPropertyOp36
 70
     1
102
RTVSPropertyOp37
 70
     1
102
RTVSPropertyOp38
 70
     1
102
RTVSPropertyOp39
 70
     1
102
RTVSPropertyOp40
 70
     1
102
RTVSPropertyOp41
 70
     1
102
RTVSPropertyOp42
 70
     1
102
RTVSPropertyOp43
 70
     1
102
RTVSPropertyOp44
 70
     1
102
RTVSPropertyOp45
 70
     1
102
RTVSPropertyOp46
 70
     1
102
RTVSPropertyOp47
 70
     1
102
RTVSPropertyOp48
 70
     1
102
RTVSPropertyOp49
 70
     1
102
RTVSPropertyOp50
 70
     1
102
RTVSPropertyOp51
 70
     0
102
RTVSPropertyOp52
 70
     0
102
RTVSPropertyOp53
 70
     1
102
RTVSPropertyOp54
 70
     1
102
RTVSPropertyOp55
 70
     1
102
RTVSPropertyOp56
 70
     1
102
RTVSPropertyOp57
 70
     1
102
RTVSPropertyOp58
 70
     1
102
RTVSPropertyOp59
 70
     1
102
RTVSPropertyOp60
 70
     1
102
RTVSPropertyOp61
 70
     1
102
RTVSPropertyOp62
 70
     1
  0
XRECORD
  5
5D7
102
{ACAD_REACTORS
330
5D6
102
}
330
5D6
100
AcDbXrecord
280
     1
102
RTVSPost2010Prop28
280
     0
102
RTVSPost2010PropOp28
 70
     1
102
RTVSPost2010Prop29
280
     1
102
RTVSPost2010PropOp29
 70
     1
102
RTVSPost2010Prop30
280
     1
102
RTVSPost2010PropOp30
 70
     1
102
RTVSPost2010Prop31
280
     0
102
RTVSPost2010PropOp31
 70
     1
102
RTVSPost2010Prop32
280
     0
102
RTVSPost2010PropOp32
 70
     1
102
RTVSPost2010Prop33
280
     0
102
RTVSPost2010PropOp33
 70
     1
102
RTVSPost2010Prop34
280
     0
102
RTVSPost2010PropOp34
 70
     1
102
RTVSPost2010Prop35
280
     0
102
RTVSPost2010PropOp35
 70
     1
102
RTVSPost2010Prop36
280
     0
102
RTVSPost2010PropOp36
 70
     1
102
RTVSPost2010Prop37
 90
       50
102
RTVSPost2010PropOp37
 70
     1
102
RTVSPost2010Prop38
140
0.0
102
RTVSPost2010PropOp38
 70
     1
102
RTVSPost2010Prop39
140
1.0
102
RTVSPost2010PropOp39
 70
     1
102
RTVSPost2010Prop40
 90
        0
102
RTVSPost2010PropOp40
 70
     1
102
RTVSPost2010Prop41ColorIndex
 90
       18
102
RTVSPost2010Prop41ColorRGB
 90
        0
102
RTVSPost2010PropOp41
 70
     1
102
RTVSPost2010Prop42
 90
       50
102
RTVSPost2010PropOp42
 70
     1
102
RTVSPost2010Prop43
 90
        3
102
RTVSPost2010PropOp43
 70
     1
102
RTVSPost2010Prop44ColorIndex
 90
        5
102
RTVSPost2010Prop44ColorRGB
 90
      255
102
RTVSPost2010PropOp44
 70
     1
102
RTVSPost2010Prop45
280
     0
102
RTVSPost2010PropOp45
 70
     1
102
RTVSPost2010Prop46
 90
       50
102
RTVSPost2010PropOp46
 70
     1
102
RTVSPost2010Prop47
 90
       50
102
RTVSPost2010PropOp47
 70
     1
102
RTVSPost2010Prop48
 90
       50
102
RTVSPost2010PropOp48
 70
     1
102
RTVSPost2010Prop49
280
     0
102
RTVSPost2010PropOp49
 70
     1
102
RTVSPost2010Prop50
 90
       50
102
RTVSPost2010PropOp50
 70
     1
102
RTVSPost2010Prop51ColorIndex
 90
      256
102
RTVSPost2010Prop51ColorRGB
 90
-16777216
102
RTVSPost2010PropOp51
 70
     0
102
RTVSPost2010Prop52
140
1.0
102
RTVSPost2010PropOp52
 70
     0
102
RTVSPost2010Prop53
 90
        2
102
RTVSPost2010PropOp53
 70
     1
102
RTVSPost2010Prop54
  1
strokes_ogs.tif
102
RTVSPost2010PropOp54
 70
     1
102
RTVSPost2010Prop55
280
     0
102
RTVSPost2010PropOp55
 70
     1
102
RTVSPost2010Prop56
140
1.0
102
RTVSPost2010PropOp56
 70
     1
102
RTVSPost2010Prop57
140
1.0
102
RTVSPost2010PropOp57
 70
     1
102
RTVSPropertyOp0
 70
     1
102
RTVSPropertyOp1
 70
     1
102
RTVSPropertyOp2
 70
     1
102
RTVSPropertyOp3
 70
     1
102
RTVSPropertyOp4
 70
     1
102
RTVSPropertyOp5
 70
     1
102
RTVSPropertyOp6
 70
     1
102
RTVSPropertyOp7
 70
     1
102
RTVSPropertyOp8
 70
     1
102
RTVSPropertyOp9
 70
     1
102
RTVSPropertyOp10
 70
     1
102
RTVSPropertyOp11
 70
     1
102
RTVSPropertyOp12
 70
     1
102
RTVSPropertyOp13
 70
     1
102
RTVSPropertyOp14
 70
     1
102
RTVSPropertyOp15
 70
     1
102
RTVSPropertyOp16
 70
     1
102
RTVSPropertyOp17
 70
     1
102
RTVSPropertyOp18
 70
     1
102
RTVSPropertyOp19
 70
     1
102
RTVSPropertyOp20
 70
     1
102
RTVSPropertyOp21
 70
     1
102
RTVSPropertyOp22
 70
     1
102
RTVSPropertyOp23
 70
     1
102
RTVSPropertyOp24
 70
     1
102
RTVSPropertyOp25
 70
     1
102
RTVSPropertyOp26
 70
     1
102
RTVSPropertyOp27
 70
     1
102
RTVSPropertyOp28
 70
     1
102
RTVSPropertyOp29
 70
     1
102
RTVSPropertyOp30
 70
     1
102
RTVSPropertyOp31
 70
     1
102
RTVSPropertyOp32
 70
     1
102
RTVSPropertyOp33
 70
     1
102
RTVSPropertyOp34
 70
     1
102
RTVSPropertyOp35
 70
     1
102
RTVSPropertyOp36
 70
     1
102
RTVSPropertyOp37
 70
     1
102
RTVSPropertyOp38
 70
     1
102
RTVSPropertyOp39
 70
     1
102
RTVSPropertyOp40
 70
     1
102
RTVSPropertyOp41
 70
     1
102
RTVSPropertyOp42
 70
     1
102
RTVSPropertyOp43
 70
     1
102
RTVSPropertyOp44
 70
     1
102
RTVSPropertyOp45
 70
     1
102
RTVSPropertyOp46
 70
     1
102
RTVSPropertyOp47
 70
     1
102
RTVSPropertyOp48
 70
     1
102
RTVSPropertyOp49
 70
     1
102
RTVSPropertyOp50
 70
     1
102
RTVSPropertyOp51
 70
     0
102
RTVSPropertyOp52
 70
     0
102
RTVSPropertyOp53
 70
     1
102
RTVSPropertyOp54
 70
     1
102
RTVSPropertyOp55
 70
     1
102
RTVSPropertyOp56
 70
     1
102
RTVSPropertyOp57
 70
     1
102
RTVSPropertyOp58
 70
     1
102
RTVSPropertyOp59
 70
     1
102
RTVSPropertyOp60
 70
     1
102
RTVSPropertyOp61
 70
     1
102
RTVSPropertyOp62
 70
     1
  0
XRECORD
  5
5D9
102
{ACAD_REACTORS
330
5D8
102
}
330
5D8
100
AcDbXrecord
280
     1
102
RTVSPost2010Prop28
280
     0
102
RTVSPost2010PropOp28
 70
     1
102
RTVSPost2010Prop29
280
     1
102
RTVSPost2010PropOp29
 70
     1
102
RTVSPost2010Prop30
280
     1
102
RTVSPost2010PropOp30
 70
     1
102
RTVSPost2010Prop31
280
     0
102
RTVSPost2010PropOp31
 70
     1
102
RTVSPost2010Prop32
280
     0
102
RTVSPost2010PropOp32
 70
     1
102
RTVSPost2010Prop33
280
     0
102
RTVSPost2010PropOp33
 70
     1
102
RTVSPost2010Prop34
280
     0
102
RTVSPost2010PropOp34
 70
     1
102
RTVSPost2010Prop35
280
     0
102
RTVSPost2010PropOp35
 70
     1
102
RTVSPost2010Prop36
280
     0
102
RTVSPost2010PropOp36
 70
     1
102
RTVSPost2010Prop37
 90
       50
102
RTVSPost2010PropOp37
 70
     1
102
RTVSPost2010Prop38
140
0.0
102
RTVSPost2010PropOp38
 70
     1
102
RTVSPost2010Prop39
140
1.0
102
RTVSPost2010PropOp39
 70
     1
102
RTVSPost2010Prop40
 90
        0
102
RTVSPost2010PropOp40
 70
     1
102
RTVSPost2010Prop41ColorIndex
 90
       18
102
RTVSPost2010Prop41ColorRGB
 90
        0
102
RTVSPost2010PropOp41
 70
     1
102
RTVSPost2010Prop42
 90
       50
102
RTVSPost2010PropOp42
 70
     1
102
RTVSPost2010Prop43
 90
        3
102
RTVSPost2010PropOp43
 70
     1
102
RTVSPost2010Prop44ColorIndex
 90
        5
102
RTVSPost2010Prop44ColorRGB
 90
      255
102
RTVSPost2010PropOp44
 70
     1
102
RTVSPost2010Prop45
280
     0
102
RTVSPost2010PropOp45
 70
     1
102
RTVSPost2010Prop46
 90
       50
102
RTVSPost2010PropOp46
 70
     1
102
RTVSPost2010Prop47
 90
       50
102
RTVSPost2010PropOp47
 70
     1
102
RTVSPost2010Prop48
 90
       50
102
RTVSPost2010PropOp48
 70
     1
102
RTVSPost2010Prop49
280
     0
102
RTVSPost2010PropOp49
 70
     1
102
RTVSPost2010Prop50
 90
       50
102
RTVSPost2010PropOp50
 70
     1
102
RTVSPost2010Prop51ColorIndex
 90
      256
102
RTVSPost2010Prop51ColorRGB
 90
-16777216
102
RTVSPost2010PropOp51
 70
     0
102
RTVSPost2010Prop52
140
1.0
102
RTVSPost2010PropOp52
 70
     0
102
RTVSPost2010Prop53
 90
        2
102
RTVSPost2010PropOp53
 70
     1
102
RTVSPost2010Prop54
  1
strokes_ogs.tif
102
RTVSPost2010PropOp54
 70
     1
102
RTVSPost2010Prop55
280
     0
102
RTVSPost2010PropOp55
 70
     1
102
RTVSPost2010Prop56
140
1.0
102
RTVSPost2010PropOp56
 70
     1
102
RTVSPost2010Prop57
140
1.0
102
RTVSPost2010PropOp57
 70
     1
102
RTVSPropertyOp0
 70
     1
102
RTVSPropertyOp1
 70
     1
102
RTVSPropertyOp2
 70
     1
102
RTVSPropertyOp3
 70
     1
102
RTVSPropertyOp4
 70
     1
102
RTVSPropertyOp5
 70
     1
102
RTVSPropertyOp6
 70
     1
102
RTVSPropertyOp7
 70
     1
102
RTVSPropertyOp8
 70
     1
102
RTVSPropertyOp9
 70
     1
102
RTVSPropertyOp10
 70
     1
102
RTVSPropertyOp11
 70
     1
102
RTVSPropertyOp12
 70
     1
102
RTVSPropertyOp13
 70
     1
102
RTVSPropertyOp14
 70
     1
102
RTVSPropertyOp15
 70
     1
102
RTVSPropertyOp16
 70
     1
102
RTVSPropertyOp17
 70
     1
102
RTVSPropertyOp18
 70
     1
102
RTVSPropertyOp19
 70
     1
102
RTVSPropertyOp20
 70
     1
102
RTVSPropertyOp21
 70
     1
102
RTVSPropertyOp22
 70
     1
102
RTVSPropertyOp23
 70
     1
102
RTVSPropertyOp24
 70
     1
102
RTVSPropertyOp25
 70
     1
102
RTVSPropertyOp26
 70
     1
102
RTVSPropertyOp27
 70
     1
102
RTVSPropertyOp28
 70
     1
102
RTVSPropertyOp29
 70
     1
102
RTVSPropertyOp30
 70
     1
102
RTVSPropertyOp31
 70
     1
102
RTVSPropertyOp32
 70
     1
102
RTVSPropertyOp33
 70
     1
102
RTVSPropertyOp34
 70
     1
102
RTVSPropertyOp35
 70
     1
102
RTVSPropertyOp36
 70
     1
102
RTVSPropertyOp37
 70
     1
102
RTVSPropertyOp38
 70
     1
102
RTVSPropertyOp39
 70
     1
102
RTVSPropertyOp40
 70
     1
102
RTVSPropertyOp41
 70
     1
102
RTVSPropertyOp42
 70
     1
102
RTVSPropertyOp43
 70
     1
102
RTVSPropertyOp44
 70
     1
102
RTVSPropertyOp45
 70
     1
102
RTVSPropertyOp46
 70
     1
102
RTVSPropertyOp47
 70
     1
102
RTVSPropertyOp48
 70
     1
102
RTVSPropertyOp49
 70
     1
102
RTVSPropertyOp50
 70
     1
102
RTVSPropertyOp51
 70
     0
102
RTVSPropertyOp52
 70
     0
102
RTVSPropertyOp53
 70
     1
102
RTVSPropertyOp54
 70
     1
102
RTVSPropertyOp55
 70
     1
102
RTVSPropertyOp56
 70
     1
102
RTVSPropertyOp57
 70
     1
102
RTVSPropertyOp58
 70
     1
102
RTVSPropertyOp59
 70
     1
102
RTVSPropertyOp60
 70
     1
102
RTVSPropertyOp61
 70
     1
102
RTVSPropertyOp62
 70
     1
  0
XRECORD
  5
5E1
102
{ACAD_REACTORS
330
5E0
102
}
330
5E0
100
AcDbXrecord
280
     1
102
RTVSPost2010Prop28
280
     0
102
RTVSPost2010PropOp28
 70
     1
102
RTVSPost2010Prop29
280
     1
102
RTVSPost2010PropOp29
 70
     1
102
RTVSPost2010Prop30
280
     1
102
RTVSPost2010PropOp30
 70
     1
102
RTVSPost2010Prop31
280
     0
102
RTVSPost2010PropOp31
 70
     1
102
RTVSPost2010Prop32
280
     0
102
RTVSPost2010PropOp32
 70
     1
102
RTVSPost2010Prop33
280
     0
102
RTVSPost2010PropOp33
 70
     1
102
RTVSPost2010Prop34
280
     0
102
RTVSPost2010PropOp34
 70
     1
102
RTVSPost2010Prop35
280
     0
102
RTVSPost2010PropOp35
 70
     1
102
RTVSPost2010Prop36
280
     0
102
RTVSPost2010PropOp36
 70
     1
102
RTVSPost2010Prop37
 90
       50
102
RTVSPost2010PropOp37
 70
     1
102
RTVSPost2010Prop38
140
0.0
102
RTVSPost2010PropOp38
 70
     1
102
RTVSPost2010Prop39
140
1.0
102
RTVSPost2010PropOp39
 70
     1
102
RTVSPost2010Prop40
 90
        0
102
RTVSPost2010PropOp40
 70
     1
102
RTVSPost2010Prop41ColorIndex
 90
       18
102
RTVSPost2010Prop41ColorRGB
 90
        0
102
RTVSPost2010PropOp41
 70
     1
102
RTVSPost2010Prop42
 90
       50
102
RTVSPost2010PropOp42
 70
     1
102
RTVSPost2010Prop43
 90
        3
102
RTVSPost2010PropOp43
 70
     1
102
RTVSPost2010Prop44ColorIndex
 90
        5
102
RTVSPost2010Prop44ColorRGB
 90
      255
102
RTVSPost2010PropOp44
 70
     1
102
RTVSPost2010Prop45
280
     0
102
RTVSPost2010PropOp45
 70
     1
102
RTVSPost2010Prop46
 90
       50
102
RTVSPost2010PropOp46
 70
     1
102
RTVSPost2010Prop47
 90
       50
102
RTVSPost2010PropOp47
 70
     1
102
RTVSPost2010Prop48
 90
       50
102
RTVSPost2010PropOp48
 70
     1
102
RTVSPost2010Prop49
280
     0
102
RTVSPost2010PropOp49
 70
     1
102
RTVSPost2010Prop50
 90
       50
102
RTVSPost2010PropOp50
 70
     1
102
RTVSPost2010Prop51ColorIndex
 90
      256
102
RTVSPost2010Prop51ColorRGB
 90
-16777216
102
RTVSPost2010PropOp51
 70
     0
102
RTVSPost2010Prop52
140
1.0
102
RTVSPost2010PropOp52
 70
     0
102
RTVSPost2010Prop53
 90
        2
102
RTVSPost2010PropOp53
 70
     1
102
RTVSPost2010Prop54
  1
strokes_ogs.tif
102
RTVSPost2010PropOp54
 70
     1
102
RTVSPost2010Prop55
280
     0
102
RTVSPost2010PropOp55
 70
     1
102
RTVSPost2010Prop56
140
1.0
102
RTVSPost2010PropOp56
 70
     1
102
RTVSPost2010Prop57
140
1.0
102
RTVSPost2010PropOp57
 70
     1
102
RTVSPropertyOp0
 70
     1
102
RTVSPropertyOp1
 70
     1
102
RTVSPropertyOp2
 70
     1
102
RTVSPropertyOp3
 70
     1
102
RTVSPropertyOp4
 70
     1
102
RTVSPropertyOp5
 70
     1
102
RTVSPropertyOp6
 70
     1
102
RTVSPropertyOp7
 70
     1
102
RTVSPropertyOp8
 70
     1
102
RTVSPropertyOp9
 70
     1
102
RTVSPropertyOp10
 70
     1
102
RTVSPropertyOp11
 70
     1
102
RTVSPropertyOp12
 70
     1
102
RTVSPropertyOp13
 70
     1
102
RTVSPropertyOp14
 70
     1
102
RTVSPropertyOp15
 70
     1
102
RTVSPropertyOp16
 70
     1
102
RTVSPropertyOp17
 70
     1
102
RTVSPropertyOp18
 70
     1
102
RTVSPropertyOp19
 70
     1
102
RTVSPropertyOp20
 70
     1
102
RTVSPropertyOp21
 70
     1
102
RTVSPropertyOp22
 70
     1
102
RTVSPropertyOp23
 70
     1
102
RTVSPropertyOp24
 70
     1
102
RTVSPropertyOp25
 70
     1
102
RTVSPropertyOp26
 70
     1
102
RTVSPropertyOp27
 70
     1
102
RTVSPropertyOp28
 70
     1
102
RTVSPropertyOp29
 70
     1
102
RTVSPropertyOp30
 70
     1
102
RTVSPropertyOp31
 70
     1
102
RTVSPropertyOp32
 70
     1
102
RTVSPropertyOp33
 70
     1
102
RTVSPropertyOp34
 70
     1
102
RTVSPropertyOp35
 70
     1
102
RTVSPropertyOp36
 70
     1
102
RTVSPropertyOp37
 70
     1
102
RTVSPropertyOp38
 70
     1
102
RTVSPropertyOp39
 70
     1
102
RTVSPropertyOp40
 70
     1
102
RTVSPropertyOp41
 70
     1
102
RTVSPropertyOp42
 70
     1
102
RTVSPropertyOp43
 70
     1
102
RTVSPropertyOp44
 70
     1
102
RTVSPropertyOp45
 70
     1
102
RTVSPropertyOp46
 70
     1
102
RTVSPropertyOp47
 70
     1
102
RTVSPropertyOp48
 70
     1
102
RTVSPropertyOp49
 70
     1
102
RTVSPropertyOp50
 70
     1
102
RTVSPropertyOp51
 70
     0
102
RTVSPropertyOp52
 70
     0
102
RTVSPropertyOp53
 70
     1
102
RTVSPropertyOp54
 70
     1
102
RTVSPropertyOp55
 70
     1
102
RTVSPropertyOp56
 70
     1
102
RTVSPropertyOp57
 70
     1
102
RTVSPropertyOp58
 70
     1
102
RTVSPropertyOp59
 70
     1
102
RTVSPropertyOp60
 70
     1
102
RTVSPropertyOp61
 70
     1
102
RTVSPropertyOp62
 70
     1
  0
XRECORD
  5
5F3
102
{ACAD_REACTORS
330
5F2
102
}
330
5F2
100
AcDbXrecord
280
     1
102
RTVSPost2010Prop28
280
     0
102
RTVSPost2010PropOp28
 70
     1
102
RTVSPost2010Prop29
280
     1
102
RTVSPost2010PropOp29
 70
     1
102
RTVSPost2010Prop30
280
     1
102
RTVSPost2010PropOp30
 70
     1
102
RTVSPost2010Prop31
280
     0
102
RTVSPost2010PropOp31
 70
     1
102
RTVSPost2010Prop32
280
     0
102
RTVSPost2010PropOp32
 70
     1
102
RTVSPost2010Prop33
280
     0
102
RTVSPost2010PropOp33
 70
     1
102
RTVSPost2010Prop34
280
     0
102
RTVSPost2010PropOp34
 70
     1
102
RTVSPost2010Prop35
280
     0
102
RTVSPost2010PropOp35
 70
     1
102
RTVSPost2010Prop36
280
     0
102
RTVSPost2010PropOp36
 70
     1
102
RTVSPost2010Prop37
 90
       50
102
RTVSPost2010PropOp37
 70
     1
102
RTVSPost2010Prop38
140
0.0
102
RTVSPost2010PropOp38
 70
     1
102
RTVSPost2010Prop39
140
1.0
102
RTVSPost2010PropOp39
 70
     1
102
RTVSPost2010Prop40
 90
        0
102
RTVSPost2010PropOp40
 70
     1
102
RTVSPost2010Prop41ColorIndex
 90
       18
102
RTVSPost2010Prop41ColorRGB
 90
        0
102
RTVSPost2010PropOp41
 70
     1
102
RTVSPost2010Prop42
 90
       50
102
RTVSPost2010PropOp42
 70
     1
102
RTVSPost2010Prop43
 90
        3
102
RTVSPost2010PropOp43
 70
     1
102
RTVSPost2010Prop44ColorIndex
 90
        5
102
RTVSPost2010Prop44ColorRGB
 90
      255
102
RTVSPost2010PropOp44
 70
     1
102
RTVSPost2010Prop45
280
     0
102
RTVSPost2010PropOp45
 70
     1
102
RTVSPost2010Prop46
 90
       50
102
RTVSPost2010PropOp46
 70
     1
102
RTVSPost2010Prop47
 90
       50
102
RTVSPost2010PropOp47
 70
     1
102
RTVSPost2010Prop48
 90
       50
102
RTVSPost2010PropOp48
 70
     1
102
RTVSPost2010Prop49
280
     0
102
RTVSPost2010PropOp49
 70
     1
102
RTVSPost2010Prop50
 90
       50
102
RTVSPost2010PropOp50
 70
     1
102
RTVSPost2010Prop51ColorIndex
 90
      256
102
RTVSPost2010Prop51ColorRGB
 90
-16777216
102
RTVSPost2010PropOp51
 70
     0
102
RTVSPost2010Prop52
140
1.0
102
RTVSPost2010PropOp52
 70
     0
102
RTVSPost2010Prop53
 90
        2
102
RTVSPost2010PropOp53
 70
     1
102
RTVSPost2010Prop54
  1
strokes_ogs.tif
102
RTVSPost2010PropOp54
 70
     1
102
RTVSPost2010Prop55
280
     0
102
RTVSPost2010PropOp55
 70
     1
102
RTVSPost2010Prop56
140
1.0
102
RTVSPost2010PropOp56
 70
     1
102
RTVSPost2010Prop57
140
1.0
102
RTVSPost2010PropOp57
 70
     1
102
RTVSPropertyOp0
 70
     0
102
RTVSPropertyOp1
 70
     0
102
RTVSPropertyOp2
 70
     0
102
RTVSPropertyOp3
 70
     0
102
RTVSPropertyOp4
 70
     0
102
RTVSPropertyOp5
 70
     0
102
RTVSPropertyOp6
 70
     0
102
RTVSPropertyOp7
 70
     0
102
RTVSPropertyOp8
 70
     0
102
RTVSPropertyOp9
 70
     0
102
RTVSPropertyOp10
 70
     0
102
RTVSPropertyOp11
 70
     0
102
RTVSPropertyOp12
 70
     0
102
RTVSPropertyOp13
 70
     0
102
RTVSPropertyOp14
 70
     2
102
RTVSPropertyOp15
 70
     0
102
RTVSPropertyOp16
 70
     0
102
RTVSPropertyOp17
 70
     0
102
RTVSPropertyOp18
 70
     0
102
RTVSPropertyOp19
 70
     0
102
RTVSPropertyOp20
 70
     0
102
RTVSPropertyOp21
 70
     0
102
RTVSPropertyOp22
 70
     0
102
RTVSPropertyOp23
 70
     0
102
RTVSPropertyOp24
 70
     0
102
RTVSPropertyOp25
 70
     0
102
RTVSPropertyOp26
 70
     0
102
RTVSPropertyOp27
 70
     0
102
RTVSPropertyOp28
 70
     1
102
RTVSPropertyOp29
 70
     1
102
RTVSPropertyOp30
 70
     1
102
RTVSPropertyOp31
 70
     1
102
RTVSPropertyOp32
 70
     1
102
RTVSPropertyOp33
 70
     1
102
RTVSPropertyOp34
 70
     1
102
RTVSPropertyOp35
 70
     1
102
RTVSPropertyOp36
 70
     1
102
RTVSPropertyOp37
 70
     1
102
RTVSPropertyOp38
 70
     1
102
RTVSPropertyOp39
 70
     1
102
RTVSPropertyOp40
 70
     1
102
RTVSPropertyOp41
 70
     1
102
RTVSPropertyOp42
 70
     1
102
RTVSPropertyOp43
 70
     1
102
RTVSPropertyOp44
 70
     1
102
RTVSPropertyOp45
 70
     1
102
RTVSPropertyOp46
 70
     1
102
RTVSPropertyOp47
 70
     1
102
RTVSPropertyOp48
 70
     1
102
RTVSPropertyOp49
 70
     1
102
RTVSPropertyOp50
 70
     1
102
RTVSPropertyOp51
 70
     0
102
RTVSPropertyOp52
 70
     0
102
RTVSPropertyOp53
 70
     1
102
RTVSPropertyOp54
 70
     1
102
RTVSPropertyOp55
 70
     1
102
RTVSPropertyOp56
 70
     1
102
RTVSPropertyOp57
 70
     1
102
RTVSPropertyOp58
 70
     1
102
RTVSPropertyOp59
 70
     1
102
RTVSPropertyOp60
 70
     1
102
RTVSPropertyOp61
 70
     1
102
RTVSPropertyOp62
 70
     1
  0
XRECORD
  5
5ED
102
{ACAD_REACTORS
330
5EC
102
}
330
5EC
100
AcDbXrecord
280
     1
102
RTVSPost2010Prop28
280
     0
102
RTVSPost2010PropOp28
 70
     1
102
RTVSPost2010Prop29
280
     1
102
RTVSPost2010PropOp29
 70
     1
102
RTVSPost2010Prop30
280
     1
102
RTVSPost2010PropOp30
 70
     1
102
RTVSPost2010Prop31
280
     0
102
RTVSPost2010PropOp31
 70
     1
102
RTVSPost2010Prop32
280
     0
102
RTVSPost2010PropOp32
 70
     1
102
RTVSPost2010Prop33
280
     0
102
RTVSPost2010PropOp33
 70
     1
102
RTVSPost2010Prop34
280
     0
102
RTVSPost2010PropOp34
 70
     1
102
RTVSPost2010Prop35
280
     0
102
RTVSPost2010PropOp35
 70
     1
102
RTVSPost2010Prop36
280
     0
102
RTVSPost2010PropOp36
 70
     1
102
RTVSPost2010Prop37
 90
       50
102
RTVSPost2010PropOp37
 70
     1
102
RTVSPost2010Prop38
140
0.0
102
RTVSPost2010PropOp38
 70
     1
102
RTVSPost2010Prop39
140
1.0
102
RTVSPost2010PropOp39
 70
     1
102
RTVSPost2010Prop40
 90
        0
102
RTVSPost2010PropOp40
 70
     1
102
RTVSPost2010Prop41ColorIndex
 90
       18
102
RTVSPost2010Prop41ColorRGB
 90
        0
102
RTVSPost2010PropOp41
 70
     1
102
RTVSPost2010Prop42
 90
       50
102
RTVSPost2010PropOp42
 70
     1
102
RTVSPost2010Prop43
 90
        3
102
RTVSPost2010PropOp43
 70
     1
102
RTVSPost2010Prop44ColorIndex
 90
        5
102
RTVSPost2010Prop44ColorRGB
 90
      255
102
RTVSPost2010PropOp44
 70
     1
102
RTVSPost2010Prop45
280
     0
102
RTVSPost2010PropOp45
 70
     1
102
RTVSPost2010Prop46
 90
       50
102
RTVSPost2010PropOp46
 70
     1
102
RTVSPost2010Prop47
 90
       50
102
RTVSPost2010PropOp47
 70
     1
102
RTVSPost2010Prop48
 90
       50
102
RTVSPost2010PropOp48
 70
     1
102
RTVSPost2010Prop49
280
     0
102
RTVSPost2010PropOp49
 70
     1
102
RTVSPost2010Prop50
 90
       50
102
RTVSPost2010PropOp50
 70
     1
102
RTVSPost2010Prop51ColorIndex
 90
      256
102
RTVSPost2010Prop51ColorRGB
 90
-16777216
102
RTVSPost2010PropOp51
 70
     0
102
RTVSPost2010Prop52
140
1.0
102
RTVSPost2010PropOp52
 70
     0
102
RTVSPost2010Prop53
 90
        2
102
RTVSPost2010PropOp53
 70
     1
102
RTVSPost2010Prop54
  1
strokes_ogs.tif
102
RTVSPost2010PropOp54
 70
     1
102
RTVSPost2010Prop55
280
     0
102
RTVSPost2010PropOp55
 70
     1
102
RTVSPost2010Prop56
140
1.0
102
RTVSPost2010PropOp56
 70
     1
102
RTVSPost2010Prop57
140
1.0
102
RTVSPost2010PropOp57
 70
     1
102
RTVSPropertyOp0
 70
     1
102
RTVSPropertyOp1
 70
     1
102
RTVSPropertyOp2
 70
     1
102
RTVSPropertyOp3
 70
     1
102
RTVSPropertyOp4
 70
     1
102
RTVSPropertyOp5
 70
     1
102
RTVSPropertyOp6
 70
     1
102
RTVSPropertyOp7
 70
     1
102
RTVSPropertyOp8
 70
     1
102
RTVSPropertyOp9
 70
     1
102
RTVSPropertyOp10
 70
     1
102
RTVSPropertyOp11
 70
     1
102
RTVSPropertyOp12
 70
     1
102
RTVSPropertyOp13
 70
     1
102
RTVSPropertyOp14
 70
     1
102
RTVSPropertyOp15
 70
     1
102
RTVSPropertyOp16
 70
     1
102
RTVSPropertyOp17
 70
     1
102
RTVSPropertyOp18
 70
     1
102
RTVSPropertyOp19
 70
     1
102
RTVSPropertyOp20
 70
     1
102
RTVSPropertyOp21
 70
     1
102
RTVSPropertyOp22
 70
     1
102
RTVSPropertyOp23
 70
     1
102
RTVSPropertyOp24
 70
     1
102
RTVSPropertyOp25
 70
     1
102
RTVSPropertyOp26
 70
     1
102
RTVSPropertyOp27
 70
     1
102
RTVSPropertyOp28
 70
     1
102
RTVSPropertyOp29
 70
     1
102
RTVSPropertyOp30
 70
     1
102
RTVSPropertyOp31
 70
     1
102
RTVSPropertyOp32
 70
     1
102
RTVSPropertyOp33
 70
     1
102
RTVSPropertyOp34
 70
     1
102
RTVSPropertyOp35
 70
     1
102
RTVSPropertyOp36
 70
     1
102
RTVSPropertyOp37
 70
     1
102
RTVSPropertyOp38
 70
     1
102
RTVSPropertyOp39
 70
     1
102
RTVSPropertyOp40
 70
     1
102
RTVSPropertyOp41
 70
     1
102
RTVSPropertyOp42
 70
     1
102
RTVSPropertyOp43
 70
     1
102
RTVSPropertyOp44
 70
     1
102
RTVSPropertyOp45
 70
     1
102
RTVSPropertyOp46
 70
     1
102
RTVSPropertyOp47
 70
     1
102
RTVSPropertyOp48
 70
     1
102
RTVSPropertyOp49
 70
     1
102
RTVSPropertyOp50
 70
     1
102
RTVSPropertyOp51
 70
     0
102
RTVSPropertyOp52
 70
     0
102
RTVSPropertyOp53
 70
     1
102
RTVSPropertyOp54
 70
     1
102
RTVSPropertyOp55
 70
     1
102
RTVSPropertyOp56
 70
     1
102
RTVSPropertyOp57
 70
     1
102
RTVSPropertyOp58
 70
     1
102
RTVSPropertyOp59
 70
     1
102
RTVSPropertyOp60
 70
     1
102
RTVSPropertyOp61
 70
     1
102
RTVSPropertyOp62
 70
     1
  0
XRECORD
  5
5F5
102
{ACAD_REACTORS
330
5F4
102
}
330
5F4
100
AcDbXrecord
280
     1
102
RTVSPost2010Prop28
280
     0
102
RTVSPost2010PropOp28
 70
     1
102
RTVSPost2010Prop29
280
     1
102
RTVSPost2010PropOp29
 70
     1
102
RTVSPost2010Prop30
280
     1
102
RTVSPost2010PropOp30
 70
     1
102
RTVSPost2010Prop31
280
     0
102
RTVSPost2010PropOp31
 70
     1
102
RTVSPost2010Prop32
280
     0
102
RTVSPost2010PropOp32
 70
     1
102
RTVSPost2010Prop33
280
     0
102
RTVSPost2010PropOp33
 70
     1
102
RTVSPost2010Prop34
280
     0
102
RTVSPost2010PropOp34
 70
     1
102
RTVSPost2010Prop35
280
     0
102
RTVSPost2010PropOp35
 70
     1
102
RTVSPost2010Prop36
280
     0
102
RTVSPost2010PropOp36
 70
     1
102
RTVSPost2010Prop37
 90
       50
102
RTVSPost2010PropOp37
 70
     1
102
RTVSPost2010Prop38
140
0.0
102
RTVSPost2010PropOp38
 70
     1
102
RTVSPost2010Prop39
140
1.0
102
RTVSPost2010PropOp39
 70
     1
102
RTVSPost2010Prop40
 90
        0
102
RTVSPost2010PropOp40
 70
     1
102
RTVSPost2010Prop41ColorIndex
 90
       18
102
RTVSPost2010Prop41ColorRGB
 90
        0
102
RTVSPost2010PropOp41
 70
     1
102
RTVSPost2010Prop42
 90
       50
102
RTVSPost2010PropOp42
 70
     1
102
RTVSPost2010Prop43
 90
        3
102
RTVSPost2010PropOp43
 70
     1
102
RTVSPost2010Prop44ColorIndex
 90
        5
102
RTVSPost2010Prop44ColorRGB
 90
      255
102
RTVSPost2010PropOp44
 70
     1
102
RTVSPost2010Prop45
280
     0
102
RTVSPost2010PropOp45
 70
     1
102
RTVSPost2010Prop46
 90
       50
102
RTVSPost2010PropOp46
 70
     1
102
RTVSPost2010Prop47
 90
       50
102
RTVSPost2010PropOp47
 70
     1
102
RTVSPost2010Prop48
 90
       50
102
RTVSPost2010PropOp48
 70
     1
102
RTVSPost2010Prop49
280
     0
102
RTVSPost2010PropOp49
 70
     1
102
RTVSPost2010Prop50
 90
       50
102
RTVSPost2010PropOp50
 70
     1
102
RTVSPost2010Prop51ColorIndex
 90
      256
102
RTVSPost2010Prop51ColorRGB
 90
-16777216
102
RTVSPost2010PropOp51
 70
     0
102
RTVSPost2010Prop52
140
1.0
102
RTVSPost2010PropOp52
 70
     0
102
RTVSPost2010Prop53
 90
        2
102
RTVSPost2010PropOp53
 70
     1
102
RTVSPost2010Prop54
  1
strokes_ogs.tif
102
RTVSPost2010PropOp54
 70
     1
102
RTVSPost2010Prop55
280
     0
102
RTVSPost2010PropOp55
 70
     1
102
RTVSPost2010Prop56
140
1.0
102
RTVSPost2010PropOp56
 70
     1
102
RTVSPost2010Prop57
140
1.0
102
RTVSPost2010PropOp57
 70
     1
102
RTVSPropertyOp0
 70
     0
102
RTVSPropertyOp1
 70
     0
102
RTVSPropertyOp2
 70
     0
102
RTVSPropertyOp3
 70
     0
102
RTVSPropertyOp4
 70
     0
102
RTVSPropertyOp5
 70
     0
102
RTVSPropertyOp6
 70
     0
102
RTVSPropertyOp7
 70
     0
102
RTVSPropertyOp8
 70
     0
102
RTVSPropertyOp9
 70
     0
102
RTVSPropertyOp10
 70
     0
102
RTVSPropertyOp11
 70
     0
102
RTVSPropertyOp12
 70
     0
102
RTVSPropertyOp13
 70
     0
102
RTVSPropertyOp14
 70
     2
102
RTVSPropertyOp15
 70
     0
102
RTVSPropertyOp16
 70
     0
102
RTVSPropertyOp17
 70
     0
102
RTVSPropertyOp18
 70
     0
102
RTVSPropertyOp19
 70
     0
102
RTVSPropertyOp20
 70
     0
102
RTVSPropertyOp21
 70
     0
102
RTVSPropertyOp22
 70
     0
102
RTVSPropertyOp23
 70
     0
102
RTVSPropertyOp24
 70
     0
102
RTVSPropertyOp25
 70
     0
102
RTVSPropertyOp26
 70
     0
102
RTVSPropertyOp27
 70
     0
102
RTVSPropertyOp28
 70
     1
102
RTVSPropertyOp29
 70
     1
102
RTVSPropertyOp30
 70
     1
102
RTVSPropertyOp31
 70
     1
102
RTVSPropertyOp32
 70
     1
102
RTVSPropertyOp33
 70
     1
102
RTVSPropertyOp34
 70
     1
102
RTVSPropertyOp35
 70
     1
102
RTVSPropertyOp36
 70
     1
102
RTVSPropertyOp37
 70
     1
102
RTVSPropertyOp38
 70
     1
102
RTVSPropertyOp39
 70
     1
102
RTVSPropertyOp40
 70
     1
102
RTVSPropertyOp41
 70
     1
102
RTVSPropertyOp42
 70
     1
102
RTVSPropertyOp43
 70
     1
102
RTVSPropertyOp44
 70
     1
102
RTVSPropertyOp45
 70
     1
102
RTVSPropertyOp46
 70
     1
102
RTVSPropertyOp47
 70
     1
102
RTVSPropertyOp48
 70
     1
102
RTVSPropertyOp49
 70
     1
102
RTVSPropertyOp50
 70
     1
102
RTVSPropertyOp51
 70
     0
102
RTVSPropertyOp52
 70
     0
102
RTVSPropertyOp53
 70
     1
102
RTVSPropertyOp54
 70
     1
102
RTVSPropertyOp55
 70
     1
102
RTVSPropertyOp56
 70
     1
102
RTVSPropertyOp57
 70
     1
102
RTVSPropertyOp58
 70
     1
102
RTVSPropertyOp59
 70
     1
102
RTVSPropertyOp60
 70
     1
102
RTVSPropertyOp61
 70
     1
102
RTVSPropertyOp62
 70
     1
  0
XRECORD
  5
5E5
102
{ACAD_REACTORS
330
5E4
102
}
330
5E4
100
AcDbXrecord
280
     1
102
RTVSPost2010Prop28
280
     0
102
RTVSPost2010PropOp28
 70
     1
102
RTVSPost2010Prop29
280
     1
102
RTVSPost2010PropOp29
 70
     1
102
RTVSPost2010Prop30
280
     1
102
RTVSPost2010PropOp30
 70
     1
102
RTVSPost2010Prop31
280
     0
102
RTVSPost2010PropOp31
 70
     1
102
RTVSPost2010Prop32
280
     0
102
RTVSPost2010PropOp32
 70
     1
102
RTVSPost2010Prop33
280
     0
102
RTVSPost2010PropOp33
 70
     1
102
RTVSPost2010Prop34
280
     0
102
RTVSPost2010PropOp34
 70
     1
102
RTVSPost2010Prop35
280
     0
102
RTVSPost2010PropOp35
 70
     1
102
RTVSPost2010Prop36
280
     0
102
RTVSPost2010PropOp36
 70
     1
102
RTVSPost2010Prop37
 90
       50
102
RTVSPost2010PropOp37
 70
     1
102
RTVSPost2010Prop38
140
0.0
102
RTVSPost2010PropOp38
 70
     1
102
RTVSPost2010Prop39
140
1.0
102
RTVSPost2010PropOp39
 70
     1
102
RTVSPost2010Prop40
 90
        0
102
RTVSPost2010PropOp40
 70
     1
102
RTVSPost2010Prop41ColorIndex
 90
       18
102
RTVSPost2010Prop41ColorRGB
 90
        0
102
RTVSPost2010PropOp41
 70
     1
102
RTVSPost2010Prop42
 90
       50
102
RTVSPost2010PropOp42
 70
     1
102
RTVSPost2010Prop43
 90
        3
102
RTVSPost2010PropOp43
 70
     1
102
RTVSPost2010Prop44ColorIndex
 90
        5
102
RTVSPost2010Prop44ColorRGB
 90
      255
102
RTVSPost2010PropOp44
 70
     1
102
RTVSPost2010Prop45
280
     0
102
RTVSPost2010PropOp45
 70
     1
102
RTVSPost2010Prop46
 90
       50
102
RTVSPost2010PropOp46
 70
     1
102
RTVSPost2010Prop47
 90
       50
102
RTVSPost2010PropOp47
 70
     1
102
RTVSPost2010Prop48
 90
       50
102
RTVSPost2010PropOp48
 70
     1
102
RTVSPost2010Prop49
280
     0
102
RTVSPost2010PropOp49
 70
     1
102
RTVSPost2010Prop50
 90
       50
102
RTVSPost2010PropOp50
 70
     1
102
RTVSPost2010Prop51ColorIndex
 90
      256
102
RTVSPost2010Prop51ColorRGB
 90
-16777216
102
RTVSPost2010PropOp51
 70
     0
102
RTVSPost2010Prop52
140
1.0
102
RTVSPost2010PropOp52
 70
     0
102
RTVSPost2010Prop53
 90
        2
102
RTVSPost2010PropOp53
 70
     1
102
RTVSPost2010Prop54
  1
strokes_ogs.tif
102
RTVSPost2010PropOp54
 70
     1
102
RTVSPost2010Prop55
280
     0
102
RTVSPost2010PropOp55
 70
     1
102
RTVSPost2010Prop56
140
1.0
102
RTVSPost2010PropOp56
 70
     1
102
RTVSPost2010Prop57
140
1.0
102
RTVSPost2010PropOp57
 70
     1
102
RTVSPropertyOp0
 70
     1
102
RTVSPropertyOp1
 70
     1
102
RTVSPropertyOp2
 70
     1
102
RTVSPropertyOp3
 70
     1
102
RTVSPropertyOp4
 70
     1
102
RTVSPropertyOp5
 70
     1
102
RTVSPropertyOp6
 70
     1
102
RTVSPropertyOp7
 70
     1
102
RTVSPropertyOp8
 70
     1
102
RTVSPropertyOp9
 70
     1
102
RTVSPropertyOp10
 70
     1
102
RTVSPropertyOp11
 70
     1
102
RTVSPropertyOp12
 70
     1
102
RTVSPropertyOp13
 70
     1
102
RTVSPropertyOp14
 70
     1
102
RTVSPropertyOp15
 70
     1
102
RTVSPropertyOp16
 70
     1
102
RTVSPropertyOp17
 70
     1
102
RTVSPropertyOp18
 70
     1
102
RTVSPropertyOp19
 70
     1
102
RTVSPropertyOp20
 70
     1
102
RTVSPropertyOp21
 70
     1
102
RTVSPropertyOp22
 70
     1
102
RTVSPropertyOp23
 70
     1
102
RTVSPropertyOp24
 70
     1
102
RTVSPropertyOp25
 70
     1
102
RTVSPropertyOp26
 70
     1
102
RTVSPropertyOp27
 70
     1
102
RTVSPropertyOp28
 70
     1
102
RTVSPropertyOp29
 70
     1
102
RTVSPropertyOp30
 70
     1
102
RTVSPropertyOp31
 70
     1
102
RTVSPropertyOp32
 70
     1
102
RTVSPropertyOp33
 70
     1
102
RTVSPropertyOp34
 70
     1
102
RTVSPropertyOp35
 70
     1
102
RTVSPropertyOp36
 70
     1
102
RTVSPropertyOp37
 70
     1
102
RTVSPropertyOp38
 70
     1
102
RTVSPropertyOp39
 70
     1
102
RTVSPropertyOp40
 70
     1
102
RTVSPropertyOp41
 70
     1
102
RTVSPropertyOp42
 70
     1
102
RTVSPropertyOp43
 70
     1
102
RTVSPropertyOp44
 70
     1
102
RTVSPropertyOp45
 70
     1
102
RTVSPropertyOp46
 70
     1
102
RTVSPropertyOp47
 70
     1
102
RTVSPropertyOp48
 70
     1
102
RTVSPropertyOp49
 70
     1
102
RTVSPropertyOp50
 70
     1
102
RTVSPropertyOp51
 70
     0
102
RTVSPropertyOp52
 70
     0
102
RTVSPropertyOp53
 70
     1
102
RTVSPropertyOp54
 70
     1
102
RTVSPropertyOp55
 70
     1
102
RTVSPropertyOp56
 70
     1
102
RTVSPropertyOp57
 70
     1
102
RTVSPropertyOp58
 70
     1
102
RTVSPropertyOp59
 70
     1
102
RTVSPropertyOp60
 70
     1
102
RTVSPropertyOp61
 70
     1
102
RTVSPropertyOp62
 70
     1
  0
XRECORD
  5
601
102
{ACAD_REACTORS
330
600
102
}
330
600
100
AcDbXrecord
280
     1
102
RTVSPost2010Prop28
280
     0
102
RTVSPost2010PropOp28
 70
     1
102
RTVSPost2010Prop29
280
     1
102
RTVSPost2010PropOp29
 70
     1
102
RTVSPost2010Prop30
280
     1
102
RTVSPost2010PropOp30
 70
     1
102
RTVSPost2010Prop31
280
     0
102
RTVSPost2010PropOp31
 70
     1
102
RTVSPost2010Prop32
280
     0
102
RTVSPost2010PropOp32
 70
     1
102
RTVSPost2010Prop33
280
     0
102
RTVSPost2010PropOp33
 70
     1
102
RTVSPost2010Prop34
280
     0
102
RTVSPost2010PropOp34
 70
     1
102
RTVSPost2010Prop35
280
     0
102
RTVSPost2010PropOp35
 70
     1
102
RTVSPost2010Prop36
280
     0
102
RTVSPost2010PropOp36
 70
     1
102
RTVSPost2010Prop37
 90
       50
102
RTVSPost2010PropOp37
 70
     1
102
RTVSPost2010Prop38
140
0.0
102
RTVSPost2010PropOp38
 70
     1
102
RTVSPost2010Prop39
140
1.0
102
RTVSPost2010PropOp39
 70
     1
102
RTVSPost2010Prop40
 90
        0
102
RTVSPost2010PropOp40
 70
     1
102
RTVSPost2010Prop41ColorIndex
 90
       18
102
RTVSPost2010Prop41ColorRGB
 90
        0
102
RTVSPost2010PropOp41
 70
     1
102
RTVSPost2010Prop42
 90
       50
102
RTVSPost2010PropOp42
 70
     1
102
RTVSPost2010Prop43
 90
        3
102
RTVSPost2010PropOp43
 70
     1
102
RTVSPost2010Prop44ColorIndex
 90
        5
102
RTVSPost2010Prop44ColorRGB
 90
      255
102
RTVSPost2010PropOp44
 70
     1
102
RTVSPost2010Prop45
280
     0
102
RTVSPost2010PropOp45
 70
     1
102
RTVSPost2010Prop46
 90
       50
102
RTVSPost2010PropOp46
 70
     1
102
RTVSPost2010Prop47
 90
       50
102
RTVSPost2010PropOp47
 70
     1
102
RTVSPost2010Prop48
 90
       50
102
RTVSPost2010PropOp48
 70
     1
102
RTVSPost2010Prop49
280
     0
102
RTVSPost2010PropOp49
 70
     1
102
RTVSPost2010Prop50
 90
       50
102
RTVSPost2010PropOp50
 70
     1
102
RTVSPost2010Prop51ColorIndex
 90
      256
102
RTVSPost2010Prop51ColorRGB
 90
-16777216
102
RTVSPost2010PropOp51
 70
     0
102
RTVSPost2010Prop52
140
1.0
102
RTVSPost2010PropOp52
 70
     0
102
RTVSPost2010Prop53
 90
        2
102
RTVSPost2010PropOp53
 70
     1
102
RTVSPost2010Prop54
  1
strokes_ogs.tif
102
RTVSPost2010PropOp54
 70
     1
102
RTVSPost2010Prop55
280
     0
102
RTVSPost2010PropOp55
 70
     1
102
RTVSPost2010Prop56
140
1.0
102
RTVSPost2010PropOp56
 70
     1
102
RTVSPost2010Prop57
140
1.0
102
RTVSPost2010PropOp57
 70
     1
102
RTVSPropertyOp0
 70
     1
102
RTVSPropertyOp1
 70
     1
102
RTVSPropertyOp2
 70
     1
102
RTVSPropertyOp3
 70
     1
102
RTVSPropertyOp4
 70
     1
102
RTVSPropertyOp5
 70
     1
102
RTVSPropertyOp6
 70
     1
102
RTVSPropertyOp7
 70
     1
102
RTVSPropertyOp8
 70
     1
102
RTVSPropertyOp9
 70
     1
102
RTVSPropertyOp10
 70
     1
102
RTVSPropertyOp11
 70
     1
102
RTVSPropertyOp12
 70
     1
102
RTVSPropertyOp13
 70
     1
102
RTVSPropertyOp14
 70
     1
102
RTVSPropertyOp15
 70
     1
102
RTVSPropertyOp16
 70
     1
102
RTVSPropertyOp17
 70
     1
102
RTVSPropertyOp18
 70
     1
102
RTVSPropertyOp19
 70
     1
102
RTVSPropertyOp20
 70
     1
102
RTVSPropertyOp21
 70
     1
102
RTVSPropertyOp22
 70
     1
102
RTVSPropertyOp23
 70
     1
102
RTVSPropertyOp24
 70
     1
102
RTVSPropertyOp25
 70
     1
102
RTVSPropertyOp26
 70
     1
102
RTVSPropertyOp27
 70
     1
102
RTVSPropertyOp28
 70
     1
102
RTVSPropertyOp29
 70
     1
102
RTVSPropertyOp30
 70
     1
102
RTVSPropertyOp31
 70
     1
102
RTVSPropertyOp32
 70
     1
102
RTVSPropertyOp33
 70
     1
102
RTVSPropertyOp34
 70
     1
102
RTVSPropertyOp35
 70
     1
102
RTVSPropertyOp36
 70
     1
102
RTVSPropertyOp37
 70
     1
102
RTVSPropertyOp38
 70
     1
102
RTVSPropertyOp39
 70
     1
102
RTVSPropertyOp40
 70
     1
102
RTVSPropertyOp41
 70
     1
102
RTVSPropertyOp42
 70
     1
102
RTVSPropertyOp43
 70
     1
102
RTVSPropertyOp44
 70
     1
102
RTVSPropertyOp45
 70
     1
102
RTVSPropertyOp46
 70
     1
102
RTVSPropertyOp47
 70
     1
102
RTVSPropertyOp48
 70
     1
102
RTVSPropertyOp49
 70
     1
102
RTVSPropertyOp50
 70
     1
102
RTVSPropertyOp51
 70
     0
102
RTVSPropertyOp52
 70
     0
102
RTVSPropertyOp53
 70
     1
102
RTVSPropertyOp54
 70
     1
102
RTVSPropertyOp55
 70
     1
102
RTVSPropertyOp56
 70
     1
102
RTVSPropertyOp57
 70
     1
102
RTVSPropertyOp58
 70
     1
102
RTVSPropertyOp59
 70
     1
102
RTVSPropertyOp60
 70
     1
102
RTVSPropertyOp61
 70
     1
102
RTVSPropertyOp62
 70
     1
  0
XRECORD
  5
5FF
102
{ACAD_REACTORS
330
5FE
102
}
330
5FE
100
AcDbXrecord
280
     1
102
RTVSPost2010Prop28
280
     0
102
RTVSPost2010PropOp28
 70
     1
102
RTVSPost2010Prop29
280
     1
102
RTVSPost2010PropOp29
 70
     1
102
RTVSPost2010Prop30
280
     1
102
RTVSPost2010PropOp30
 70
     1
102
RTVSPost2010Prop31
280
     0
102
RTVSPost2010PropOp31
 70
     1
102
RTVSPost2010Prop32
280
     0
102
RTVSPost2010PropOp32
 70
     1
102
RTVSPost2010Prop33
280
     0
102
RTVSPost2010PropOp33
 70
     1
102
RTVSPost2010Prop34
280
     0
102
RTVSPost2010PropOp34
 70
     1
102
RTVSPost2010Prop35
280
     0
102
RTVSPost2010PropOp35
 70
     1
102
RTVSPost2010Prop36
280
     0
102
RTVSPost2010PropOp36
 70
     1
102
RTVSPost2010Prop37
 90
       50
102
RTVSPost2010PropOp37
 70
     1
102
RTVSPost2010Prop38
140
0.0
102
RTVSPost2010PropOp38
 70
     1
102
RTVSPost2010Prop39
140
1.0
102
RTVSPost2010PropOp39
 70
     1
102
RTVSPost2010Prop40
 90
        0
102
RTVSPost2010PropOp40
 70
     1
102
RTVSPost2010Prop41ColorIndex
 90
       18
102
RTVSPost2010Prop41ColorRGB
 90
        0
102
RTVSPost2010PropOp41
 70
     1
102
RTVSPost2010Prop42
 90
       50
102
RTVSPost2010PropOp42
 70
     1
102
RTVSPost2010Prop43
 90
        3
102
RTVSPost2010PropOp43
 70
     1
102
RTVSPost2010Prop44ColorIndex
 90
        5
102
RTVSPost2010Prop44ColorRGB
 90
      255
102
RTVSPost2010PropOp44
 70
     1
102
RTVSPost2010Prop45
280
     0
102
RTVSPost2010PropOp45
 70
     1
102
RTVSPost2010Prop46
 90
       50
102
RTVSPost2010PropOp46
 70
     1
102
RTVSPost2010Prop47
 90
       50
102
RTVSPost2010PropOp47
 70
     1
102
RTVSPost2010Prop48
 90
       50
102
RTVSPost2010PropOp48
 70
     1
102
RTVSPost2010Prop49
280
     0
102
RTVSPost2010PropOp49
 70
     1
102
RTVSPost2010Prop50
 90
       50
102
RTVSPost2010PropOp50
 70
     1
102
RTVSPost2010Prop51ColorIndex
 90
      256
102
RTVSPost2010Prop51ColorRGB
 90
-16777216
102
RTVSPost2010PropOp51
 70
     0
102
RTVSPost2010Prop52
140
1.0
102
RTVSPost2010PropOp52
 70
     0
102
RTVSPost2010Prop53
 90
        2
102
RTVSPost2010PropOp53
 70
     1
102
RTVSPost2010Prop54
  1
strokes_ogs.tif
102
RTVSPost2010PropOp54
 70
     1
102
RTVSPost2010Prop55
280
     0
102
RTVSPost2010PropOp55
 70
     1
102
RTVSPost2010Prop56
140
1.0
102
RTVSPost2010PropOp56
 70
     1
102
RTVSPost2010Prop57
140
1.0
102
RTVSPost2010PropOp57
 70
     1
102
RTVSPropertyOp0
 70
     1
102
RTVSPropertyOp1
 70
     1
102
RTVSPropertyOp2
 70
     1
102
RTVSPropertyOp3
 70
     1
102
RTVSPropertyOp4
 70
     1
102
RTVSPropertyOp5
 70
     1
102
RTVSPropertyOp6
 70
     1
102
RTVSPropertyOp7
 70
     1
102
RTVSPropertyOp8
 70
     1
102
RTVSPropertyOp9
 70
     1
102
RTVSPropertyOp10
 70
     1
102
RTVSPropertyOp11
 70
     1
102
RTVSPropertyOp12
 70
     1
102
RTVSPropertyOp13
 70
     1
102
RTVSPropertyOp14
 70
     1
102
RTVSPropertyOp15
 70
     1
102
RTVSPropertyOp16
 70
     1
102
RTVSPropertyOp17
 70
     1
102
RTVSPropertyOp18
 70
     1
102
RTVSPropertyOp19
 70
     1
102
RTVSPropertyOp20
 70
     1
102
RTVSPropertyOp21
 70
     1
102
RTVSPropertyOp22
 70
     1
102
RTVSPropertyOp23
 70
     1
102
RTVSPropertyOp24
 70
     1
102
RTVSPropertyOp25
 70
     1
102
RTVSPropertyOp26
 70
     1
102
RTVSPropertyOp27
 70
     1
102
RTVSPropertyOp28
 70
     1
102
RTVSPropertyOp29
 70
     1
102
RTVSPropertyOp30
 70
     1
102
RTVSPropertyOp31
 70
     1
102
RTVSPropertyOp32
 70
     1
102
RTVSPropertyOp33
 70
     1
102
RTVSPropertyOp34
 70
     1
102
RTVSPropertyOp35
 70
     1
102
RTVSPropertyOp36
 70
     1
102
RTVSPropertyOp37
 70
     1
102
RTVSPropertyOp38
 70
     1
102
RTVSPropertyOp39
 70
     1
102
RTVSPropertyOp40
 70
     1
102
RTVSPropertyOp41
 70
     1
102
RTVSPropertyOp42
 70
     1
102
RTVSPropertyOp43
 70
     1
102
RTVSPropertyOp44
 70
     1
102
RTVSPropertyOp45
 70
     1
102
RTVSPropertyOp46
 70
     1
102
RTVSPropertyOp47
 70
     1
102
RTVSPropertyOp48
 70
     1
102
RTVSPropertyOp49
 70
     1
102
RTVSPropertyOp50
 70
     1
102
RTVSPropertyOp51
 70
     0
102
RTVSPropertyOp52
 70
     0
102
RTVSPropertyOp53
 70
     1
102
RTVSPropertyOp54
 70
     1
102
RTVSPropertyOp55
 70
     1
102
RTVSPropertyOp56
 70
     1
102
RTVSPropertyOp57
 70
     1
102
RTVSPropertyOp58
 70
     1
102
RTVSPropertyOp59
 70
     1
102
RTVSPropertyOp60
 70
     1
102
RTVSPropertyOp61
 70
     1
102
RTVSPropertyOp62
 70
     1
  0
XRECORD
  5
5F9
102
{ACAD_REACTORS
330
5F8
102
}
330
5F8
100
AcDbXrecord
280
     1
102
RTVSPost2010Prop28
280
     0
102
RTVSPost2010PropOp28
 70
     1
102
RTVSPost2010Prop29
280
     1
102
RTVSPost2010PropOp29
 70
     1
102
RTVSPost2010Prop30
280
     1
102
RTVSPost2010PropOp30
 70
     1
102
RTVSPost2010Prop31
280
     0
102
RTVSPost2010PropOp31
 70
     1
102
RTVSPost2010Prop32
280
     0
102
RTVSPost2010PropOp32
 70
     1
102
RTVSPost2010Prop33
280
     0
102
RTVSPost2010PropOp33
 70
     1
102
RTVSPost2010Prop34
280
     0
102
RTVSPost2010PropOp34
 70
     1
102
RTVSPost2010Prop35
280
     0
102
RTVSPost2010PropOp35
 70
     1
102
RTVSPost2010Prop36
280
     0
102
RTVSPost2010PropOp36
 70
     1
102
RTVSPost2010Prop37
 90
       50
102
RTVSPost2010PropOp37
 70
     1
102
RTVSPost2010Prop38
140
0.0
102
RTVSPost2010PropOp38
 70
     1
102
RTVSPost2010Prop39
140
1.0
102
RTVSPost2010PropOp39
 70
     1
102
RTVSPost2010Prop40
 90
        0
102
RTVSPost2010PropOp40
 70
     1
102
RTVSPost2010Prop41ColorIndex
 90
       18
102
RTVSPost2010Prop41ColorRGB
 90
        0
102
RTVSPost2010PropOp41
 70
     1
102
RTVSPost2010Prop42
 90
       50
102
RTVSPost2010PropOp42
 70
     1
102
RTVSPost2010Prop43
 90
        3
102
RTVSPost2010PropOp43
 70
     1
102
RTVSPost2010Prop44ColorIndex
 90
        5
102
RTVSPost2010Prop44ColorRGB
 90
      255
102
RTVSPost2010PropOp44
 70
     1
102
RTVSPost2010Prop45
280
     0
102
RTVSPost2010PropOp45
 70
     1
102
RTVSPost2010Prop46
 90
       50
102
RTVSPost2010PropOp46
 70
     1
102
RTVSPost2010Prop47
 90
       50
102
RTVSPost2010PropOp47
 70
     1
102
RTVSPost2010Prop48
 90
       50
102
RTVSPost2010PropOp48
 70
     1
102
RTVSPost2010Prop49
280
     0
102
RTVSPost2010PropOp49
 70
     1
102
RTVSPost2010Prop50
 90
       50
102
RTVSPost2010PropOp50
 70
     1
102
RTVSPost2010Prop51ColorIndex
 90
      256
102
RTVSPost2010Prop51ColorRGB
 90
-16777216
102
RTVSPost2010PropOp51
 70
     0
102
RTVSPost2010Prop52
140
1.0
102
RTVSPost2010PropOp52
 70
     0
102
RTVSPost2010Prop53
 90
        2
102
RTVSPost2010PropOp53
 70
     1
102
RTVSPost2010Prop54
  1
strokes_ogs.tif
102
RTVSPost2010PropOp54
 70
     1
102
RTVSPost2010Prop55
280
     0
102
RTVSPost2010PropOp55
 70
     1
102
RTVSPost2010Prop56
140
1.0
102
RTVSPost2010PropOp56
 70
     1
102
RTVSPost2010Prop57
140
1.0
102
RTVSPost2010PropOp57
 70
     1
102
RTVSPropertyOp0
 70
     1
102
RTVSPropertyOp1
 70
     1
102
RTVSPropertyOp2
 70
     1
102
RTVSPropertyOp3
 70
     1
102
RTVSPropertyOp4
 70
     1
102
RTVSPropertyOp5
 70
     1
102
RTVSPropertyOp6
 70
     1
102
RTVSPropertyOp7
 70
     1
102
RTVSPropertyOp8
 70
     1
102
RTVSPropertyOp9
 70
     1
102
RTVSPropertyOp10
 70
     1
102
RTVSPropertyOp11
 70
     1
102
RTVSPropertyOp12
 70
     1
102
RTVSPropertyOp13
 70
     1
102
RTVSPropertyOp14
 70
     1
102
RTVSPropertyOp15
 70
     1
102
RTVSPropertyOp16
 70
     1
102
RTVSPropertyOp17
 70
     1
102
RTVSPropertyOp18
 70
     1
102
RTVSPropertyOp19
 70
     1
102
RTVSPropertyOp20
 70
     1
102
RTVSPropertyOp21
 70
     1
102
RTVSPropertyOp22
 70
     1
102
RTVSPropertyOp23
 70
     1
102
RTVSPropertyOp24
 70
     1
102
RTVSPropertyOp25
 70
     1
102
RTVSPropertyOp26
 70
     1
102
RTVSPropertyOp27
 70
     1
102
RTVSPropertyOp28
 70
     1
102
RTVSPropertyOp29
 70
     1
102
RTVSPropertyOp30
 70
     1
102
RTVSPropertyOp31
 70
     1
102
RTVSPropertyOp32
 70
     1
102
RTVSPropertyOp33
 70
     1
102
RTVSPropertyOp34
 70
     1
102
RTVSPropertyOp35
 70
     1
102
RTVSPropertyOp36
 70
     1
102
RTVSPropertyOp37
 70
     1
102
RTVSPropertyOp38
 70
     1
102
RTVSPropertyOp39
 70
     1
102
RTVSPropertyOp40
 70
     1
102
RTVSPropertyOp41
 70
     1
102
RTVSPropertyOp42
 70
     1
102
RTVSPropertyOp43
 70
     1
102
RTVSPropertyOp44
 70
     1
102
RTVSPropertyOp45
 70
     1
102
RTVSPropertyOp46
 70
     1
102
RTVSPropertyOp47
 70
     1
102
RTVSPropertyOp48
 70
     1
102
RTVSPropertyOp49
 70
     1
102
RTVSPropertyOp50
 70
     1
102
RTVSPropertyOp51
 70
     0
102
RTVSPropertyOp52
 70
     0
102
RTVSPropertyOp53
 70
     1
102
RTVSPropertyOp54
 70
     1
102
RTVSPropertyOp55
 70
     1
102
RTVSPropertyOp56
 70
     1
102
RTVSPropertyOp57
 70
     1
102
RTVSPropertyOp58
 70
     1
102
RTVSPropertyOp59
 70
     1
102
RTVSPropertyOp60
 70
     1
102
RTVSPropertyOp61
 70
     1
102
RTVSPropertyOp62
 70
     1
  0
XRECORD
  5
5FB
102
{ACAD_REACTORS
330
5FA
102
}
330
5FA
100
AcDbXrecord
280
     1
102
RTVSPost2010Prop28
280
     0
102
RTVSPost2010PropOp28
 70
     1
102
RTVSPost2010Prop29
280
     1
102
RTVSPost2010PropOp29
 70
     1
102
RTVSPost2010Prop30
280
     1
102
RTVSPost2010PropOp30
 70
     1
102
RTVSPost2010Prop31
280
     0
102
RTVSPost2010PropOp31
 70
     1
102
RTVSPost2010Prop32
280
     0
102
RTVSPost2010PropOp32
 70
     1
102
RTVSPost2010Prop33
280
     0
102
RTVSPost2010PropOp33
 70
     1
102
RTVSPost2010Prop34
280
     0
102
RTVSPost2010PropOp34
 70
     1
102
RTVSPost2010Prop35
280
     0
102
RTVSPost2010PropOp35
 70
     1
102
RTVSPost2010Prop36
280
     0
102
RTVSPost2010PropOp36
 70
     1
102
RTVSPost2010Prop37
 90
       50
102
RTVSPost2010PropOp37
 70
     1
102
RTVSPost2010Prop38
140
0.0
102
RTVSPost2010PropOp38
 70
     1
102
RTVSPost2010Prop39
140
1.0
102
RTVSPost2010PropOp39
 70
     1
102
RTVSPost2010Prop40
 90
        0
102
RTVSPost2010PropOp40
 70
     1
102
RTVSPost2010Prop41ColorIndex
 90
       18
102
RTVSPost2010Prop41ColorRGB
 90
        0
102
RTVSPost2010PropOp41
 70
     1
102
RTVSPost2010Prop42
 90
       50
102
RTVSPost2010PropOp42
 70
     1
102
RTVSPost2010Prop43
 90
        3
102
RTVSPost2010PropOp43
 70
     1
102
RTVSPost2010Prop44ColorIndex
 90
        5
102
RTVSPost2010Prop44ColorRGB
 90
      255
102
RTVSPost2010PropOp44
 70
     1
102
RTVSPost2010Prop45
280
     0
102
RTVSPost2010PropOp45
 70
     1
102
RTVSPost2010Prop46
 90
       50
102
RTVSPost2010PropOp46
 70
     1
102
RTVSPost2010Prop47
 90
       50
102
RTVSPost2010PropOp47
 70
     1
102
RTVSPost2010Prop48
 90
       50
102
RTVSPost2010PropOp48
 70
     1
102
RTVSPost2010Prop49
280
     0
102
RTVSPost2010PropOp49
 70
     1
102
RTVSPost2010Prop50
 90
       50
102
RTVSPost2010PropOp50
 70
     1
102
RTVSPost2010Prop51ColorIndex
 90
      256
102
RTVSPost2010Prop51ColorRGB
 90
-16777216
102
RTVSPost2010PropOp51
 70
     0
102
RTVSPost2010Prop52
140
1.0
102
RTVSPost2010PropOp52
 70
     0
102
RTVSPost2010Prop53
 90
        2
102
RTVSPost2010PropOp53
 70
     1
102
RTVSPost2010Prop54
  1
strokes_ogs.tif
102
RTVSPost2010PropOp54
 70
     1
102
RTVSPost2010Prop55
280
     0
102
RTVSPost2010PropOp55
 70
     1
102
RTVSPost2010Prop56
140
1.0
102
RTVSPost2010PropOp56
 70
     1
102
RTVSPost2010Prop57
140
1.0
102
RTVSPost2010PropOp57
 70
     1
102
RTVSPropertyOp0
 70
     1
102
RTVSPropertyOp1
 70
     1
102
RTVSPropertyOp2
 70
     1
102
RTVSPropertyOp3
 70
     1
102
RTVSPropertyOp4
 70
     1
102
RTVSPropertyOp5
 70
     1
102
RTVSPropertyOp6
 70
     1
102
RTVSPropertyOp7
 70
     1
102
RTVSPropertyOp8
 70
     1
102
RTVSPropertyOp9
 70
     1
102
RTVSPropertyOp10
 70
     1
102
RTVSPropertyOp11
 70
     1
102
RTVSPropertyOp12
 70
     1
102
RTVSPropertyOp13
 70
     1
102
RTVSPropertyOp14
 70
     1
102
RTVSPropertyOp15
 70
     1
102
RTVSPropertyOp16
 70
     1
102
RTVSPropertyOp17
 70
     1
102
RTVSPropertyOp18
 70
     1
102
RTVSPropertyOp19
 70
     1
102
RTVSPropertyOp20
 70
     1
102
RTVSPropertyOp21
 70
     1
102
RTVSPropertyOp22
 70
     1
102
RTVSPropertyOp23
 70
     1
102
RTVSPropertyOp24
 70
     1
102
RTVSPropertyOp25
 70
     1
102
RTVSPropertyOp26
 70
     1
102
RTVSPropertyOp27
 70
     1
102
RTVSPropertyOp28
 70
     1
102
RTVSPropertyOp29
 70
     1
102
RTVSPropertyOp30
 70
     1
102
RTVSPropertyOp31
 70
     1
102
RTVSPropertyOp32
 70
     1
102
RTVSPropertyOp33
 70
     1
102
RTVSPropertyOp34
 70
     1
102
RTVSPropertyOp35
 70
     1
102
RTVSPropertyOp36
 70
     1
102
RTVSPropertyOp37
 70
     1
102
RTVSPropertyOp38
 70
     1
102
RTVSPropertyOp39
 70
     1
102
RTVSPropertyOp40
 70
     1
102
RTVSPropertyOp41
 70
     1
102
RTVSPropertyOp42
 70
     1
102
RTVSPropertyOp43
 70
     1
102
RTVSPropertyOp44
 70
     1
102
RTVSPropertyOp45
 70
     1
102
RTVSPropertyOp46
 70
     1
102
RTVSPropertyOp47
 70
     1
102
RTVSPropertyOp48
 70
     1
102
RTVSPropertyOp49
 70
     1
102
RTVSPropertyOp50
 70
     1
102
RTVSPropertyOp51
 70
     0
102
RTVSPropertyOp52
 70
     0
102
RTVSPropertyOp53
 70
     1
102
RTVSPropertyOp54
 70
     1
102
RTVSPropertyOp55
 70
     1
102
RTVSPropertyOp56
 70
     1
102
RTVSPropertyOp57
 70
     1
102
RTVSPropertyOp58
 70
     1
102
RTVSPropertyOp59
 70
     1
102
RTVSPropertyOp60
 70
     1
102
RTVSPropertyOp61
 70
     1
102
RTVSPropertyOp62
 70
     1
  0
XRECORD
  5
5EB
102
{ACAD_REACTORS
330
5EA
102
}
330
5EA
100
AcDbXrecord
280
     1
102
RTVSPost2010Prop28
280
     0
102
RTVSPost2010PropOp28
 70
     1
102
RTVSPost2010Prop29
280
     1
102
RTVSPost2010PropOp29
 70
     1
102
RTVSPost2010Prop30
280
     1
102
RTVSPost2010PropOp30
 70
     1
102
RTVSPost2010Prop31
280
     0
102
RTVSPost2010PropOp31
 70
     1
102
RTVSPost2010Prop32
280
     0
102
RTVSPost2010PropOp32
 70
     1
102
RTVSPost2010Prop33
280
     0
102
RTVSPost2010PropOp33
 70
     1
102
RTVSPost2010Prop34
280
     0
102
RTVSPost2010PropOp34
 70
     1
102
RTVSPost2010Prop35
280
     0
102
RTVSPost2010PropOp35
 70
     1
102
RTVSPost2010Prop36
280
     0
102
RTVSPost2010PropOp36
 70
     1
102
RTVSPost2010Prop37
 90
       50
102
RTVSPost2010PropOp37
 70
     1
102
RTVSPost2010Prop38
140
0.0
102
RTVSPost2010PropOp38
 70
     1
102
RTVSPost2010Prop39
140
1.0
102
RTVSPost2010PropOp39
 70
     1
102
RTVSPost2010Prop40
 90
        0
102
RTVSPost2010PropOp40
 70
     1
102
RTVSPost2010Prop41ColorIndex
 90
       18
102
RTVSPost2010Prop41ColorRGB
 90
        0
102
RTVSPost2010PropOp41
 70
     1
102
RTVSPost2010Prop42
 90
       50
102
RTVSPost2010PropOp42
 70
     1
102
RTVSPost2010Prop43
 90
        3
102
RTVSPost2010PropOp43
 70
     1
102
RTVSPost2010Prop44ColorIndex
 90
        5
102
RTVSPost2010Prop44ColorRGB
 90
      255
102
RTVSPost2010PropOp44
 70
     1
102
RTVSPost2010Prop45
280
     0
102
RTVSPost2010PropOp45
 70
     1
102
RTVSPost2010Prop46
 90
       50
102
RTVSPost2010PropOp46
 70
     1
102
RTVSPost2010Prop47
 90
       50
102
RTVSPost2010PropOp47
 70
     1
102
RTVSPost2010Prop48
 90
       50
102
RTVSPost2010PropOp48
 70
     1
102
RTVSPost2010Prop49
280
     0
102
RTVSPost2010PropOp49
 70
     1
102
RTVSPost2010Prop50
 90
       50
102
RTVSPost2010PropOp50
 70
     1
102
RTVSPost2010Prop51ColorIndex
 90
      256
102
RTVSPost2010Prop51ColorRGB
 90
-16777216
102
RTVSPost2010PropOp51
 70
     0
102
RTVSPost2010Prop52
140
1.0
102
RTVSPost2010PropOp52
 70
     0
102
RTVSPost2010Prop53
 90
        2
102
RTVSPost2010PropOp53
 70
     1
102
RTVSPost2010Prop54
  1
strokes_ogs.tif
102
RTVSPost2010PropOp54
 70
     1
102
RTVSPost2010Prop55
280
     0
102
RTVSPost2010PropOp55
 70
     1
102
RTVSPost2010Prop56
140
1.0
102
RTVSPost2010PropOp56
 70
     1
102
RTVSPost2010Prop57
140
1.0
102
RTVSPost2010PropOp57
 70
     1
102
RTVSPropertyOp0
 70
     1
102
RTVSPropertyOp1
 70
     1
102
RTVSPropertyOp2
 70
     1
102
RTVSPropertyOp3
 70
     1
102
RTVSPropertyOp4
 70
     1
102
RTVSPropertyOp5
 70
     1
102
RTVSPropertyOp6
 70
     1
102
RTVSPropertyOp7
 70
     1
102
RTVSPropertyOp8
 70
     1
102
RTVSPropertyOp9
 70
     1
102
RTVSPropertyOp10
 70
     1
102
RTVSPropertyOp11
 70
     1
102
RTVSPropertyOp12
 70
     1
102
RTVSPropertyOp13
 70
     1
102
RTVSPropertyOp14
 70
     1
102
RTVSPropertyOp15
 70
     1
102
RTVSPropertyOp16
 70
     1
102
RTVSPropertyOp17
 70
     1
102
RTVSPropertyOp18
 70
     1
102
RTVSPropertyOp19
 70
     1
102
RTVSPropertyOp20
 70
     1
102
RTVSPropertyOp21
 70
     1
102
RTVSPropertyOp22
 70
     1
102
RTVSPropertyOp23
 70
     1
102
RTVSPropertyOp24
 70
     1
102
RTVSPropertyOp25
 70
     1
102
RTVSPropertyOp26
 70
     1
102
RTVSPropertyOp27
 70
     1
102
RTVSPropertyOp28
 70
     1
102
RTVSPropertyOp29
 70
     1
102
RTVSPropertyOp30
 70
     1
102
RTVSPropertyOp31
 70
     1
102
RTVSPropertyOp32
 70
     1
102
RTVSPropertyOp33
 70
     1
102
RTVSPropertyOp34
 70
     1
102
RTVSPropertyOp35
 70
     1
102
RTVSPropertyOp36
 70
     1
102
RTVSPropertyOp37
 70
     1
102
RTVSPropertyOp38
 70
     1
102
RTVSPropertyOp39
 70
     1
102
RTVSPropertyOp40
 70
     1
102
RTVSPropertyOp41
 70
     1
102
RTVSPropertyOp42
 70
     1
102
RTVSPropertyOp43
 70
     1
102
RTVSPropertyOp44
 70
     1
102
RTVSPropertyOp45
 70
     1
102
RTVSPropertyOp46
 70
     1
102
RTVSPropertyOp47
 70
     1
102
RTVSPropertyOp48
 70
     1
102
RTVSPropertyOp49
 70
     1
102
RTVSPropertyOp50
 70
     1
102
RTVSPropertyOp51
 70
     0
102
RTVSPropertyOp52
 70
     0
102
RTVSPropertyOp53
 70
     1
102
RTVSPropertyOp54
 70
     1
102
RTVSPropertyOp55
 70
     1
102
RTVSPropertyOp56
 70
     1
102
RTVSPropertyOp57
 70
     1
102
RTVSPropertyOp58
 70
     1
102
RTVSPropertyOp59
 70
     1
102
RTVSPropertyOp60
 70
     1
102
RTVSPropertyOp61
 70
     1
102
RTVSPropertyOp62
 70
     1
  0
XRECORD
  5
5DF
102
{ACAD_REACTORS
330
5DE
102
}
330
5DE
100
AcDbXrecord
280
     1
102
RTVSPost2010Prop28
280
     0
102
RTVSPost2010PropOp28
 70
     1
102
RTVSPost2010Prop29
280
     1
102
RTVSPost2010PropOp29
 70
     1
102
RTVSPost2010Prop30
280
     1
102
RTVSPost2010PropOp30
 70
     1
102
RTVSPost2010Prop31
280
     0
102
RTVSPost2010PropOp31
 70
     1
102
RTVSPost2010Prop32
280
     0
102
RTVSPost2010PropOp32
 70
     1
102
RTVSPost2010Prop33
280
     0
102
RTVSPost2010PropOp33
 70
     1
102
RTVSPost2010Prop34
280
     0
102
RTVSPost2010PropOp34
 70
     1
102
RTVSPost2010Prop35
280
     0
102
RTVSPost2010PropOp35
 70
     1
102
RTVSPost2010Prop36
280
     0
102
RTVSPost2010PropOp36
 70
     1
102
RTVSPost2010Prop37
 90
       50
102
RTVSPost2010PropOp37
 70
     1
102
RTVSPost2010Prop38
140
0.0
102
RTVSPost2010PropOp38
 70
     1
102
RTVSPost2010Prop39
140
1.0
102
RTVSPost2010PropOp39
 70
     1
102
RTVSPost2010Prop40
 90
        0
102
RTVSPost2010PropOp40
 70
     1
102
RTVSPost2010Prop41ColorIndex
 90
       18
102
RTVSPost2010Prop41ColorRGB
 90
        0
102
RTVSPost2010PropOp41
 70
     1
102
RTVSPost2010Prop42
 90
       50
102
RTVSPost2010PropOp42
 70
     1
102
RTVSPost2010Prop43
 90
        3
102
RTVSPost2010PropOp43
 70
     1
102
RTVSPost2010Prop44ColorIndex
 90
        5
102
RTVSPost2010Prop44ColorRGB
 90
      255
102
RTVSPost2010PropOp44
 70
     1
102
RTVSPost2010Prop45
280
     0
102
RTVSPost2010PropOp45
 70
     1
102
RTVSPost2010Prop46
 90
       50
102
RTVSPost2010PropOp46
 70
     1
102
RTVSPost2010Prop47
 90
       50
102
RTVSPost2010PropOp47
 70
     1
102
RTVSPost2010Prop48
 90
       50
102
RTVSPost2010PropOp48
 70
     1
102
RTVSPost2010Prop49
280
     0
102
RTVSPost2010PropOp49
 70
     1
102
RTVSPost2010Prop50
 90
       50
102
RTVSPost2010PropOp50
 70
     1
102
RTVSPost2010Prop51ColorIndex
 90
      256
102
RTVSPost2010Prop51ColorRGB
 90
-16777216
102
RTVSPost2010PropOp51
 70
     0
102
RTVSPost2010Prop52
140
1.0
102
RTVSPost2010PropOp52
 70
     0
102
RTVSPost2010Prop53
 90
        2
102
RTVSPost2010PropOp53
 70
     1
102
RTVSPost2010Prop54
  1
strokes_ogs.tif
102
RTVSPost2010PropOp54
 70
     1
102
RTVSPost2010Prop55
280
     0
102
RTVSPost2010PropOp55
 70
     1
102
RTVSPost2010Prop56
140
1.0
102
RTVSPost2010PropOp56
 70
     1
102
RTVSPost2010Prop57
140
1.0
102
RTVSPost2010PropOp57
 70
     1
102
RTVSPropertyOp0
 70
     1
102
RTVSPropertyOp1
 70
     1
102
RTVSPropertyOp2
 70
     1
102
RTVSPropertyOp3
 70
     1
102
RTVSPropertyOp4
 70
     1
102
RTVSPropertyOp5
 70
     1
102
RTVSPropertyOp6
 70
     1
102
RTVSPropertyOp7
 70
     1
102
RTVSPropertyOp8
 70
     1
102
RTVSPropertyOp9
 70
     1
102
RTVSPropertyOp10
 70
     1
102
RTVSPropertyOp11
 70
     1
102
RTVSPropertyOp12
 70
     1
102
RTVSPropertyOp13
 70
     1
102
RTVSPropertyOp14
 70
     1
102
RTVSPropertyOp15
 70
     1
102
RTVSPropertyOp16
 70
     1
102
RTVSPropertyOp17
 70
     1
102
RTVSPropertyOp18
 70
     1
102
RTVSPropertyOp19
 70
     1
102
RTVSPropertyOp20
 70
     1
102
RTVSPropertyOp21
 70
     1
102
RTVSPropertyOp22
 70
     1
102
RTVSPropertyOp23
 70
     1
102
RTVSPropertyOp24
 70
     1
102
RTVSPropertyOp25
 70
     1
102
RTVSPropertyOp26
 70
     1
102
RTVSPropertyOp27
 70
     1
102
RTVSPropertyOp28
 70
     1
102
RTVSPropertyOp29
 70
     1
102
RTVSPropertyOp30
 70
     1
102
RTVSPropertyOp31
 70
     1
102
RTVSPropertyOp32
 70
     1
102
RTVSPropertyOp33
 70
     1
102
RTVSPropertyOp34
 70
     1
102
RTVSPropertyOp35
 70
     1
102
RTVSPropertyOp36
 70
     1
102
RTVSPropertyOp37
 70
     1
102
RTVSPropertyOp38
 70
     1
102
RTVSPropertyOp39
 70
     1
102
RTVSPropertyOp40
 70
     1
102
RTVSPropertyOp41
 70
     1
102
RTVSPropertyOp42
 70
     1
102
RTVSPropertyOp43
 70
     1
102
RTVSPropertyOp44
 70
     1
102
RTVSPropertyOp45
 70
     1
102
RTVSPropertyOp46
 70
     1
102
RTVSPropertyOp47
 70
     1
102
RTVSPropertyOp48
 70
     1
102
RTVSPropertyOp49
 70
     1
102
RTVSPropertyOp50
 70
     1
102
RTVSPropertyOp51
 70
     0
102
RTVSPropertyOp52
 70
     0
102
RTVSPropertyOp53
 70
     1
102
RTVSPropertyOp54
 70
     1
102
RTVSPropertyOp55
 70
     1
102
RTVSPropertyOp56
 70
     1
102
RTVSPropertyOp57
 70
     1
102
RTVSPropertyOp58
 70
     1
102
RTVSPropertyOp59
 70
     1
102
RTVSPropertyOp60
 70
     1
102
RTVSPropertyOp61
 70
     1
102
RTVSPropertyOp62
 70
     1
  0
XRECORD
  5
5FD
102
{ACAD_REACTORS
330
5FC
102
}
330
5FC
100
AcDbXrecord
280
     1
102
RTVSPost2010Prop28
280
     0
102
RTVSPost2010PropOp28
 70
     1
102
RTVSPost2010Prop29
280
     1
102
RTVSPost2010PropOp29
 70
     1
102
RTVSPost2010Prop30
280
     1
102
RTVSPost2010PropOp30
 70
     1
102
RTVSPost2010Prop31
280
     0
102
RTVSPost2010PropOp31
 70
     1
102
RTVSPost2010Prop32
280
     0
102
RTVSPost2010PropOp32
 70
     1
102
RTVSPost2010Prop33
280
     0
102
RTVSPost2010PropOp33
 70
     1
102
RTVSPost2010Prop34
280
     0
102
RTVSPost2010PropOp34
 70
     1
102
RTVSPost2010Prop35
280
     0
102
RTVSPost2010PropOp35
 70
     1
102
RTVSPost2010Prop36
280
     0
102
RTVSPost2010PropOp36
 70
     1
102
RTVSPost2010Prop37
 90
       50
102
RTVSPost2010PropOp37
 70
     1
102
RTVSPost2010Prop38
140
0.0
102
RTVSPost2010PropOp38
 70
     1
102
RTVSPost2010Prop39
140
1.0
102
RTVSPost2010PropOp39
 70
     1
102
RTVSPost2010Prop40
 90
        0
102
RTVSPost2010PropOp40
 70
     1
102
RTVSPost2010Prop41ColorIndex
 90
       18
102
RTVSPost2010Prop41ColorRGB
 90
        0
102
RTVSPost2010PropOp41
 70
     1
102
RTVSPost2010Prop42
 90
       50
102
RTVSPost2010PropOp42
 70
     1
102
RTVSPost2010Prop43
 90
        3
102
RTVSPost2010PropOp43
 70
     1
102
RTVSPost2010Prop44ColorIndex
 90
        5
102
RTVSPost2010Prop44ColorRGB
 90
      255
102
RTVSPost2010PropOp44
 70
     1
102
RTVSPost2010Prop45
280
     0
102
RTVSPost2010PropOp45
 70
     1
102
RTVSPost2010Prop46
 90
       50
102
RTVSPost2010PropOp46
 70
     1
102
RTVSPost2010Prop47
 90
       50
102
RTVSPost2010PropOp47
 70
     1
102
RTVSPost2010Prop48
 90
       50
102
RTVSPost2010PropOp48
 70
     1
102
RTVSPost2010Prop49
280
     0
102
RTVSPost2010PropOp49
 70
     1
102
RTVSPost2010Prop50
 90
       50
102
RTVSPost2010PropOp50
 70
     1
102
RTVSPost2010Prop51ColorIndex
 90
      256
102
RTVSPost2010Prop51ColorRGB
 90
-16777216
102
RTVSPost2010PropOp51
 70
     0
102
RTVSPost2010Prop52
140
1.0
102
RTVSPost2010PropOp52
 70
     0
102
RTVSPost2010Prop53
 90
        2
102
RTVSPost2010PropOp53
 70
     1
102
RTVSPost2010Prop54
  1
strokes_ogs.tif
102
RTVSPost2010PropOp54
 70
     1
102
RTVSPost2010Prop55
280
     0
102
RTVSPost2010PropOp55
 70
     1
102
RTVSPost2010Prop56
140
1.0
102
RTVSPost2010PropOp56
 70
     1
102
RTVSPost2010Prop57
140
1.0
102
RTVSPost2010PropOp57
 70
     1
102
RTVSPropertyOp0
 70
     1
102
RTVSPropertyOp1
 70
     1
102
RTVSPropertyOp2
 70
     1
102
RTVSPropertyOp3
 70
     1
102
RTVSPropertyOp4
 70
     1
102
RTVSPropertyOp5
 70
     1
102
RTVSPropertyOp6
 70
     1
102
RTVSPropertyOp7
 70
     1
102
RTVSPropertyOp8
 70
     1
102
RTVSPropertyOp9
 70
     1
102
RTVSPropertyOp10
 70
     1
102
RTVSPropertyOp11
 70
     1
102
RTVSPropertyOp12
 70
     1
102
RTVSPropertyOp13
 70
     1
102
RTVSPropertyOp14
 70
     1
102
RTVSPropertyOp15
 70
     1
102
RTVSPropertyOp16
 70
     1
102
RTVSPropertyOp17
 70
     1
102
RTVSPropertyOp18
 70
     1
102
RTVSPropertyOp19
 70
     1
102
RTVSPropertyOp20
 70
     1
102
RTVSPropertyOp21
 70
     1
102
RTVSPropertyOp22
 70
     1
102
RTVSPropertyOp23
 70
     1
102
RTVSPropertyOp24
 70
     1
102
RTVSPropertyOp25
 70
     1
102
RTVSPropertyOp26
 70
     1
102
RTVSPropertyOp27
 70
     1
102
RTVSPropertyOp28
 70
     1
102
RTVSPropertyOp29
 70
     1
102
RTVSPropertyOp30
 70
     1
102
RTVSPropertyOp31
 70
     1
102
RTVSPropertyOp32
 70
     1
102
RTVSPropertyOp33
 70
     1
102
RTVSPropertyOp34
 70
     1
102
RTVSPropertyOp35
 70
     1
102
RTVSPropertyOp36
 70
     1
102
RTVSPropertyOp37
 70
     1
102
RTVSPropertyOp38
 70
     1
102
RTVSPropertyOp39
 70
     1
102
RTVSPropertyOp40
 70
     1
102
RTVSPropertyOp41
 70
     1
102
RTVSPropertyOp42
 70
     1
102
RTVSPropertyOp43
 70
     1
102
RTVSPropertyOp44
 70
     1
102
RTVSPropertyOp45
 70
     1
102
RTVSPropertyOp46
 70
     1
102
RTVSPropertyOp47
 70
     1
102
RTVSPropertyOp48
 70
     1
102
RTVSPropertyOp49
 70
     1
102
RTVSPropertyOp50
 70
     1
102
RTVSPropertyOp51
 70
     0
102
RTVSPropertyOp52
 70
     0
102
RTVSPropertyOp53
 70
     1
102
RTVSPropertyOp54
 70
     1
102
RTVSPropertyOp55
 70
     1
102
RTVSPropertyOp56
 70
     1
102
RTVSPropertyOp57
 70
     1
102
RTVSPropertyOp58
 70
     1
102
RTVSPropertyOp59
 70
     1
102
RTVSPropertyOp60
 70
     1
102
RTVSPropertyOp61
 70
     1
102
RTVSPropertyOp62
 70
     1
  0
ENDSEC
  0
EOF
